{
  "type": "FeatureCollection",
  "generator": "overpass-turbo",
  "copyright": "The data included in this document is from www.openstreetmap.org. The data is made available under ODbL.",
  "timestamp": "2026-08-11T05:20:20Z",
  "features": [
    {
      "type": "Feature",
      "properties": {
        "@id": "way/22906436",
        "addr:city": "Mumbai",
        "addr:postcode": "400071",
        "addr:suburb": "Chembur",
        "leisure": "park",
        "name": "Diamond Garden",
        "official_name": "Late D.B. Narayan Gajanan Acharya Udyan",
        "official_name:hi": "कै. दे.भ. नारायण गजानन आचार्य उद्यान",
        "opening_hours": "Mo-Su 06:00-13:00, 16:00-21:30",
        "@geometry": "center"
      },
      "geometry": {
        "type": "Point",
        "coordinates": [
          72.9004923,
          19.0531666
        ]
      },
      "id": "way/22906436"
    },
    {
      "type": "Feature",
      "properties": {
        "@id": "way/31144254",
        "addr:city": "Mumbai",
        "addr:place": "Bandra",
        "addr:postcode": "400050",
        "addr:street": "Naushad Ali Road",
        "leisure": "park",
        "name": "Joggers' Park",
        "@geometry": "center"
      },
      "geometry": {
        "type": "Point",
        "coordinates": [
          72.8213636,
          19.0594624
        ]
      },
      "id": "way/31144254"
    },
    {
      "type": "Feature",
      "properties": {
        "@id": "way/38718166",
        "leisure": "park",
        "name": "Joshi Ground",
        "@geometry": "center"
      },
      "geometry": {
        "type": "Point",
        "coordinates": [
          72.7957589,
          18.948306
        ]
      },
      "id": "way/38718166"
    },
    {
      "type": "Feature",
      "properties": {
        "@id": "way/38731826",
        "leisure": "park",
        "name": "Aditya Birla Park",
        "@geometry": "center"
      },
      "geometry": {
        "type": "Point",
        "coordinates": [
          72.7930645,
          18.9514565
        ]
      },
      "id": "way/38731826"
    },
    {
      "type": "Feature",
      "properties": {
        "@id": "way/38757942",
        "barrier": "gate",
        "description": "Park with jogging/walking tracks, tennis courts, gym/yoga studio, football field, children play area and running track.",
        "leisure": "park",
        "name": "Priyadarshini Park",
        "@geometry": "center"
      },
      "geometry": {
        "type": "Point",
        "coordinates": [
          72.7990559,
          18.9578763
        ]
      },
      "id": "way/38757942"
    },
    {
      "type": "Feature",
      "properties": {
        "@id": "way/38833383",
        "leisure": "park",
        "name": "Amarson's Park",
        "@geometry": "center"
      },
      "geometry": {
        "type": "Point",
        "coordinates": [
          72.8022065,
          18.9694989
        ]
      },
      "id": "way/38833383"
    },
    {
      "type": "Feature",
      "properties": {
        "@id": "way/38883141",
        "leisure": "park",
        "name": "Pherozeshah Mehta Gardens (Hanging Gardens)",
        "name:etymology:wikidata": "Q3634940",
        "opening_hours": "Mo-Su 05:00-21:00",
        "source": "Yahoo",
        "wikidata": "Q5647995",
        "wikimedia_commons": "Category:Hanging Gardens of Mumbai",
        "wikipedia": "en:Hanging Gardens of Mumbai",
        "@geometry": "center"
      },
      "geometry": {
        "type": "Point",
        "coordinates": [
          72.8048197,
          18.9566065
        ]
      },
      "id": "way/38883141"
    },
    {
      "type": "Feature",
      "properties": {
        "@id": "way/38913637",
        "leisure": "park",
        "name": "Lal Bahadur Shastri Udyan",
        "name:etymology:wikidata": "Q244689",
        "@geometry": "center"
      },
      "geometry": {
        "type": "Point",
        "coordinates": [
          72.8139877,
          18.9988803
        ]
      },
      "id": "way/38913637"
    },
    {
      "type": "Feature",
      "properties": {
        "@id": "way/39112636",
        "leisure": "park",
        "@geometry": "center"
      },
      "geometry": {
        "type": "Point",
        "coordinates": [
          72.8046603,
          18.9552329
        ]
      },
      "id": "way/39112636"
    },
    {
      "type": "Feature",
      "properties": {
        "@id": "way/39163544",
        "leisure": "garden",
        "name": "Shantivan Garden",
        "source": "GPS",
        "@geometry": "center"
      },
      "geometry": {
        "type": "Point",
        "coordinates": [
          72.8036742,
          18.9580265
        ]
      },
      "id": "way/39163544"
    },
    {
      "type": "Feature",
      "properties": {
        "@id": "way/39165551",
        "leisure": "garden",
        "@geometry": "center"
      },
      "geometry": {
        "type": "Point",
        "coordinates": [
          72.804542,
          18.9545532
        ]
      },
      "id": "way/39165551"
    },
    {
      "type": "Feature",
      "properties": {
        "@id": "way/39165552",
        "leisure": "garden",
        "@geometry": "center"
      },
      "geometry": {
        "type": "Point",
        "coordinates": [
          72.8051855,
          18.9548689
        ]
      },
      "id": "way/39165552"
    },
    {
      "type": "Feature",
      "properties": {
        "@id": "way/39170299",
        "access": "no",
        "leisure": "garden",
        "@geometry": "center"
      },
      "geometry": {
        "type": "Point",
        "coordinates": [
          72.7972573,
          18.9525564
        ]
      },
      "id": "way/39170299"
    },
    {
      "type": "Feature",
      "properties": {
        "@id": "way/39181022",
        "leisure": "park",
        "name": "Kamala Nehru Park",
        "name:etymology:wikidata": "Q3633365",
        "opening_hours": "05:00-21:00",
        "wikidata": "Q6355601",
        "wikipedia": "en:Kamala Nehru Park, Mumbai",
        "@geometry": "center"
      },
      "geometry": {
        "type": "Point",
        "coordinates": [
          72.8048767,
          18.95502
        ]
      },
      "id": "way/39181022"
    },
    {
      "type": "Feature",
      "properties": {
        "@id": "way/39223006",
        "access": "no",
        "leisure": "park",
        "@geometry": "center"
      },
      "geometry": {
        "type": "Point",
        "coordinates": [
          72.8013586,
          18.9578366
        ]
      },
      "id": "way/39223006"
    },
    {
      "type": "Feature",
      "properties": {
        "@id": "way/39223009",
        "access": "no",
        "leisure": "park",
        "@geometry": "center"
      },
      "geometry": {
        "type": "Point",
        "coordinates": [
          72.8031107,
          18.9577355
        ]
      },
      "id": "way/39223009"
    },
    {
      "type": "Feature",
      "properties": {
        "@id": "way/39229119",
        "leisure": "garden",
        "source": "Yahoo",
        "@geometry": "center"
      },
      "geometry": {
        "type": "Point",
        "coordinates": [
          72.7931706,
          18.9399315
        ]
      },
      "id": "way/39229119"
    },
    {
      "type": "Feature",
      "properties": {
        "@id": "way/39487489",
        "addr:city": "Mumbai",
        "addr:country": "IN",
        "addr:state": "Maharastra",
        "leisure": "park",
        "name": "Desai Park",
        "@geometry": "center"
      },
      "geometry": {
        "type": "Point",
        "coordinates": [
          72.8445727,
          19.0377645
        ]
      },
      "id": "way/39487489"
    },
    {
      "type": "Feature",
      "properties": {
        "@id": "way/39490158",
        "leisure": "park",
        "@geometry": "center"
      },
      "geometry": {
        "type": "Point",
        "coordinates": [
          72.8189437,
          19.0424621
        ]
      },
      "id": "way/39490158"
    },
    {
      "type": "Feature",
      "properties": {
        "@id": "way/39838821",
        "leisure": "park",
        "@geometry": "center"
      },
      "geometry": {
        "type": "Point",
        "coordinates": [
          72.8085845,
          18.9564137
        ]
      },
      "id": "way/39838821"
    },
    {
      "type": "Feature",
      "properties": {
        "@id": "way/40291467",
        "leisure": "park",
        "name": "CPRA Greens",
        "@geometry": "center"
      },
      "geometry": {
        "type": "Point",
        "coordinates": [
          72.8222886,
          18.9154218
        ]
      },
      "id": "way/40291467"
    },
    {
      "type": "Feature",
      "properties": {
        "@id": "way/40300452",
        "leisure": "garden",
        "source": "GPS",
        "@geometry": "center"
      },
      "geometry": {
        "type": "Point",
        "coordinates": [
          72.8311251,
          18.9194296
        ]
      },
      "id": "way/40300452"
    },
    {
      "type": "Feature",
      "properties": {
        "@id": "way/40433485",
        "leisure": "garden",
        "@geometry": "center"
      },
      "geometry": {
        "type": "Point",
        "coordinates": [
          72.8326086,
          18.9250609
        ]
      },
      "id": "way/40433485"
    },
    {
      "type": "Feature",
      "properties": {
        "@id": "way/40433488",
        "leisure": "garden",
        "@geometry": "center"
      },
      "geometry": {
        "type": "Point",
        "coordinates": [
          72.8322165,
          18.9248342
        ]
      },
      "id": "way/40433488"
    },
    {
      "type": "Feature",
      "properties": {
        "@id": "way/40433490",
        "leisure": "garden",
        "@geometry": "center"
      },
      "geometry": {
        "type": "Point",
        "coordinates": [
          72.8326996,
          18.9255425
        ]
      },
      "id": "way/40433490"
    },
    {
      "type": "Feature",
      "properties": {
        "@id": "way/40444670",
        "leisure": "garden",
        "@geometry": "center"
      },
      "geometry": {
        "type": "Point",
        "coordinates": [
          72.8105481,
          18.9629015
        ]
      },
      "id": "way/40444670"
    },
    {
      "type": "Feature",
      "properties": {
        "@id": "way/40729880",
        "addr:city": "Mumbai",
        "addr:district": "mumbai",
        "addr:housenumber": "1",
        "addr:postcode": "400011",
        "addr:street": "YMCA Road",
        "leisure": "park",
        "name": "Baby Garden",
        "opening_hours": "Mo-Fr 08:00-17:00",
        "operator": "xyz",
        "operator:type": "public",
        "source": "GPS;local knowledge",
        "@geometry": "center"
      },
      "geometry": {
        "type": "Point",
        "coordinates": [
          72.8240105,
          18.9732738
        ]
      },
      "id": "way/40729880"
    },
    {
      "type": "Feature",
      "properties": {
        "@id": "way/40743182",
        "footway": "sidewalk",
        "historic": "public",
        "leisure": "park",
        "name": "Horniman Circle Garden",
        "name:etymology:wikidata": "Q4833993",
        "old_name": "Elphinstone Circle",
        "opening_hours": "sunrise-sunset",
        "wikidata": "Q5904402",
        "wikimedia_commons": "Category:Horniman Circle",
        "wikipedia": "en:Horniman Circle Gardens",
        "@geometry": "center"
      },
      "geometry": {
        "type": "Point",
        "coordinates": [
          72.8350219,
          18.9319765
        ]
      },
      "id": "way/40743182"
    },
    {
      "type": "Feature",
      "properties": {
        "@id": "way/40748778",
        "landuse": "recreation_ground",
        "leisure": "park",
        "name": "August Kranti Maidan",
        "name:etymology:wikidata": "Q1992677",
        "old_name": "Gowalia Tank",
        "wikidata": "Q5589979",
        "wikimedia_commons": "Category:Gowalia Tank",
        "wikipedia": "en:Gowalia Tank",
        "@geometry": "center"
      },
      "geometry": {
        "type": "Point",
        "coordinates": [
          72.8102102,
          18.9623097
        ]
      },
      "id": "way/40748778"
    },
    {
      "type": "Feature",
      "properties": {
        "@id": "way/41388321",
        "leisure": "park",
        "name": "Banganga Garden",
        "source": "GPS",
        "@geometry": "center"
      },
      "geometry": {
        "type": "Point",
        "coordinates": [
          72.7932876,
          18.9449993
        ]
      },
      "id": "way/41388321"
    },
    {
      "type": "Feature",
      "properties": {
        "@id": "way/42321798",
        "leisure": "garden",
        "@geometry": "center"
      },
      "geometry": {
        "type": "Point",
        "coordinates": [
          72.8184173,
          18.9708281
        ]
      },
      "id": "way/42321798"
    },
    {
      "type": "Feature",
      "properties": {
        "@id": "way/42350479",
        "leisure": "garden",
        "source": "GPS",
        "@geometry": "center"
      },
      "geometry": {
        "type": "Point",
        "coordinates": [
          72.8347945,
          18.9298772
        ]
      },
      "id": "way/42350479"
    },
    {
      "type": "Feature",
      "properties": {
        "@id": "way/42441795",
        "leisure": "garden",
        "name": "Nehru Planetarium Garden",
        "source": "Yahoo",
        "@geometry": "center"
      },
      "geometry": {
        "type": "Point",
        "coordinates": [
          72.8143236,
          18.9892449
        ]
      },
      "id": "way/42441795"
    },
    {
      "type": "Feature",
      "properties": {
        "@id": "way/42448433",
        "leisure": "park",
        "@geometry": "center"
      },
      "geometry": {
        "type": "Point",
        "coordinates": [
          72.8146773,
          18.9809731
        ]
      },
      "id": "way/42448433"
    },
    {
      "type": "Feature",
      "properties": {
        "@id": "way/46722125",
        "leisure": "park",
        "name": "Nare Park",
        "source": "Yahoo",
        "@geometry": "center"
      },
      "geometry": {
        "type": "Point",
        "coordinates": [
          72.8389527,
          18.9997522
        ]
      },
      "id": "way/46722125"
    },
    {
      "type": "Feature",
      "properties": {
        "@id": "way/46722126",
        "leisure": "park",
        "source": "Yahoo",
        "@geometry": "center"
      },
      "geometry": {
        "type": "Point",
        "coordinates": [
          72.8393469,
          19.0010608
        ]
      },
      "id": "way/46722126"
    },
    {
      "type": "Feature",
      "properties": {
        "@id": "way/48052290",
        "leisure": "garden",
        "source": "GPS",
        "@geometry": "center"
      },
      "geometry": {
        "type": "Point",
        "coordinates": [
          72.8053376,
          18.9688434
        ]
      },
      "id": "way/48052290"
    },
    {
      "type": "Feature",
      "properties": {
        "@id": "way/48055336",
        "leisure": "park",
        "name": "Johnson & Johnson Garden",
        "@geometry": "center"
      },
      "geometry": {
        "type": "Point",
        "coordinates": [
          72.8059492,
          18.9747267
        ]
      },
      "id": "way/48055336"
    },
    {
      "type": "Feature",
      "properties": {
        "@id": "way/48749227",
        "leisure": "garden",
        "@geometry": "center"
      },
      "geometry": {
        "type": "Point",
        "coordinates": [
          72.8170635,
          18.967494
        ]
      },
      "id": "way/48749227"
    },
    {
      "type": "Feature",
      "properties": {
        "@id": "way/48758957",
        "leisure": "park",
        "name": "Vasant Dada Patil Udyan",
        "source": "GPS",
        "@geometry": "center"
      },
      "geometry": {
        "type": "Point",
        "coordinates": [
          72.8184302,
          18.9722577
        ]
      },
      "id": "way/48758957"
    },
    {
      "type": "Feature",
      "properties": {
        "@id": "way/48803406",
        "access": "private",
        "leisure": "garden",
        "name": "Adenwala Baugh",
        "source": "GPS",
        "@geometry": "center"
      },
      "geometry": {
        "type": "Point",
        "coordinates": [
          72.8139599,
          18.9639399
        ]
      },
      "id": "way/48803406"
    },
    {
      "type": "Feature",
      "properties": {
        "@id": "way/48807842",
        "leisure": "park",
        "@geometry": "center"
      },
      "geometry": {
        "type": "Point",
        "coordinates": [
          72.8211456,
          18.9665399
        ]
      },
      "id": "way/48807842"
    },
    {
      "type": "Feature",
      "properties": {
        "@id": "way/48808175",
        "leisure": "garden",
        "name": "Jaysinghbhai P Solanki Garden",
        "@geometry": "center"
      },
      "geometry": {
        "type": "Point",
        "coordinates": [
          72.8203788,
          18.9649068
        ]
      },
      "id": "way/48808175"
    },
    {
      "type": "Feature",
      "properties": {
        "@id": "way/48865103",
        "leisure": "park",
        "name": "YMCA Ground",
        "operator": "swaiba",
        "operator:type": "private",
        "@geometry": "center"
      },
      "geometry": {
        "type": "Point",
        "coordinates": [
          72.8243738,
          18.972055
        ]
      },
      "id": "way/48865103"
    },
    {
      "type": "Feature",
      "properties": {
        "@id": "way/49014347",
        "addr:city": "Mumabi",
        "addr:postcode": "400057",
        "addr:street": "cst kalina",
        "building": "university",
        "leisure": "park",
        "name": "kalina university",
        "@geometry": "center"
      },
      "geometry": {
        "type": "Point",
        "coordinates": [
          72.8615562,
          19.0807277
        ]
      },
      "id": "way/49014347"
    },
    {
      "type": "Feature",
      "properties": {
        "@id": "way/49176399",
        "access": "yes",
        "addr:city": "Mumbai",
        "addr:district": "Mumbai City",
        "addr:housenumber": "near sasson docks",
        "addr:postcode": "400005",
        "addr:street": "Dumayne Marg",
        "dog": "no",
        "leisure": "park",
        "mobile": "+91 1234 5678 90",
        "name": "Mumbai Port Trust Garden",
        "opening_hours": "Mo-Su 06:00-22:00",
        "smoking": "no",
        "@geometry": "center"
      },
      "geometry": {
        "type": "Point",
        "coordinates": [
          72.8239881,
          18.9106238
        ]
      },
      "id": "way/49176399"
    },
    {
      "type": "Feature",
      "properties": {
        "@id": "way/49681502",
        "leisure": "park",
        "name": "J.R Mehta Udyan",
        "@geometry": "center"
      },
      "geometry": {
        "type": "Point",
        "coordinates": [
          72.85817,
          19.0378192
        ]
      },
      "id": "way/49681502"
    },
    {
      "type": "Feature",
      "properties": {
        "@id": "way/49681509",
        "addr:city": "Mumbai",
        "addr:postcode": "400022",
        "leisure": "park",
        "name": "BEST Garden",
        "@geometry": "center"
      },
      "geometry": {
        "type": "Point",
        "coordinates": [
          72.8630903,
          19.0440797
        ]
      },
      "id": "way/49681509"
    },
    {
      "type": "Feature",
      "properties": {
        "@id": "way/49681810",
        "leisure": "park",
        "name": "P. Jawaharlal Nehru Park",
        "name:etymology:wikidata": "Q1047",
        "@geometry": "center"
      },
      "geometry": {
        "type": "Point",
        "coordinates": [
          72.8676536,
          19.0463082
        ]
      },
      "id": "way/49681810"
    },
    {
      "type": "Feature",
      "properties": {
        "@id": "way/49682798",
        "leisure": "park",
        "name": "Maharashtra Nature Park",
        "operator": "Maharashtra Nature Park Society",
        "short_name": "MNP",
        "website": "https://maharashtranaturepark.org/",
        "@geometry": "center"
      },
      "geometry": {
        "type": "Point",
        "coordinates": [
          72.8614629,
          19.0525249
        ]
      },
      "id": "way/49682798"
    },
    {
      "type": "Feature",
      "properties": {
        "@id": "way/51937447",
        "date": "1894",
        "leisure": "garden",
        "name": "Ruttonsee Mujee Fountain",
        "source": "GPS",
        "@geometry": "center"
      },
      "geometry": {
        "type": "Point",
        "coordinates": [
          72.8372177,
          18.9356157
        ]
      },
      "id": "way/51937447"
    },
    {
      "type": "Feature",
      "properties": {
        "@id": "way/54224946",
        "amenity": "fountain",
        "historic": "monument",
        "leisure": "garden",
        "name": "Flora Fountain",
        "name:en": "Flora Fountain",
        "wikidata": "Q5460296",
        "wikimedia_commons": "Category:Flora_Fountain",
        "wikipedia": "en:Flora Fountain",
        "@geometry": "center"
      },
      "geometry": {
        "type": "Point",
        "coordinates": [
          72.8315008,
          18.9324913
        ]
      },
      "id": "way/54224946"
    },
    {
      "type": "Feature",
      "properties": {
        "@id": "way/57672665",
        "leisure": "park",
        "name": "Kabutarkhana",
        "source": "GPS",
        "@geometry": "center"
      },
      "geometry": {
        "type": "Point",
        "coordinates": [
          72.8276571,
          18.9531754
        ]
      },
      "id": "way/57672665"
    },
    {
      "type": "Feature",
      "properties": {
        "@id": "way/61652000",
        "leisure": "garden",
        "source": "GPS",
        "@geometry": "center"
      },
      "geometry": {
        "type": "Point",
        "coordinates": [
          72.821995,
          18.9982817
        ]
      },
      "id": "way/61652000"
    },
    {
      "type": "Feature",
      "properties": {
        "@id": "way/61652769",
        "leisure": "garden",
        "source": "GPS",
        "@geometry": "center"
      },
      "geometry": {
        "type": "Point",
        "coordinates": [
          72.8225877,
          18.9890501
        ]
      },
      "id": "way/61652769"
    },
    {
      "type": "Feature",
      "properties": {
        "@id": "way/72241443",
        "leisure": "park",
        "name": "Shreeman Kherajbhai Ladiwala Chowk",
        "source": "GPS",
        "@geometry": "center"
      },
      "geometry": {
        "type": "Point",
        "coordinates": [
          72.8281359,
          18.9580785
        ]
      },
      "id": "way/72241443"
    },
    {
      "type": "Feature",
      "properties": {
        "@id": "way/72547777",
        "leisure": "park",
        "name": "Sitaram Shinoy Garden",
        "@geometry": "center"
      },
      "geometry": {
        "type": "Point",
        "coordinates": [
          72.8379518,
          18.9616323
        ]
      },
      "id": "way/72547777"
    },
    {
      "type": "Feature",
      "properties": {
        "@id": "way/72557158",
        "leisure": "garden",
        "@geometry": "center"
      },
      "geometry": {
        "type": "Point",
        "coordinates": [
          72.8296244,
          18.9631276
        ]
      },
      "id": "way/72557158"
    },
    {
      "type": "Feature",
      "properties": {
        "@id": "way/72570780",
        "leisure": "garden",
        "@geometry": "center"
      },
      "geometry": {
        "type": "Point",
        "coordinates": [
          72.833296,
          18.9630528
        ]
      },
      "id": "way/72570780"
    },
    {
      "type": "Feature",
      "properties": {
        "@id": "way/72880065",
        "leisure": "park",
        "name": "Tilak Udyan",
        "name:etymology:wikidata": "Q312555",
        "source": "Yahoo",
        "@geometry": "center"
      },
      "geometry": {
        "type": "Point",
        "coordinates": [
          72.8332678,
          19.1131118
        ]
      },
      "id": "way/72880065"
    },
    {
      "type": "Feature",
      "properties": {
        "@id": "way/72880066",
        "leisure": "park",
        "name": "Ecole Mondial Ground",
        "source": "Yahoo",
        "@geometry": "center"
      },
      "geometry": {
        "type": "Point",
        "coordinates": [
          72.833418,
          19.1123667
        ]
      },
      "id": "way/72880066"
    },
    {
      "type": "Feature",
      "properties": {
        "@id": "way/72880067",
        "leisure": "park",
        "source": "Yahoo",
        "@geometry": "center"
      },
      "geometry": {
        "type": "Point",
        "coordinates": [
          72.8358877,
          19.1125306
        ]
      },
      "id": "way/72880067"
    },
    {
      "type": "Feature",
      "properties": {
        "@id": "way/72880068",
        "leisure": "park",
        "source": "Yahoo",
        "@geometry": "center"
      },
      "geometry": {
        "type": "Point",
        "coordinates": [
          72.8325924,
          19.1153249
        ]
      },
      "id": "way/72880068"
    },
    {
      "type": "Feature",
      "properties": {
        "@id": "way/72880313",
        "leisure": "park",
        "source": "Yahoo",
        "@geometry": "center"
      },
      "geometry": {
        "type": "Point",
        "coordinates": [
          72.8315168,
          19.1125665
        ]
      },
      "id": "way/72880313"
    },
    {
      "type": "Feature",
      "properties": {
        "@id": "way/72880316",
        "leisure": "garden",
        "source": "Yahoo",
        "@geometry": "center"
      },
      "geometry": {
        "type": "Point",
        "coordinates": [
          72.8323805,
          19.1116327
        ]
      },
      "id": "way/72880316"
    },
    {
      "type": "Feature",
      "properties": {
        "@id": "way/72880462",
        "leisure": "park",
        "source": "Yahoo",
        "@geometry": "center"
      },
      "geometry": {
        "type": "Point",
        "coordinates": [
          72.8326474,
          19.1143034
        ]
      },
      "id": "way/72880462"
    },
    {
      "type": "Feature",
      "properties": {
        "@id": "way/73052811",
        "garden:type": "private",
        "leisure": "garden",
        "name": "Pushpa Narsee Park",
        "source": "Yahoo",
        "@geometry": "center"
      },
      "geometry": {
        "type": "Point",
        "coordinates": [
          72.8322728,
          19.1040843
        ]
      },
      "id": "way/73052811"
    },
    {
      "type": "Feature",
      "properties": {
        "@id": "way/73052812",
        "leisure": "park",
        "name": "Pushpa Narsee Park",
        "name:en": "Pushpa Narsee Park",
        "@geometry": "center"
      },
      "geometry": {
        "type": "Point",
        "coordinates": [
          72.8306353,
          19.1047889
        ]
      },
      "id": "way/73052812"
    },
    {
      "type": "Feature",
      "properties": {
        "@id": "way/73052814",
        "leisure": "park",
        "source": "Yahoo",
        "@geometry": "center"
      },
      "geometry": {
        "type": "Point",
        "coordinates": [
          72.8297657,
          19.1038395
        ]
      },
      "id": "way/73052814"
    },
    {
      "type": "Feature",
      "properties": {
        "@id": "way/73052817",
        "leisure": "park",
        "name": "OPEN GARDENAL SPACES",
        "source": "Yahoo",
        "@geometry": "center"
      },
      "geometry": {
        "type": "Point",
        "coordinates": [
          72.8313702,
          19.1047218
        ]
      },
      "id": "way/73052817"
    },
    {
      "type": "Feature",
      "properties": {
        "@id": "way/74860283",
        "leisure": "park",
        "name": "Bharatratna Doctor Babasaheb Ambedkar Kridangan",
        "name:etymology:wikidata": "Q231690",
        "source": "Yahoo",
        "@geometry": "center"
      },
      "geometry": {
        "type": "Point",
        "coordinates": [
          72.8212505,
          19.1369672
        ]
      },
      "id": "way/74860283"
    },
    {
      "type": "Feature",
      "properties": {
        "@id": "way/74860284",
        "leisure": "park",
        "source": "Yahoo",
        "@geometry": "center"
      },
      "geometry": {
        "type": "Point",
        "coordinates": [
          72.823295,
          19.1357095
        ]
      },
      "id": "way/74860284"
    },
    {
      "type": "Feature",
      "properties": {
        "@id": "way/74861548",
        "leisure": "garden",
        "@geometry": "center"
      },
      "geometry": {
        "type": "Point",
        "coordinates": [
          72.8255852,
          19.1396727
        ]
      },
      "id": "way/74861548"
    },
    {
      "type": "Feature",
      "properties": {
        "@id": "way/74864964",
        "leisure": "garden",
        "source": "Yahoo",
        "@geometry": "center"
      },
      "geometry": {
        "type": "Point",
        "coordinates": [
          72.8288302,
          19.1469746
        ]
      },
      "id": "way/74864964"
    },
    {
      "type": "Feature",
      "properties": {
        "@id": "way/74864970",
        "leisure": "garden",
        "@geometry": "center"
      },
      "geometry": {
        "type": "Point",
        "coordinates": [
          72.8229657,
          19.1476416
        ]
      },
      "id": "way/74864970"
    },
    {
      "type": "Feature",
      "properties": {
        "@id": "way/74877082",
        "leisure": "garden",
        "@geometry": "center"
      },
      "geometry": {
        "type": "Point",
        "coordinates": [
          72.828928,
          19.1465015
        ]
      },
      "id": "way/74877082"
    },
    {
      "type": "Feature",
      "properties": {
        "@id": "way/74877091",
        "addr:city": "Mumbai",
        "addr:postcode": "400053",
        "alt_name": "Oshiwara Backroad Park",
        "leisure": "park",
        "name": "Kamalakarpant Walawalkar Udyan",
        "operator": "Public",
        "recreational": "Park",
        "source": "field trip;local knowledge;survey",
        "@geometry": "center"
      },
      "geometry": {
        "type": "Point",
        "coordinates": [
          72.8291574,
          19.1529561
        ]
      },
      "id": "way/74877091"
    },
    {
      "type": "Feature",
      "properties": {
        "@id": "way/89185604",
        "leisure": "garden",
        "@geometry": "center"
      },
      "geometry": {
        "type": "Point",
        "coordinates": [
          72.83318,
          18.9470338
        ]
      },
      "id": "way/89185604"
    },
    {
      "type": "Feature",
      "properties": {
        "@id": "way/95967089",
        "leisure": "park",
        "@geometry": "center"
      },
      "geometry": {
        "type": "Point",
        "coordinates": [
          72.8504351,
          19.0431028
        ]
      },
      "id": "way/95967089"
    },
    {
      "type": "Feature",
      "properties": {
        "@id": "way/97372644",
        "addr:city": "Mumbai",
        "description": "Green Park",
        "leisure": "park",
        "name": "Walter De Souza Park",
        "source": "GPS",
        "surface": "grass",
        "@geometry": "center"
      },
      "geometry": {
        "type": "Point",
        "coordinates": [
          72.8275639,
          18.9424729
        ]
      },
      "id": "way/97372644"
    },
    {
      "type": "Feature",
      "properties": {
        "@id": "way/100259800",
        "leisure": "park",
        "name": "Nehru Maidan",
        "name:etymology:wikidata": "Q1047",
        "@geometry": "center"
      },
      "geometry": {
        "type": "Point",
        "coordinates": [
          73.0938187,
          19.2193604
        ]
      },
      "id": "way/100259800"
    },
    {
      "type": "Feature",
      "properties": {
        "@id": "way/101139513",
        "leisure": "park",
        "name": "Vishwanath Guruji Park",
        "@geometry": "center"
      },
      "geometry": {
        "type": "Point",
        "coordinates": [
          72.8524121,
          19.1720246
        ]
      },
      "id": "way/101139513"
    },
    {
      "type": "Feature",
      "properties": {
        "@id": "way/102388308",
        "addr:city": "Thane",
        "addr:postcode": "400607",
        "addr:street": "Forest Avenue",
        "leisure": "park",
        "name": "Central Park",
        "@geometry": "center"
      },
      "geometry": {
        "type": "Point",
        "coordinates": [
          72.9798533,
          19.2573065
        ]
      },
      "id": "way/102388308"
    },
    {
      "type": "Feature",
      "properties": {
        "@id": "way/102519589",
        "leisure": "park",
        "name": "Observation Post (Chotta Kashmir)",
        "@geometry": "center"
      },
      "geometry": {
        "type": "Point",
        "coordinates": [
          72.87317,
          19.1623599
        ]
      },
      "id": "way/102519589"
    },
    {
      "type": "Feature",
      "properties": {
        "@id": "way/107213234",
        "leisure": "park",
        "name": "Tilak Nagar Municipal Ground/ Sahyadri Garden",
        "@geometry": "center"
      },
      "geometry": {
        "type": "Point",
        "coordinates": [
          72.8978688,
          19.0692581
        ]
      },
      "id": "way/107213234"
    },
    {
      "type": "Feature",
      "properties": {
        "@id": "way/112675802",
        "landuse": "recreation_ground",
        "leisure": "park",
        "name": "Garden E, Five Gardens",
        "@geometry": "center"
      },
      "geometry": {
        "type": "Point",
        "coordinates": [
          72.8538406,
          19.0201251
        ]
      },
      "id": "way/112675802"
    },
    {
      "type": "Feature",
      "properties": {
        "@id": "way/113472641",
        "leisure": "park",
        "name": "Mahatma Gandhi Udyan",
        "name:etymology:wikidata": "Q1001",
        "operator": "MCGM,Mumbai",
        "operator:type": "government_facility-public",
        "@geometry": "center"
      },
      "geometry": {
        "type": "Point",
        "coordinates": [
          72.8351332,
          18.9893531
        ]
      },
      "id": "way/113472641"
    },
    {
      "type": "Feature",
      "properties": {
        "@id": "way/113472644",
        "addr:city": "Mumbai",
        "addr:district": "Mumbai",
        "addr:postcode": "400012",
        "addr:street": "Dr Babasaheb Ambedkar Marg",
        "leisure": "park",
        "name": "GaramKhada Maidan",
        "@geometry": "center"
      },
      "geometry": {
        "type": "Point",
        "coordinates": [
          72.8360584,
          18.9907537
        ]
      },
      "id": "way/113472644"
    },
    {
      "type": "Feature",
      "properties": {
        "@id": "way/113476290",
        "leisure": "park",
        "@geometry": "center"
      },
      "geometry": {
        "type": "Point",
        "coordinates": [
          72.8282809,
          18.9797006
        ]
      },
      "id": "way/113476290"
    },
    {
      "type": "Feature",
      "properties": {
        "@id": "way/113566067",
        "alt_name": "Dadar TT Circle",
        "alt_name:en": "Dadar TT Circle",
        "leisure": "garden",
        "name": "Khodadad Circle",
        "name:en": "Khodadad Circle",
        "name:hi": "खोदादाद सर्कल",
        "@geometry": "center"
      },
      "geometry": {
        "type": "Point",
        "coordinates": [
          72.8478207,
          19.0178178
        ]
      },
      "id": "way/113566067"
    },
    {
      "type": "Feature",
      "properties": {
        "@id": "way/113586098",
        "leisure": "park",
        "opening_hours": "Mo-Su 06:00-22:00",
        "@geometry": "center"
      },
      "geometry": {
        "type": "Point",
        "coordinates": [
          72.8469334,
          19.0215018
        ]
      },
      "id": "way/113586098"
    },
    {
      "type": "Feature",
      "properties": {
        "@id": "way/113696486",
        "leisure": "park",
        "name": "Veer Kotwal Udyan",
        "@geometry": "center"
      },
      "geometry": {
        "type": "Point",
        "coordinates": [
          72.8424612,
          19.0213807
        ]
      },
      "id": "way/113696486"
    },
    {
      "type": "Feature",
      "properties": {
        "@id": "way/113700140",
        "landuse": "recreation_ground",
        "leisure": "park",
        "name": "Bharatvan",
        "@geometry": "center"
      },
      "geometry": {
        "type": "Point",
        "coordinates": [
          72.8857278,
          19.1231323
        ]
      },
      "id": "way/113700140"
    },
    {
      "type": "Feature",
      "properties": {
        "@id": "way/113711205",
        "addr:postcode": "400028",
        "landuse": "recreation_ground",
        "leisure": "park",
        "name": "Shivaji Park",
        "name:en": "Shivaji Park",
        "name:etymology:wikidata": "Q239505",
        "name:hi": "शिवाजी पार्क",
        "name:mr": "शिवाजी पार्क",
        "official_name": "Chhatrapati Shivaji Maharaj Park",
        "official_name:en": "Chhatrapati Shivaji Maharaj Park",
        "official_name:mr": "छत्रपती शिवाजी महाराज उद्यान",
        "operator": "Municipal Corporation of Greater Mumbai",
        "operator:type": "government",
        "wikidata": "Q7499285",
        "wikimedia_commons": "Category:Shivaji Park",
        "wikipedia": "en:Shivaji Park",
        "@geometry": "center"
      },
      "geometry": {
        "type": "Point",
        "coordinates": [
          72.838188,
          19.0272817
        ]
      },
      "id": "way/113711205"
    },
    {
      "type": "Feature",
      "properties": {
        "@id": "way/115840000",
        "alt_name": "Samosa Garden",
        "leisure": "park",
        "name": "Kedarnath Guruju Udyan",
        "name:hi": "केदारनाथ गुरुजी उद्यान",
        "operator": "Brihanmumbai Mahanagarpalika",
        "@geometry": "center"
      },
      "geometry": {
        "type": "Point",
        "coordinates": [
          72.8535221,
          19.026921
        ]
      },
      "id": "way/115840000"
    },
    {
      "type": "Feature",
      "properties": {
        "@id": "way/116342814",
        "landuse": "recreation_ground",
        "leisure": "park",
        "name": "Bhuva Garden",
        "@geometry": "center"
      },
      "geometry": {
        "type": "Point",
        "coordinates": [
          72.8583589,
          19.022044
        ]
      },
      "id": "way/116342814"
    },
    {
      "type": "Feature",
      "properties": {
        "@id": "way/118555660",
        "leisure": "park",
        "name": "Maharshi Karve Park",
        "name:etymology:wikidata": "Q3518496",
        "@geometry": "center"
      },
      "geometry": {
        "type": "Point",
        "coordinates": [
          72.8581597,
          19.0183179
        ]
      },
      "id": "way/118555660"
    },
    {
      "type": "Feature",
      "properties": {
        "@id": "way/118560081",
        "leisure": "park",
        "@geometry": "center"
      },
      "geometry": {
        "type": "Point",
        "coordinates": [
          72.8579108,
          19.0292927
        ]
      },
      "id": "way/118560081"
    },
    {
      "type": "Feature",
      "properties": {
        "@id": "way/120134956",
        "leisure": "park",
        "name": "Liberty Garden",
        "@geometry": "center"
      },
      "geometry": {
        "type": "Point",
        "coordinates": [
          72.8415136,
          19.1878558
        ]
      },
      "id": "way/120134956"
    },
    {
      "type": "Feature",
      "properties": {
        "@id": "way/120521742",
        "addr:city": "Mumbai",
        "addr:postcode": "400092",
        "addr:street": "Lokmanya Tilak Road",
        "leisure": "park",
        "name": "Veer Savarkar Udyan",
        "name:etymology:wikidata": "Q471040",
        "opening_hours": "Mo-Su 05:30-22:00",
        "opening_hours:covid19": "Mo-Su 05:00-23:00",
        "@geometry": "center"
      },
      "geometry": {
        "type": "Point",
        "coordinates": [
          72.8501249,
          19.2272569
        ]
      },
      "id": "way/120521742"
    },
    {
      "type": "Feature",
      "properties": {
        "@id": "way/120779437",
        "addr:city": "Mumbai",
        "addr:housenumber": "Siddhivinayak Nagar, Kandivali-west",
        "addr:postcode": "400067",
        "addr:street": "Boraspada Road",
        "leisure": "park",
        "name": "Poisar Gymkhana",
        "opening_hours": "sunrise-sunset",
        "opening_hours:covid19": "closed",
        "operator": "BJP's Gopal Shetty",
        "operator:type": "government",
        "sport": "cricket;football;running",
        "wheelchair": "limited",
        "@geometry": "center"
      },
      "geometry": {
        "type": "Point",
        "coordinates": [
          72.8455539,
          19.2111916
        ]
      },
      "id": "way/120779437"
    },
    {
      "type": "Feature",
      "properties": {
        "@id": "way/121717155",
        "leisure": "park",
        "name": "Ram Leela Maidan",
        "@geometry": "center"
      },
      "geometry": {
        "type": "Point",
        "coordinates": [
          72.8512138,
          19.1866518
        ]
      },
      "id": "way/121717155"
    },
    {
      "type": "Feature",
      "properties": {
        "@id": "way/130533404",
        "leisure": "garden",
        "name": "Hutatma Chowk",
        "wikidata": "Q5950532",
        "wikimedia_commons": "Category:Hutatma_Chowk",
        "wikipedia": "en:Hutatma Chowk",
        "@geometry": "center"
      },
      "geometry": {
        "type": "Point",
        "coordinates": [
          72.8316524,
          18.932781
        ]
      },
      "id": "way/130533404"
    },
    {
      "type": "Feature",
      "properties": {
        "@id": "way/138134684",
        "leisure": "park",
        "@geometry": "center"
      },
      "geometry": {
        "type": "Point",
        "coordinates": [
          72.8363217,
          19.0191182
        ]
      },
      "id": "way/138134684"
    },
    {
      "type": "Feature",
      "properties": {
        "@id": "way/144021907",
        "leisure": "park",
        "@geometry": "center"
      },
      "geometry": {
        "type": "Point",
        "coordinates": [
          72.9911706,
          19.0761141
        ]
      },
      "id": "way/144021907"
    },
    {
      "type": "Feature",
      "properties": {
        "@id": "way/150409378",
        "leisure": "garden",
        "@geometry": "center"
      },
      "geometry": {
        "type": "Point",
        "coordinates": [
          72.8486691,
          19.0208853
        ]
      },
      "id": "way/150409378"
    },
    {
      "type": "Feature",
      "properties": {
        "@id": "way/151256440",
        "addr:street": "Saraswati Road",
        "leisure": "park",
        "name": "Muktanand Park",
        "@geometry": "center"
      },
      "geometry": {
        "type": "Point",
        "coordinates": [
          72.831583,
          19.0821808
        ]
      },
      "id": "way/151256440"
    },
    {
      "type": "Feature",
      "properties": {
        "@id": "way/151256449",
        "leisure": "park",
        "name": "Rotary Park",
        "@geometry": "center"
      },
      "geometry": {
        "type": "Point",
        "coordinates": [
          72.8306578,
          19.0777424
        ]
      },
      "id": "way/151256449"
    },
    {
      "type": "Feature",
      "properties": {
        "@id": "way/151355179",
        "leisure": "park",
        "name": "Union Park Eco Garden",
        "@geometry": "center"
      },
      "geometry": {
        "type": "Point",
        "coordinates": [
          72.8244714,
          19.0718932
        ]
      },
      "id": "way/151355179"
    },
    {
      "type": "Feature",
      "properties": {
        "@id": "way/151355394",
        "leisure": "park",
        "@geometry": "center"
      },
      "geometry": {
        "type": "Point",
        "coordinates": [
          72.8221732,
          19.0721076
        ]
      },
      "id": "way/151355394"
    },
    {
      "type": "Feature",
      "properties": {
        "@id": "way/151581959",
        "addr:city": "mumbai",
        "addr:postcode": "400075",
        "addr:street": "ghatkopar west",
        "leisure": "park",
        "name": "Damodar Park",
        "@geometry": "center"
      },
      "geometry": {
        "type": "Point",
        "coordinates": [
          72.9164792,
          19.0955385
        ]
      },
      "id": "way/151581959"
    },
    {
      "type": "Feature",
      "properties": {
        "@id": "way/152185039",
        "description": "Has entry fee",
        "leisure": "park",
        "name": "Vasudev Balwant Phadke Park",
        "name:etymology:wikidata": "Q3520867",
        "@geometry": "center"
      },
      "geometry": {
        "type": "Point",
        "coordinates": [
          73.0688427,
          19.046591
        ]
      },
      "id": "way/152185039"
    },
    {
      "type": "Feature",
      "properties": {
        "@id": "way/152242147",
        "leisure": "park",
        "name": "B.N. Maheshwari Udyan",
        "name:hi": "बी.एन. महेश्वरी उद्यान",
        "@geometry": "center"
      },
      "geometry": {
        "type": "Point",
        "coordinates": [
          72.8554057,
          19.0268562
        ]
      },
      "id": "way/152242147"
    },
    {
      "type": "Feature",
      "properties": {
        "@id": "way/152314740",
        "leisure": "park",
        "name": "Late Shri D.K. Sandu Udyan",
        "@geometry": "center"
      },
      "geometry": {
        "type": "Point",
        "coordinates": [
          72.8977644,
          19.0561387
        ]
      },
      "id": "way/152314740"
    },
    {
      "type": "Feature",
      "properties": {
        "@id": "way/152317226",
        "description": "Park and Memorial to the father of the Nation.",
        "leisure": "park",
        "name": "Mahatma Gandhi Garden",
        "name:etymology:wikidata": "Q1001",
        "@geometry": "center"
      },
      "geometry": {
        "type": "Point",
        "coordinates": [
          72.824922,
          18.928316
        ]
      },
      "id": "way/152317226"
    },
    {
      "type": "Feature",
      "properties": {
        "@id": "way/196092387",
        "leisure": "park",
        "name": "Brihan Mumbai Municipal Corporation Park",
        "@geometry": "center"
      },
      "geometry": {
        "type": "Point",
        "coordinates": [
          72.8141494,
          19.1372911
        ]
      },
      "id": "way/196092387"
    },
    {
      "type": "Feature",
      "properties": {
        "@id": "way/196092407",
        "leisure": "park",
        "name": "Swatantra Senani Janardan Rama Patil Park",
        "@geometry": "center"
      },
      "geometry": {
        "type": "Point",
        "coordinates": [
          72.8158301,
          19.1377142
        ]
      },
      "id": "way/196092407"
    },
    {
      "type": "Feature",
      "properties": {
        "@id": "way/196092409",
        "addr:city": "mumbai",
        "addr:state": "maharashtra",
        "leisure": "park",
        "name": "Lions Juhu Garden",
        "opening_hours": "Mo-Su 08:00-12:00,17:00-20:00",
        "@geometry": "center"
      },
      "geometry": {
        "type": "Point",
        "coordinates": [
          72.8340111,
          19.0841005
        ]
      },
      "id": "way/196092409"
    },
    {
      "type": "Feature",
      "properties": {
        "@id": "way/196622070",
        "leisure": "park",
        "name": "Laxmikant Berde Garden",
        "@geometry": "center"
      },
      "geometry": {
        "type": "Point",
        "coordinates": [
          72.8132472,
          19.1396585
        ]
      },
      "id": "way/196622070"
    },
    {
      "type": "Feature",
      "properties": {
        "@id": "way/196848187",
        "fee": "yes",
        "leisure": "park",
        "name": "Nana Nani Park",
        "@geometry": "center"
      },
      "geometry": {
        "type": "Point",
        "coordinates": [
          72.8183949,
          19.1276784
        ]
      },
      "id": "way/196848187"
    },
    {
      "type": "Feature",
      "properties": {
        "@id": "way/196850123",
        "leisure": "park",
        "@geometry": "center"
      },
      "geometry": {
        "type": "Point",
        "coordinates": [
          72.8239053,
          19.132376
        ]
      },
      "id": "way/196850123"
    },
    {
      "type": "Feature",
      "properties": {
        "@id": "way/197497798",
        "leisure": "park",
        "name": "Rink Football Ground",
        "@geometry": "center"
      },
      "geometry": {
        "type": "Point",
        "coordinates": [
          72.8797201,
          19.0540088
        ]
      },
      "id": "way/197497798"
    },
    {
      "type": "Feature",
      "properties": {
        "@id": "way/201584957",
        "leisure": "park",
        "name": "Mahatma Gandhi Garden",
        "name:etymology:wikidata": "Q1001",
        "@geometry": "center"
      },
      "geometry": {
        "type": "Point",
        "coordinates": [
          73.1080015,
          18.9894436
        ]
      },
      "id": "way/201584957"
    },
    {
      "type": "Feature",
      "properties": {
        "@id": "way/202391295",
        "leisure": "park",
        "name": "Fountain Garden",
        "@geometry": "center"
      },
      "geometry": {
        "type": "Point",
        "coordinates": [
          72.8801209,
          19.0539632
        ]
      },
      "id": "way/202391295"
    },
    {
      "type": "Feature",
      "properties": {
        "@id": "way/202555849",
        "leisure": "park",
        "name": "Hemu Kalani Manoranjan Maidan",
        "name:etymology:wikidata": "Q5712828",
        "@geometry": "center"
      },
      "geometry": {
        "type": "Point",
        "coordinates": [
          72.829035,
          19.1395288
        ]
      },
      "id": "way/202555849"
    },
    {
      "type": "Feature",
      "properties": {
        "@id": "way/202556929",
        "leisure": "park",
        "name": "Chattrapati Shivaji Joggers Park",
        "name:etymology:wikidata": "Q239505",
        "@geometry": "center"
      },
      "geometry": {
        "type": "Point",
        "coordinates": [
          72.8211666,
          19.1455869
        ]
      },
      "id": "way/202556929"
    },
    {
      "type": "Feature",
      "properties": {
        "@id": "way/202661505",
        "leisure": "park",
        "name": "Mindscape Landscape",
        "@geometry": "center"
      },
      "geometry": {
        "type": "Point",
        "coordinates": [
          72.8304679,
          19.175308
        ]
      },
      "id": "way/202661505"
    },
    {
      "type": "Feature",
      "properties": {
        "@id": "way/202661513",
        "leisure": "park",
        "name": "BMC Forest Theme Garden",
        "@geometry": "center"
      },
      "geometry": {
        "type": "Point",
        "coordinates": [
          72.8331912,
          19.1734257
        ]
      },
      "id": "way/202661513"
    },
    {
      "type": "Feature",
      "properties": {
        "@id": "way/202917754",
        "leisure": "park",
        "name": "Patwardhan Park",
        "@geometry": "center"
      },
      "geometry": {
        "type": "Point",
        "coordinates": [
          72.8341143,
          19.0643197
        ]
      },
      "id": "way/202917754"
    },
    {
      "type": "Feature",
      "properties": {
        "@id": "way/203053323",
        "leisure": "garden",
        "@geometry": "center"
      },
      "geometry": {
        "type": "Point",
        "coordinates": [
          72.8154238,
          19.1380368
        ]
      },
      "id": "way/203053323"
    },
    {
      "type": "Feature",
      "properties": {
        "@id": "way/203054019",
        "leisure": "park",
        "@geometry": "center"
      },
      "geometry": {
        "type": "Point",
        "coordinates": [
          72.8148963,
          19.1388691
        ]
      },
      "id": "way/203054019"
    },
    {
      "type": "Feature",
      "properties": {
        "@id": "way/203054039",
        "leisure": "park",
        "@geometry": "center"
      },
      "geometry": {
        "type": "Point",
        "coordinates": [
          72.8140958,
          19.1401244
        ]
      },
      "id": "way/203054039"
    },
    {
      "type": "Feature",
      "properties": {
        "@id": "way/203135251",
        "leisure": "garden",
        "@geometry": "center"
      },
      "geometry": {
        "type": "Point",
        "coordinates": [
          72.825688,
          19.1215857
        ]
      },
      "id": "way/203135251"
    },
    {
      "type": "Feature",
      "properties": {
        "@id": "way/203215478",
        "leisure": "park",
        "name": "Muktadevi Manoranjan Udyan",
        "@geometry": "center"
      },
      "geometry": {
        "type": "Point",
        "coordinates": [
          72.8746965,
          19.0545195
        ]
      },
      "id": "way/203215478"
    },
    {
      "type": "Feature",
      "properties": {
        "@id": "way/203474436",
        "leisure": "park",
        "name": "Play Area",
        "@geometry": "center"
      },
      "geometry": {
        "type": "Point",
        "coordinates": [
          72.8687364,
          19.0507573
        ]
      },
      "id": "way/203474436"
    },
    {
      "type": "Feature",
      "properties": {
        "@id": "way/204348787",
        "leisure": "park",
        "@geometry": "center"
      },
      "geometry": {
        "type": "Point",
        "coordinates": [
          73.0876511,
          19.2139096
        ]
      },
      "id": "way/204348787"
    },
    {
      "type": "Feature",
      "properties": {
        "@id": "way/204689346",
        "leisure": "garden",
        "@geometry": "center"
      },
      "geometry": {
        "type": "Point",
        "coordinates": [
          72.7887622,
          19.1688628
        ]
      },
      "id": "way/204689346"
    },
    {
      "type": "Feature",
      "properties": {
        "@id": "way/204884637",
        "fee": "yes",
        "leisure": "park",
        "name": "Chacha Nehru Park",
        "name:etymology:wikidata": "Q1047",
        "@geometry": "center"
      },
      "geometry": {
        "type": "Point",
        "coordinates": [
          72.8227307,
          19.1321286
        ]
      },
      "id": "way/204884637"
    },
    {
      "type": "Feature",
      "properties": {
        "@id": "way/204885785",
        "leisure": "park",
        "@geometry": "center"
      },
      "geometry": {
        "type": "Point",
        "coordinates": [
          72.8289001,
          19.1336187
        ]
      },
      "id": "way/204885785"
    },
    {
      "type": "Feature",
      "properties": {
        "@id": "way/205196571",
        "leisure": "park",
        "name": "Worli Sports Club",
        "@geometry": "center"
      },
      "geometry": {
        "type": "Point",
        "coordinates": [
          72.8215121,
          19.0149946
        ]
      },
      "id": "way/205196571"
    },
    {
      "type": "Feature",
      "properties": {
        "@id": "way/206343422",
        "leisure": "park",
        "@geometry": "center"
      },
      "geometry": {
        "type": "Point",
        "coordinates": [
          72.8353449,
          18.9387704
        ]
      },
      "id": "way/206343422"
    },
    {
      "type": "Feature",
      "properties": {
        "@id": "way/206832495",
        "leisure": "park",
        "name": "Pramod Mahajan Krirangan",
        "@geometry": "center"
      },
      "geometry": {
        "type": "Point",
        "coordinates": [
          72.8214744,
          19.1433868
        ]
      },
      "id": "way/206832495"
    },
    {
      "type": "Feature",
      "properties": {
        "@id": "way/206957359",
        "addr:city": "Mumbai",
        "addr:housenumber": "Veera Desai Industrial Estate",
        "addr:postcode": "400047",
        "addr:street": "Andheri West",
        "description": "Park on Veera Desai Road and Industrial Area",
        "landuse": "recreation_ground",
        "leisure": "park",
        "name": "The Grand Hamvi Garden",
        "surface": "grass",
        "@geometry": "center"
      },
      "geometry": {
        "type": "Point",
        "coordinates": [
          72.8366129,
          19.1392301
        ]
      },
      "id": "way/206957359"
    },
    {
      "type": "Feature",
      "properties": {
        "@id": "way/206960388",
        "leisure": "park",
        "@geometry": "center"
      },
      "geometry": {
        "type": "Point",
        "coordinates": [
          72.836459,
          19.1395597
        ]
      },
      "id": "way/206960388"
    },
    {
      "type": "Feature",
      "properties": {
        "@id": "way/206961950",
        "leisure": "garden",
        "@geometry": "center"
      },
      "geometry": {
        "type": "Point",
        "coordinates": [
          72.8312972,
          19.1402089
        ]
      },
      "id": "way/206961950"
    },
    {
      "type": "Feature",
      "properties": {
        "@id": "way/206964210",
        "leisure": "garden",
        "@geometry": "center"
      },
      "geometry": {
        "type": "Point",
        "coordinates": [
          72.8303773,
          19.1398729
        ]
      },
      "id": "way/206964210"
    },
    {
      "type": "Feature",
      "properties": {
        "@id": "way/207201151",
        "leisure": "park",
        "name": "Guru Nanak Park",
        "name:etymology:wikidata": "Q83322",
        "@geometry": "center"
      },
      "geometry": {
        "type": "Point",
        "coordinates": [
          72.8308064,
          19.0608357
        ]
      },
      "id": "way/207201151"
    },
    {
      "type": "Feature",
      "properties": {
        "@id": "way/207281011",
        "leisure": "garden",
        "@geometry": "center"
      },
      "geometry": {
        "type": "Point",
        "coordinates": [
          72.8352504,
          18.9398733
        ]
      },
      "id": "way/207281011"
    },
    {
      "type": "Feature",
      "properties": {
        "@id": "way/207281012",
        "leisure": "park",
        "@geometry": "center"
      },
      "geometry": {
        "type": "Point",
        "coordinates": [
          72.8315814,
          18.932489
        ]
      },
      "id": "way/207281012"
    },
    {
      "type": "Feature",
      "properties": {
        "@id": "way/207281013",
        "leisure": "park",
        "@geometry": "center"
      },
      "geometry": {
        "type": "Point",
        "coordinates": [
          72.831983,
          18.9332318
        ]
      },
      "id": "way/207281013"
    },
    {
      "type": "Feature",
      "properties": {
        "@id": "way/207281014",
        "leisure": "garden",
        "@geometry": "center"
      },
      "geometry": {
        "type": "Point",
        "coordinates": [
          72.8345542,
          18.9402259
        ]
      },
      "id": "way/207281014"
    },
    {
      "type": "Feature",
      "properties": {
        "@id": "way/207305765",
        "leisure": "park",
        "@geometry": "center"
      },
      "geometry": {
        "type": "Point",
        "coordinates": [
          72.8781573,
          19.0561256
        ]
      },
      "id": "way/207305765"
    },
    {
      "type": "Feature",
      "properties": {
        "@id": "way/207305773",
        "leisure": "park",
        "@geometry": "center"
      },
      "geometry": {
        "type": "Point",
        "coordinates": [
          72.8784539,
          19.0557722
        ]
      },
      "id": "way/207305773"
    },
    {
      "type": "Feature",
      "properties": {
        "@id": "way/207318952",
        "leisure": "park",
        "name": "Cooperage Garden",
        "@geometry": "center"
      },
      "geometry": {
        "type": "Point",
        "coordinates": [
          72.8288833,
          18.9257208
        ]
      },
      "id": "way/207318952"
    },
    {
      "type": "Feature",
      "properties": {
        "@id": "way/207318955",
        "leisure": "park",
        "name": "BMC Garden",
        "name:hi": "बीएमसी उद्यान",
        "operator": "BMC",
        "@geometry": "center"
      },
      "geometry": {
        "type": "Point",
        "coordinates": [
          72.8338002,
          18.9228842
        ]
      },
      "id": "way/207318955"
    },
    {
      "type": "Feature",
      "properties": {
        "@id": "way/207319553",
        "leisure": "garden",
        "@geometry": "center"
      },
      "geometry": {
        "type": "Point",
        "coordinates": [
          72.8294234,
          18.9434982
        ]
      },
      "id": "way/207319553"
    },
    {
      "type": "Feature",
      "properties": {
        "@id": "way/207319554",
        "landuse": "grass",
        "leisure": "garden",
        "@geometry": "center"
      },
      "geometry": {
        "type": "Point",
        "coordinates": [
          72.8288859,
          18.9433893
        ]
      },
      "id": "way/207319554"
    },
    {
      "type": "Feature",
      "properties": {
        "@id": "way/207319556",
        "leisure": "garden",
        "@geometry": "center"
      },
      "geometry": {
        "type": "Point",
        "coordinates": [
          72.8290657,
          18.9437379
        ]
      },
      "id": "way/207319556"
    },
    {
      "type": "Feature",
      "properties": {
        "@id": "way/207319557",
        "landuse": "grass",
        "leisure": "garden",
        "@geometry": "center"
      },
      "geometry": {
        "type": "Point",
        "coordinates": [
          72.8294707,
          18.943066
        ]
      },
      "id": "way/207319557"
    },
    {
      "type": "Feature",
      "properties": {
        "@id": "way/207365638",
        "leisure": "garden",
        "@geometry": "center"
      },
      "geometry": {
        "type": "Point",
        "coordinates": [
          72.8296115,
          18.9263867
        ]
      },
      "id": "way/207365638"
    },
    {
      "type": "Feature",
      "properties": {
        "@id": "way/207413905",
        "leisure": "garden",
        "@geometry": "center"
      },
      "geometry": {
        "type": "Point",
        "coordinates": [
          72.8214296,
          18.9286927
        ]
      },
      "id": "way/207413905"
    },
    {
      "type": "Feature",
      "properties": {
        "@id": "way/207419325",
        "leisure": "park",
        "@geometry": "center"
      },
      "geometry": {
        "type": "Point",
        "coordinates": [
          72.8285446,
          18.9207806
        ]
      },
      "id": "way/207419325"
    },
    {
      "type": "Feature",
      "properties": {
        "@id": "way/207489613",
        "leisure": "garden",
        "@geometry": "center"
      },
      "geometry": {
        "type": "Point",
        "coordinates": [
          72.8336111,
          18.9266018
        ]
      },
      "id": "way/207489613"
    },
    {
      "type": "Feature",
      "properties": {
        "@id": "way/207489614",
        "leisure": "garden",
        "@geometry": "center"
      },
      "geometry": {
        "type": "Point",
        "coordinates": [
          72.8319338,
          18.9258297
        ]
      },
      "id": "way/207489614"
    },
    {
      "type": "Feature",
      "properties": {
        "@id": "way/207489622",
        "leisure": "garden",
        "@geometry": "center"
      },
      "geometry": {
        "type": "Point",
        "coordinates": [
          72.8313962,
          18.9285262
        ]
      },
      "id": "way/207489622"
    },
    {
      "type": "Feature",
      "properties": {
        "@id": "way/207489627",
        "leisure": "garden",
        "@geometry": "center"
      },
      "geometry": {
        "type": "Point",
        "coordinates": [
          72.8311013,
          18.9320502
        ]
      },
      "id": "way/207489627"
    },
    {
      "type": "Feature",
      "properties": {
        "@id": "way/207502900",
        "leisure": "garden",
        "@geometry": "center"
      },
      "geometry": {
        "type": "Point",
        "coordinates": [
          72.8370831,
          18.9382956
        ]
      },
      "id": "way/207502900"
    },
    {
      "type": "Feature",
      "properties": {
        "@id": "way/207540467",
        "leisure": "park",
        "@geometry": "center"
      },
      "geometry": {
        "type": "Point",
        "coordinates": [
          72.8202796,
          18.9693655
        ]
      },
      "id": "way/207540467"
    },
    {
      "type": "Feature",
      "properties": {
        "@id": "way/207540468",
        "leisure": "park",
        "@geometry": "center"
      },
      "geometry": {
        "type": "Point",
        "coordinates": [
          72.8204604,
          18.9697604
        ]
      },
      "id": "way/207540468"
    },
    {
      "type": "Feature",
      "properties": {
        "@id": "way/214285380",
        "leisure": "park",
        "name": "Ambedkar Garden",
        "name:etymology:wikidata": "Q231690",
        "public_access": "restricted",
        "@geometry": "center"
      },
      "geometry": {
        "type": "Point",
        "coordinates": [
          72.90059,
          19.0599367
        ]
      },
      "id": "way/214285380"
    },
    {
      "type": "Feature",
      "properties": {
        "@id": "way/216492439",
        "leisure": "park",
        "name": "Rani Laxmi Bai Udyan",
        "name:etymology:wikidata": "Q181878",
        "@geometry": "center"
      },
      "geometry": {
        "type": "Point",
        "coordinates": [
          72.8638508,
          19.0425174
        ]
      },
      "id": "way/216492439"
    },
    {
      "type": "Feature",
      "properties": {
        "@id": "way/220421977",
        "leisure": "park",
        "name": "Rajiv Gandhi Park",
        "name:etymology:wikidata": "Q4593",
        "opening_hours": "Mo-Su 06:00-11:00",
        "@geometry": "center"
      },
      "geometry": {
        "type": "Point",
        "coordinates": [
          73.0055647,
          19.0870848
        ]
      },
      "id": "way/220421977"
    },
    {
      "type": "Feature",
      "properties": {
        "@id": "way/220425075",
        "leisure": "garden",
        "@geometry": "center"
      },
      "geometry": {
        "type": "Point",
        "coordinates": [
          72.8389318,
          19.0495594
        ]
      },
      "id": "way/220425075"
    },
    {
      "type": "Feature",
      "properties": {
        "@id": "way/220425076",
        "leisure": "garden",
        "@geometry": "center"
      },
      "geometry": {
        "type": "Point",
        "coordinates": [
          72.8392002,
          19.0496514
        ]
      },
      "id": "way/220425076"
    },
    {
      "type": "Feature",
      "properties": {
        "@id": "way/220589508",
        "leisure": "park",
        "name": "Dr. Chintamani Deshmukh Garden",
        "name:etymology:wikidata": "Q3763779",
        "@geometry": "center"
      },
      "geometry": {
        "type": "Point",
        "coordinates": [
          72.9599551,
          19.1728045
        ]
      },
      "id": "way/220589508"
    },
    {
      "type": "Feature",
      "properties": {
        "@id": "way/220870519",
        "leisure": "park",
        "name": "Katrak Park",
        "@geometry": "center"
      },
      "geometry": {
        "type": "Point",
        "coordinates": [
          72.8230049,
          19.0608393
        ]
      },
      "id": "way/220870519"
    },
    {
      "type": "Feature",
      "properties": {
        "@id": "way/221347962",
        "leisure": "park",
        "name": "Millenium Park",
        "@geometry": "center"
      },
      "geometry": {
        "type": "Point",
        "coordinates": [
          73.0215903,
          19.0231333
        ]
      },
      "id": "way/221347962"
    },
    {
      "type": "Feature",
      "properties": {
        "@id": "way/227776497",
        "leisure": "park",
        "@geometry": "center"
      },
      "geometry": {
        "type": "Point",
        "coordinates": [
          72.8276833,
          19.139135
        ]
      },
      "id": "way/227776497"
    },
    {
      "type": "Feature",
      "properties": {
        "@id": "way/227779314",
        "leisure": "park",
        "@geometry": "center"
      },
      "geometry": {
        "type": "Point",
        "coordinates": [
          72.828434,
          19.1376763
        ]
      },
      "id": "way/227779314"
    },
    {
      "type": "Feature",
      "properties": {
        "@id": "way/227779317",
        "leisure": "park",
        "@geometry": "center"
      },
      "geometry": {
        "type": "Point",
        "coordinates": [
          72.8281373,
          19.1371548
        ]
      },
      "id": "way/227779317"
    },
    {
      "type": "Feature",
      "properties": {
        "@id": "way/227779811",
        "leisure": "park",
        "@geometry": "center"
      },
      "geometry": {
        "type": "Point",
        "coordinates": [
          72.8270744,
          19.1366933
        ]
      },
      "id": "way/227779811"
    },
    {
      "type": "Feature",
      "properties": {
        "@id": "way/227895901",
        "leisure": "park",
        "@geometry": "center"
      },
      "geometry": {
        "type": "Point",
        "coordinates": [
          72.8353135,
          19.1431524
        ]
      },
      "id": "way/227895901"
    },
    {
      "type": "Feature",
      "properties": {
        "@id": "way/228355361",
        "leisure": "park",
        "name": "Holi Maidan",
        "@geometry": "center"
      },
      "geometry": {
        "type": "Point",
        "coordinates": [
          72.8552253,
          19.0469047
        ]
      },
      "id": "way/228355361"
    },
    {
      "type": "Feature",
      "properties": {
        "@id": "way/228355363",
        "leisure": "park",
        "@geometry": "center"
      },
      "geometry": {
        "type": "Point",
        "coordinates": [
          72.8538622,
          19.0443687
        ]
      },
      "id": "way/228355363"
    },
    {
      "type": "Feature",
      "properties": {
        "@id": "way/229131268",
        "leisure": "park",
        "@geometry": "center"
      },
      "geometry": {
        "type": "Point",
        "coordinates": [
          72.8565112,
          19.0380846
        ]
      },
      "id": "way/229131268"
    },
    {
      "type": "Feature",
      "properties": {
        "@id": "way/229132417",
        "leisure": "park",
        "@geometry": "center"
      },
      "geometry": {
        "type": "Point",
        "coordinates": [
          72.8550035,
          19.0377807
        ]
      },
      "id": "way/229132417"
    },
    {
      "type": "Feature",
      "properties": {
        "@id": "way/229364097",
        "leisure": "park",
        "@geometry": "center"
      },
      "geometry": {
        "type": "Point",
        "coordinates": [
          72.8536534,
          19.0434558
        ]
      },
      "id": "way/229364097"
    },
    {
      "type": "Feature",
      "properties": {
        "@id": "way/229364098",
        "leisure": "park",
        "@geometry": "center"
      },
      "geometry": {
        "type": "Point",
        "coordinates": [
          72.8526748,
          19.0435805
        ]
      },
      "id": "way/229364098"
    },
    {
      "type": "Feature",
      "properties": {
        "@id": "way/229364099",
        "leisure": "park",
        "@geometry": "center"
      },
      "geometry": {
        "type": "Point",
        "coordinates": [
          72.8547239,
          19.0423533
        ]
      },
      "id": "way/229364099"
    },
    {
      "type": "Feature",
      "properties": {
        "@id": "way/230810029",
        "leisure": "park",
        "name": "Sheila Raheja Park",
        "opening_hours": "05:30-10:30, 17:00-21:00",
        "@geometry": "center"
      },
      "geometry": {
        "type": "Point",
        "coordinates": [
          72.8197631,
          19.1273435
        ]
      },
      "id": "way/230810029"
    },
    {
      "type": "Feature",
      "properties": {
        "@id": "way/231542733",
        "leisure": "park",
        "@geometry": "center"
      },
      "geometry": {
        "type": "Point",
        "coordinates": [
          72.8491332,
          19.2372668
        ]
      },
      "id": "way/231542733"
    },
    {
      "type": "Feature",
      "properties": {
        "@id": "way/231542735",
        "leisure": "park",
        "name": "Mandapeshwar Civic Federation Garden",
        "@geometry": "center"
      },
      "geometry": {
        "type": "Point",
        "coordinates": [
          72.8533231,
          19.2357717
        ]
      },
      "id": "way/231542735"
    },
    {
      "type": "Feature",
      "properties": {
        "@id": "way/233101170",
        "leisure": "park",
        "name": "Nana Nani Munna Munni Park",
        "@geometry": "center"
      },
      "geometry": {
        "type": "Point",
        "coordinates": [
          72.9032851,
          19.0725158
        ]
      },
      "id": "way/233101170"
    },
    {
      "type": "Feature",
      "properties": {
        "@id": "way/235864151",
        "leisure": "park",
        "name": "Nana Nani Park",
        "@geometry": "center"
      },
      "geometry": {
        "type": "Point",
        "coordinates": [
          72.8877399,
          19.0902774
        ]
      },
      "id": "way/235864151"
    },
    {
      "type": "Feature",
      "properties": {
        "@id": "way/235867427",
        "leisure": "park",
        "@geometry": "center"
      },
      "geometry": {
        "type": "Point",
        "coordinates": [
          72.8638065,
          19.0289046
        ]
      },
      "id": "way/235867427"
    },
    {
      "type": "Feature",
      "properties": {
        "@id": "way/235940612",
        "leisure": "park",
        "@geometry": "center"
      },
      "geometry": {
        "type": "Point",
        "coordinates": [
          72.934515,
          19.120254
        ]
      },
      "id": "way/235940612"
    },
    {
      "type": "Feature",
      "properties": {
        "@id": "way/235978553",
        "barrier": "wall",
        "leisure": "park",
        "name": "Wonders Park",
        "@geometry": "center"
      },
      "geometry": {
        "type": "Point",
        "coordinates": [
          73.0259807,
          19.0251233
        ]
      },
      "id": "way/235978553"
    },
    {
      "type": "Feature",
      "properties": {
        "@id": "way/236068447",
        "leisure": "park",
        "name": "Subhash Maidan",
        "@geometry": "center"
      },
      "geometry": {
        "type": "Point",
        "coordinates": [
          73.1270004,
          19.2410027
        ]
      },
      "id": "way/236068447"
    },
    {
      "type": "Feature",
      "properties": {
        "@id": "way/236169345",
        "leisure": "park",
        "name": "Madhu Park",
        "@geometry": "center"
      },
      "geometry": {
        "type": "Point",
        "coordinates": [
          72.8356653,
          19.0715198
        ]
      },
      "id": "way/236169345"
    },
    {
      "type": "Feature",
      "properties": {
        "@id": "way/236210021",
        "leisure": "park",
        "name": "Mala Garden",
        "@geometry": "center"
      },
      "geometry": {
        "type": "Point",
        "coordinates": [
          72.8710727,
          19.0422536
        ]
      },
      "id": "way/236210021"
    },
    {
      "type": "Feature",
      "properties": {
        "@id": "way/236210023",
        "leisure": "park",
        "name": "Mala Garden",
        "@geometry": "center"
      },
      "geometry": {
        "type": "Point",
        "coordinates": [
          72.8709695,
          19.041451
        ]
      },
      "id": "way/236210023"
    },
    {
      "type": "Feature",
      "properties": {
        "@id": "way/236263205",
        "leisure": "park",
        "name": "Nandadeep Park",
        "name:en": "Nandadeep Park",
        "name:mr": "नंदादीप उद्यान",
        "@geometry": "center"
      },
      "geometry": {
        "type": "Point",
        "coordinates": [
          72.8462856,
          19.0532823
        ]
      },
      "id": "way/236263205"
    },
    {
      "type": "Feature",
      "properties": {
        "@id": "way/237027560",
        "email": "bbrtbandra@gmail.com",
        "leisure": "park",
        "name": "Central Garden",
        "opening_hours": "Mo-Sa 06:00-10:00,16:00-19:45; PH off",
        "operator": "BBRT",
        "@geometry": "center"
      },
      "geometry": {
        "type": "Point",
        "coordinates": [
          72.8213099,
          19.0507286
        ]
      },
      "id": "way/237027560"
    },
    {
      "type": "Feature",
      "properties": {
        "@id": "way/237027567",
        "leisure": "park",
        "@geometry": "center"
      },
      "geometry": {
        "type": "Point",
        "coordinates": [
          72.8193593,
          19.0459808
        ]
      },
      "id": "way/237027567"
    },
    {
      "type": "Feature",
      "properties": {
        "@id": "way/237027568",
        "leisure": "park",
        "@geometry": "center"
      },
      "geometry": {
        "type": "Point",
        "coordinates": [
          72.8190369,
          19.0451584
        ]
      },
      "id": "way/237027568"
    },
    {
      "type": "Feature",
      "properties": {
        "@id": "way/245166422",
        "leisure": "park",
        "@geometry": "center"
      },
      "geometry": {
        "type": "Point",
        "coordinates": [
          72.8245376,
          19.1401712
        ]
      },
      "id": "way/245166422"
    },
    {
      "type": "Feature",
      "properties": {
        "@id": "way/245166433",
        "leisure": "park",
        "name": "Ganesh Maidan",
        "@geometry": "center"
      },
      "geometry": {
        "type": "Point",
        "coordinates": [
          72.8241301,
          19.1409778
        ]
      },
      "id": "way/245166433"
    },
    {
      "type": "Feature",
      "properties": {
        "@id": "way/247601028",
        "addr:city": "Mumbai",
        "addr:housenumber": "287",
        "addr:postcode": "400049",
        "addr:street": "Arya Vidya Mandir Marg",
        "leisure": "park",
        "name": "Smt. Ramdevi Sobhraj Bajaj Arya Vidya Mandir Ground",
        "operator": "Smt. Ramdevi Sobhraj Bajaj Arya Vidya Mandir, Juhu",
        "operator:type": "school",
        "@geometry": "center"
      },
      "geometry": {
        "type": "Point",
        "coordinates": [
          72.8326105,
          19.1128181
        ]
      },
      "id": "way/247601028"
    },
    {
      "type": "Feature",
      "properties": {
        "@id": "way/249860509",
        "leisure": "park",
        "name": "Oshiwara Mahada Garden",
        "operator": "Private",
        "@geometry": "center"
      },
      "geometry": {
        "type": "Point",
        "coordinates": [
          72.830765,
          19.1497355
        ]
      },
      "id": "way/249860509"
    },
    {
      "type": "Feature",
      "properties": {
        "@id": "way/249860511",
        "leisure": "park",
        "name": "Lokhandwala Garden",
        "opening_hours": "05:00-12:00, 16:00-21:30",
        "@geometry": "center"
      },
      "geometry": {
        "type": "Point",
        "coordinates": [
          72.8269168,
          19.145163
        ]
      },
      "id": "way/249860511"
    },
    {
      "type": "Feature",
      "properties": {
        "@id": "way/249897973",
        "leisure": "park",
        "@geometry": "center"
      },
      "geometry": {
        "type": "Point",
        "coordinates": [
          72.8162184,
          19.1466337
        ]
      },
      "id": "way/249897973"
    },
    {
      "type": "Feature",
      "properties": {
        "@id": "way/250263971",
        "leisure": "park",
        "name": "Public Park",
        "@geometry": "center"
      },
      "geometry": {
        "type": "Point",
        "coordinates": [
          72.9249925,
          19.0434772
        ]
      },
      "id": "way/250263971"
    },
    {
      "type": "Feature",
      "properties": {
        "@id": "way/250278027",
        "leisure": "garden",
        "name": "Front Lawn",
        "@geometry": "center"
      },
      "geometry": {
        "type": "Point",
        "coordinates": [
          72.9282675,
          19.0424838
        ]
      },
      "id": "way/250278027"
    },
    {
      "type": "Feature",
      "properties": {
        "@id": "way/250294449",
        "leisure": "park",
        "@geometry": "center"
      },
      "geometry": {
        "type": "Point",
        "coordinates": [
          72.8306717,
          19.1257361
        ]
      },
      "id": "way/250294449"
    },
    {
      "type": "Feature",
      "properties": {
        "@id": "way/250952593",
        "leisure": "park",
        "@geometry": "center"
      },
      "geometry": {
        "type": "Point",
        "coordinates": [
          72.8212706,
          19.116623
        ]
      },
      "id": "way/250952593"
    },
    {
      "type": "Feature",
      "properties": {
        "@id": "way/253793764",
        "leisure": "park",
        "name": "Subhash Chandra Bose Garden",
        "name:etymology:wikidata": "Q2153",
        "operator": "Owned by BMC (Municipality)",
        "@geometry": "center"
      },
      "geometry": {
        "type": "Point",
        "coordinates": [
          72.9151203,
          19.0874273
        ]
      },
      "id": "way/253793764"
    },
    {
      "type": "Feature",
      "properties": {
        "@id": "way/255387092",
        "leisure": "park",
        "name": "Ameet Satam Garden",
        "@geometry": "center"
      },
      "geometry": {
        "type": "Point",
        "coordinates": [
          72.8375019,
          19.1123921
        ]
      },
      "id": "way/255387092"
    },
    {
      "type": "Feature",
      "properties": {
        "@id": "way/255387125",
        "leisure": "park",
        "@geometry": "center"
      },
      "geometry": {
        "type": "Point",
        "coordinates": [
          72.8347945,
          19.1101902
        ]
      },
      "id": "way/255387125"
    },
    {
      "type": "Feature",
      "properties": {
        "@id": "way/257439673",
        "leisure": "park",
        "name": "Ranchhod Padhiyar Udhyan",
        "@geometry": "center"
      },
      "geometry": {
        "type": "Point",
        "coordinates": [
          72.8308198,
          19.2210126
        ]
      },
      "id": "way/257439673"
    },
    {
      "type": "Feature",
      "properties": {
        "@id": "way/257439675",
        "leisure": "park",
        "name": "Vijay Salaskar Park",
        "name:etymology:wikidata": "Q7929201",
        "@geometry": "center"
      },
      "geometry": {
        "type": "Point",
        "coordinates": [
          72.86959,
          19.1398356
        ]
      },
      "id": "way/257439675"
    },
    {
      "type": "Feature",
      "properties": {
        "@id": "way/257439676",
        "leisure": "park",
        "name": "BMC Ground",
        "@geometry": "center"
      },
      "geometry": {
        "type": "Point",
        "coordinates": [
          72.8317259,
          19.2177943
        ]
      },
      "id": "way/257439676"
    },
    {
      "type": "Feature",
      "properties": {
        "@id": "way/257441958",
        "addr:city": "Mumbai",
        "addr:housenumber": "Mahaveer Nagar",
        "addr:postcode": "400020",
        "addr:street": "Kandivali West",
        "leisure": "park",
        "name": "Maharashtra Cricket Association (MCA) ground",
        "opening_hours:covid19": "closed",
        "@geometry": "center"
      },
      "geometry": {
        "type": "Point",
        "coordinates": [
          72.842558,
          19.2148196
        ]
      },
      "id": "way/257441958"
    },
    {
      "type": "Feature",
      "properties": {
        "@id": "way/257441960",
        "leisure": "park",
        "name": "Chintamani Park",
        "operator": "BMC",
        "operator:type": "public",
        "wheelchair": "limited",
        "@geometry": "center"
      },
      "geometry": {
        "type": "Point",
        "coordinates": [
          72.8413491,
          19.2244485
        ]
      },
      "id": "way/257441960"
    },
    {
      "type": "Feature",
      "properties": {
        "@id": "way/257441961",
        "leisure": "park",
        "name": "Chikoowadi Park",
        "@geometry": "center"
      },
      "geometry": {
        "type": "Point",
        "coordinates": [
          72.8394648,
          19.2220939
        ]
      },
      "id": "way/257441961"
    },
    {
      "type": "Feature",
      "properties": {
        "@id": "way/257491062",
        "leisure": "park",
        "@geometry": "center"
      },
      "geometry": {
        "type": "Point",
        "coordinates": [
          72.8395288,
          19.1397743
        ]
      },
      "id": "way/257491062"
    },
    {
      "type": "Feature",
      "properties": {
        "@id": "way/257491064",
        "leisure": "park",
        "@geometry": "center"
      },
      "geometry": {
        "type": "Point",
        "coordinates": [
          72.8425546,
          19.1332272
        ]
      },
      "id": "way/257491064"
    },
    {
      "type": "Feature",
      "properties": {
        "@id": "way/259332584",
        "leisure": "park",
        "name": "Bhakti Park",
        "@geometry": "center"
      },
      "geometry": {
        "type": "Point",
        "coordinates": [
          72.8809173,
          19.0276185
        ]
      },
      "id": "way/259332584"
    },
    {
      "type": "Feature",
      "properties": {
        "@id": "way/259332609",
        "leisure": "park",
        "@geometry": "center"
      },
      "geometry": {
        "type": "Point",
        "coordinates": [
          72.8650227,
          19.0315996
        ]
      },
      "id": "way/259332609"
    },
    {
      "type": "Feature",
      "properties": {
        "@id": "way/259332610",
        "leisure": "park",
        "@geometry": "center"
      },
      "geometry": {
        "type": "Point",
        "coordinates": [
          72.8638408,
          19.0306697
        ]
      },
      "id": "way/259332610"
    },
    {
      "type": "Feature",
      "properties": {
        "@id": "way/260796376",
        "leisure": "garden",
        "operator": "Tata Institute of Fundamental Research",
        "operator:type": "university",
        "@geometry": "center"
      },
      "geometry": {
        "type": "Point",
        "coordinates": [
          72.8042874,
          18.9064659
        ]
      },
      "id": "way/260796376"
    },
    {
      "type": "Feature",
      "properties": {
        "@id": "way/261060570",
        "leisure": "park",
        "@geometry": "center"
      },
      "geometry": {
        "type": "Point",
        "coordinates": [
          72.8519077,
          19.0731205
        ]
      },
      "id": "way/261060570"
    },
    {
      "type": "Feature",
      "properties": {
        "@id": "way/262364794",
        "leisure": "park",
        "name": "Mahatma Jyotiba Phule Park",
        "name:etymology:wikidata": "Q314394",
        "@geometry": "center"
      },
      "geometry": {
        "type": "Point",
        "coordinates": [
          72.8281555,
          19.0731453
        ]
      },
      "id": "way/262364794"
    },
    {
      "type": "Feature",
      "properties": {
        "@id": "way/263226690",
        "alt_name": "CPRA Garden",
        "leisure": "park",
        "name": "Bayview Marina",
        "@geometry": "center"
      },
      "geometry": {
        "type": "Point",
        "coordinates": [
          72.8206986,
          18.9165537
        ]
      },
      "id": "way/263226690"
    },
    {
      "type": "Feature",
      "properties": {
        "@id": "way/264998182",
        "leisure": "garden",
        "name": "Rail Nagar Copperative Housing Society Garden",
        "source": "Personal experience",
        "@geometry": "center"
      },
      "geometry": {
        "type": "Point",
        "coordinates": [
          72.8455947,
          19.2297188
        ]
      },
      "id": "way/264998182"
    },
    {
      "type": "Feature",
      "properties": {
        "@id": "way/266508109",
        "leisure": "park",
        "@geometry": "center"
      },
      "geometry": {
        "type": "Point",
        "coordinates": [
          72.845038,
          19.1878948
        ]
      },
      "id": "way/266508109"
    },
    {
      "type": "Feature",
      "properties": {
        "@id": "way/277555167",
        "leisure": "park",
        "name": "Jogging Park",
        "source": "local_knowledge",
        "@geometry": "center"
      },
      "geometry": {
        "type": "Point",
        "coordinates": [
          72.8723441,
          19.2097618
        ]
      },
      "id": "way/277555167"
    },
    {
      "type": "Feature",
      "properties": {
        "@id": "way/286270089",
        "leisure": "park",
        "name": "Vasant Vihar Joggers Park",
        "operator": "TMC",
        "@geometry": "center"
      },
      "geometry": {
        "type": "Point",
        "coordinates": [
          72.9660714,
          19.2214218
        ]
      },
      "id": "way/286270089"
    },
    {
      "type": "Feature",
      "properties": {
        "@id": "way/286276819",
        "leisure": "park",
        "operator": "TMC",
        "@geometry": "center"
      },
      "geometry": {
        "type": "Point",
        "coordinates": [
          72.9652035,
          19.2245065
        ]
      },
      "id": "way/286276819"
    },
    {
      "type": "Feature",
      "properties": {
        "@id": "way/286276838",
        "leisure": "park",
        "operator": "TMC",
        "@geometry": "center"
      },
      "geometry": {
        "type": "Point",
        "coordinates": [
          72.964264,
          19.2236246
        ]
      },
      "id": "way/286276838"
    },
    {
      "type": "Feature",
      "properties": {
        "@id": "way/286276936",
        "leisure": "park",
        "@geometry": "center"
      },
      "geometry": {
        "type": "Point",
        "coordinates": [
          72.9624979,
          19.2240133
        ]
      },
      "id": "way/286276936"
    },
    {
      "type": "Feature",
      "properties": {
        "@id": "way/286277440",
        "leisure": "park",
        "name": "Vasant Vihar Central Garden",
        "operator": "TMC",
        "@geometry": "center"
      },
      "geometry": {
        "type": "Point",
        "coordinates": [
          72.9666782,
          19.2221751
        ]
      },
      "id": "way/286277440"
    },
    {
      "type": "Feature",
      "properties": {
        "@id": "way/286285433",
        "leisure": "park",
        "name": "Rutu Enclave",
        "@geometry": "center"
      },
      "geometry": {
        "type": "Point",
        "coordinates": [
          72.9671714,
          19.2631172
        ]
      },
      "id": "way/286285433"
    },
    {
      "type": "Feature",
      "properties": {
        "@id": "way/286286751",
        "addr:city": "Thane",
        "addr:district": "Thane",
        "addr:housenumber": "463",
        "addr:postcode": "400615",
        "addr:street": "Thane Ghodbunder Road",
        "dog": "unleashed",
        "leisure": "park",
        "name": "Rohan's Park",
        "opening_hours": "Mo-Fr 08:00-17:00",
        "@geometry": "center"
      },
      "geometry": {
        "type": "Point",
        "coordinates": [
          72.9704169,
          19.2635643
        ]
      },
      "id": "way/286286751"
    },
    {
      "type": "Feature",
      "properties": {
        "@id": "way/286832593",
        "addr:housenumber": "2",
        "addr:street": "Banyan Drive",
        "leisure": "park",
        "name": "Westbourne Park",
        "operator": "Hiranandani Group",
        "@geometry": "center"
      },
      "geometry": {
        "type": "Point",
        "coordinates": [
          72.971902,
          19.2275872
        ]
      },
      "id": "way/286832593"
    },
    {
      "type": "Feature",
      "properties": {
        "@id": "way/288413670",
        "leisure": "park",
        "name": "Navi wadi Garden",
        "@geometry": "center"
      },
      "geometry": {
        "type": "Point",
        "coordinates": [
          72.8249634,
          18.9503008
        ]
      },
      "id": "way/288413670"
    },
    {
      "type": "Feature",
      "properties": {
        "@id": "way/288414125",
        "leisure": "park",
        "name": "Zaoba Wadi Garden",
        "@geometry": "center"
      },
      "geometry": {
        "type": "Point",
        "coordinates": [
          72.824834,
          18.950594
        ]
      },
      "id": "way/288414125"
    },
    {
      "type": "Feature",
      "properties": {
        "@id": "way/288439040",
        "addr:city": "Mumbai",
        "addr:district": "Mumbai",
        "addr:postcode": "400002",
        "addr:street": "Nawroji Sheth Ln",
        "leisure": "park",
        "name": "SK Patil Garden",
        "opening_hours": "sunrise-sunset",
        "@geometry": "center"
      },
      "geometry": {
        "type": "Point",
        "coordinates": [
          72.8221211,
          18.9493348
        ]
      },
      "id": "way/288439040"
    },
    {
      "type": "Feature",
      "properties": {
        "@id": "way/288444822",
        "leisure": "garden",
        "name": "Bal Bhavan",
        "@geometry": "center"
      },
      "geometry": {
        "type": "Point",
        "coordinates": [
          72.8169128,
          18.9524953
        ]
      },
      "id": "way/288444822"
    },
    {
      "type": "Feature",
      "properties": {
        "@id": "way/289511918",
        "addr:street": "N.S.S. Road",
        "leisure": "park",
        "name": "Jijamata",
        "@geometry": "center"
      },
      "geometry": {
        "type": "Point",
        "coordinates": [
          72.894633,
          19.0939783
        ]
      },
      "id": "way/289511918"
    },
    {
      "type": "Feature",
      "properties": {
        "@id": "way/291156489",
        "leisure": "park",
        "name": "Mango Park",
        "source": "Survey",
        "@geometry": "center"
      },
      "geometry": {
        "type": "Point",
        "coordinates": [
          73.0400808,
          19.0262359
        ]
      },
      "id": "way/291156489"
    },
    {
      "type": "Feature",
      "properties": {
        "@id": "way/291324686",
        "addr:city": "mumbai",
        "addr:district": "Mumbai",
        "addr:housenumber": "rje",
        "addr:postcode": "400051",
        "addr:street": "Kherwadi Road",
        "leisure": "park",
        "name": "Ground",
        "opening_hours": "Mo-Fr 08:00-17:00",
        "operator": "me",
        "operator:type": "public",
        "@geometry": "center"
      },
      "geometry": {
        "type": "Point",
        "coordinates": [
          72.8448561,
          19.0621637
        ]
      },
      "id": "way/291324686"
    },
    {
      "type": "Feature",
      "properties": {
        "@id": "way/291330548",
        "access": "yes",
        "addr:city": "Mumbai",
        "addr:housenumber": "road no 7",
        "addr:postcode": "400051",
        "addr:street": "Ambedkar Chok",
        "dog": "yes",
        "leisure": "park",
        "name": "Ambedkar Park",
        "opening_hours": "Mo-Fr 08:00-17:00",
        "opening_hours:covid19": "Mo-Sa 08:00-20:00",
        "operator": "government",
        "surface": "grass",
        "@geometry": "center"
      },
      "geometry": {
        "type": "Point",
        "coordinates": [
          72.8493569,
          19.060522
        ]
      },
      "id": "way/291330548"
    },
    {
      "type": "Feature",
      "properties": {
        "@id": "way/291330554",
        "leisure": "park",
        "@geometry": "center"
      },
      "geometry": {
        "type": "Point",
        "coordinates": [
          72.8498432,
          19.0612114
        ]
      },
      "id": "way/291330554"
    },
    {
      "type": "Feature",
      "properties": {
        "@id": "way/291808387",
        "leisure": "park",
        "name": "Shivaji Rao Patil Park",
        "@geometry": "center"
      },
      "geometry": {
        "type": "Point",
        "coordinates": [
          73.0090245,
          19.1072536
        ]
      },
      "id": "way/291808387"
    },
    {
      "type": "Feature",
      "properties": {
        "@id": "way/291808390",
        "leisure": "park",
        "name": "Society Park",
        "@geometry": "center"
      },
      "geometry": {
        "type": "Point",
        "coordinates": [
          73.0095592,
          19.0998334
        ]
      },
      "id": "way/291808390"
    },
    {
      "type": "Feature",
      "properties": {
        "@id": "way/291808394",
        "leisure": "park",
        "name": "Rana Devi Park",
        "@geometry": "center"
      },
      "geometry": {
        "type": "Point",
        "coordinates": [
          72.9987737,
          19.1081827
        ]
      },
      "id": "way/291808394"
    },
    {
      "type": "Feature",
      "properties": {
        "@id": "way/291808396",
        "leisure": "park",
        "name": "Krantisimha Nana Patil Udyan",
        "name:etymology:wikidata": "Q6962309",
        "@geometry": "center"
      },
      "geometry": {
        "type": "Point",
        "coordinates": [
          73.0035168,
          19.0977398
        ]
      },
      "id": "way/291808396"
    },
    {
      "type": "Feature",
      "properties": {
        "@id": "way/291808401",
        "leisure": "park",
        "name": "NMMC Park KK",
        "@geometry": "center"
      },
      "geometry": {
        "type": "Point",
        "coordinates": [
          72.9956836,
          19.0985468
        ]
      },
      "id": "way/291808401"
    },
    {
      "type": "Feature",
      "properties": {
        "@id": "way/291863358",
        "leisure": "park",
        "name": "Sai Baba Park",
        "@geometry": "center"
      },
      "geometry": {
        "type": "Point",
        "coordinates": [
          72.8324739,
          19.1923295
        ]
      },
      "id": "way/291863358"
    },
    {
      "type": "Feature",
      "properties": {
        "@id": "way/293868946",
        "leisure": "park",
        "name": "Joggers Park",
        "@geometry": "center"
      },
      "geometry": {
        "type": "Point",
        "coordinates": [
          72.8263952,
          19.2011507
        ]
      },
      "id": "way/293868946"
    },
    {
      "type": "Feature",
      "properties": {
        "@id": "way/294276630",
        "leisure": "park",
        "@geometry": "center"
      },
      "geometry": {
        "type": "Point",
        "coordinates": [
          72.8319886,
          19.146778
        ]
      },
      "id": "way/294276630"
    },
    {
      "type": "Feature",
      "properties": {
        "@id": "way/294276632",
        "leisure": "park",
        "@geometry": "center"
      },
      "geometry": {
        "type": "Point",
        "coordinates": [
          72.833878,
          19.1470087
        ]
      },
      "id": "way/294276632"
    },
    {
      "type": "Feature",
      "properties": {
        "@id": "way/310667226",
        "leisure": "park",
        "@geometry": "center"
      },
      "geometry": {
        "type": "Point",
        "coordinates": [
          72.8665467,
          19.0379526
        ]
      },
      "id": "way/310667226"
    },
    {
      "type": "Feature",
      "properties": {
        "@id": "way/310686974",
        "leisure": "park",
        "@geometry": "center"
      },
      "geometry": {
        "type": "Point",
        "coordinates": [
          72.867236,
          19.0388864
        ]
      },
      "id": "way/310686974"
    },
    {
      "type": "Feature",
      "properties": {
        "@id": "way/314367898",
        "leisure": "park",
        "name": "Kumar Bhupesh Garden",
        "@geometry": "center"
      },
      "geometry": {
        "type": "Point",
        "coordinates": [
          72.9225089,
          19.0552312
        ]
      },
      "id": "way/314367898"
    },
    {
      "type": "Feature",
      "properties": {
        "@id": "way/314372265",
        "leisure": "park",
        "name": "school ground",
        "@geometry": "center"
      },
      "geometry": {
        "type": "Point",
        "coordinates": [
          73.05518,
          19.309956
        ]
      },
      "id": "way/314372265"
    },
    {
      "type": "Feature",
      "properties": {
        "@id": "way/314372386",
        "leisure": "park",
        "name": "play ground",
        "@geometry": "center"
      },
      "geometry": {
        "type": "Point",
        "coordinates": [
          72.9017833,
          19.0626722
        ]
      },
      "id": "way/314372386"
    },
    {
      "type": "Feature",
      "properties": {
        "@id": "way/314528856",
        "leisure": "park",
        "name": "kashish kids park",
        "@geometry": "center"
      },
      "geometry": {
        "type": "Point",
        "coordinates": [
          72.9220609,
          19.0683591
        ]
      },
      "id": "way/314528856"
    },
    {
      "type": "Feature",
      "properties": {
        "@id": "way/314528957",
        "leisure": "park",
        "name": "Lal Maidan",
        "@geometry": "center"
      },
      "geometry": {
        "type": "Point",
        "coordinates": [
          72.8934312,
          19.0640054
        ]
      },
      "id": "way/314528957"
    },
    {
      "type": "Feature",
      "properties": {
        "@id": "way/314529243",
        "leisure": "park",
        "name": "Meenatai Thakre Udyan",
        "@geometry": "center"
      },
      "geometry": {
        "type": "Point",
        "coordinates": [
          72.9177983,
          19.0982042
        ]
      },
      "id": "way/314529243"
    },
    {
      "type": "Feature",
      "properties": {
        "@id": "way/315280639",
        "leisure": "park",
        "name": "mongo gardan",
        "@geometry": "center"
      },
      "geometry": {
        "type": "Point",
        "coordinates": [
          73.0886431,
          19.0214396
        ]
      },
      "id": "way/315280639"
    },
    {
      "type": "Feature",
      "properties": {
        "@id": "way/315440970",
        "leisure": "park",
        "name": "Sadguru Kadam Baba Udyan",
        "@geometry": "center"
      },
      "geometry": {
        "type": "Point",
        "coordinates": [
          72.899356,
          19.063757
        ]
      },
      "id": "way/315440970"
    },
    {
      "type": "Feature",
      "properties": {
        "@id": "way/315445323",
        "leisure": "park",
        "name": "Shahu Garden",
        "@geometry": "center"
      },
      "geometry": {
        "type": "Point",
        "coordinates": [
          72.9195646,
          19.0620778
        ]
      },
      "id": "way/315445323"
    },
    {
      "type": "Feature",
      "properties": {
        "@id": "way/319226291",
        "leisure": "park",
        "name": "Arya Bhat Garden",
        "@geometry": "center"
      },
      "geometry": {
        "type": "Point",
        "coordinates": [
          72.9533731,
          19.1695032
        ]
      },
      "id": "way/319226291"
    },
    {
      "type": "Feature",
      "properties": {
        "@id": "way/319831535",
        "landuse": "grass",
        "leisure": "garden",
        "name": "Anandi Bai Garden",
        "@geometry": "center"
      },
      "geometry": {
        "type": "Point",
        "coordinates": [
          72.9532353,
          19.2029898
        ]
      },
      "id": "way/319831535"
    },
    {
      "type": "Feature",
      "properties": {
        "@id": "way/319835387",
        "addr:city": "Mulund (East)",
        "addr:street": "Eastern Expressway",
        "leisure": "park",
        "name": "Sardar Tarasingh Garden",
        "@geometry": "center"
      },
      "geometry": {
        "type": "Point",
        "coordinates": [
          72.9640661,
          19.1642763
        ]
      },
      "id": "way/319835387"
    },
    {
      "type": "Feature",
      "properties": {
        "@id": "way/319837353",
        "addr:city": "Mulund (East)",
        "addr:postcode": "400081",
        "addr:street": "Veer Savarkar Rd",
        "leisure": "park",
        "name": "Manoranjan",
        "@geometry": "center"
      },
      "geometry": {
        "type": "Point",
        "coordinates": [
          72.9678467,
          19.1723593
        ]
      },
      "id": "way/319837353"
    },
    {
      "type": "Feature",
      "properties": {
        "@id": "way/320396209",
        "addr:city": "Mulund (West)",
        "addr:postcode": "400080",
        "addr:street": "Sewaram Lalwani Road",
        "leisure": "park",
        "name": "Vijay Nagar Garden",
        "@geometry": "center"
      },
      "geometry": {
        "type": "Point",
        "coordinates": [
          72.9522854,
          19.1712098
        ]
      },
      "id": "way/320396209"
    },
    {
      "type": "Feature",
      "properties": {
        "@id": "way/320398230",
        "addr:city": "Mulund (West)",
        "addr:housenumber": "Kalidas Garden",
        "addr:postcode": "400080",
        "addr:street": "Purushottam Kheraj Road",
        "leisure": "park",
        "name": "Kalidas Garden",
        "name:etymology:wikidata": "Q7011",
        "opening_hours": "Mo-Su 08:00-22:00",
        "@geometry": "center"
      },
      "geometry": {
        "type": "Point",
        "coordinates": [
          72.9488859,
          19.1727401
        ]
      },
      "id": "way/320398230"
    },
    {
      "type": "Feature",
      "properties": {
        "@id": "way/320398231",
        "addr:city": "Mulund (West)",
        "addr:postcode": "400081",
        "addr:street": "Devidayal Road",
        "alt_name": "Devidayal Garden",
        "leisure": "park",
        "name": "Lala Tulshiram Park",
        "@geometry": "center"
      },
      "geometry": {
        "type": "Point",
        "coordinates": [
          72.9473006,
          19.1763053
        ]
      },
      "id": "way/320398231"
    },
    {
      "type": "Feature",
      "properties": {
        "@id": "way/339196655",
        "leisure": "park",
        "name": "Shiv Shrusti ground",
        "@geometry": "center"
      },
      "geometry": {
        "type": "Point",
        "coordinates": [
          72.8811011,
          19.0579555
        ]
      },
      "id": "way/339196655"
    },
    {
      "type": "Feature",
      "properties": {
        "@id": "way/342013187",
        "addr:city": "kharghar",
        "addr:postcode": "410210",
        "addr:street": "Sector 20",
        "leisure": "park",
        "name": "CIDCO Park",
        "opening_hours": "24/7",
        "@geometry": "center"
      },
      "geometry": {
        "type": "Point",
        "coordinates": [
          73.0732925,
          19.0498115
        ]
      },
      "id": "way/342013187"
    },
    {
      "type": "Feature",
      "properties": {
        "@id": "way/344470206",
        "leisure": "park",
        "name": "KG Park",
        "@geometry": "center"
      },
      "geometry": {
        "type": "Point",
        "coordinates": [
          72.8454985,
          19.2979962
        ]
      },
      "id": "way/344470206"
    },
    {
      "type": "Feature",
      "properties": {
        "@id": "way/344470208",
        "leisure": "park",
        "@geometry": "center"
      },
      "geometry": {
        "type": "Point",
        "coordinates": [
          72.8470533,
          19.2965197
        ]
      },
      "id": "way/344470208"
    },
    {
      "type": "Feature",
      "properties": {
        "@id": "way/347008916",
        "leisure": "park",
        "name": "nana nani park",
        "@geometry": "center"
      },
      "geometry": {
        "type": "Point",
        "coordinates": [
          72.8910607,
          19.0617278
        ]
      },
      "id": "way/347008916"
    },
    {
      "type": "Feature",
      "properties": {
        "@id": "way/347014412",
        "leisure": "park",
        "name": "Ambedkar Park",
        "@geometry": "center"
      },
      "geometry": {
        "type": "Point",
        "coordinates": [
          72.9227729,
          19.0604782
        ]
      },
      "id": "way/347014412"
    },
    {
      "type": "Feature",
      "properties": {
        "@id": "way/352917914",
        "leisure": "park",
        "@geometry": "center"
      },
      "geometry": {
        "type": "Point",
        "coordinates": [
          72.9901098,
          19.1786112
        ]
      },
      "id": "way/352917914"
    },
    {
      "type": "Feature",
      "properties": {
        "@id": "way/352964063",
        "addr:street": "Road No.2",
        "leisure": "park",
        "name": "kids only",
        "opening_hours": "Mo-Fr 08:00-17:00",
        "opening_hours:covid19": "off",
        "operator": "hitika",
        "@geometry": "center"
      },
      "geometry": {
        "type": "Point",
        "coordinates": [
          72.8516412,
          19.170741
        ]
      },
      "id": "way/352964063"
    },
    {
      "type": "Feature",
      "properties": {
        "@id": "way/352984094",
        "addr:city": "mumbai",
        "addr:district": "mumbai",
        "addr:housenumber": "303",
        "addr:postcode": "400058",
        "addr:street": "station road",
        "leisure": "park",
        "name": "ramraj park",
        "opening_hours": "Mo-Fr 08:00-17:00",
        "@geometry": "center"
      },
      "geometry": {
        "type": "Point",
        "coordinates": [
          72.8479131,
          19.1420369
        ]
      },
      "id": "way/352984094"
    },
    {
      "type": "Feature",
      "properties": {
        "@id": "way/353409673",
        "access": "yes",
        "addr:city": "Mumbai",
        "addr:housenumber": "490",
        "addr:postcode": "400068",
        "addr:street": "C S Link Road",
        "leisure": "park",
        "name": "A.S.L park",
        "opening_hours": "Mo-Fr 08:00-17:00",
        "operator": "government",
        "operator:type": "government",
        "@geometry": "center"
      },
      "geometry": {
        "type": "Point",
        "coordinates": [
          72.8544682,
          19.2578492
        ]
      },
      "id": "way/353409673"
    },
    {
      "type": "Feature",
      "properties": {
        "@id": "way/353751521",
        "addr:city": "Mumbai",
        "addr:district": "Mumbai Suburban",
        "addr:housenumber": "401",
        "addr:postcode": "400060",
        "addr:street": "RR Thakur Rd",
        "leisure": "park",
        "name": "dyna park",
        "@geometry": "center"
      },
      "geometry": {
        "type": "Point",
        "coordinates": [
          72.860014,
          19.1366093
        ]
      },
      "id": "way/353751521"
    },
    {
      "type": "Feature",
      "properties": {
        "@id": "way/354473917",
        "leisure": "park",
        "@geometry": "center"
      },
      "geometry": {
        "type": "Point",
        "coordinates": [
          72.8166324,
          19.014626
        ]
      },
      "id": "way/354473917"
    },
    {
      "type": "Feature",
      "properties": {
        "@id": "way/356207240",
        "addr:city": "mumbai",
        "addr:district": "Mumbai",
        "addr:postcode": "400009",
        "addr:street": "A N Surve Marg (Umerkhadi Road)",
        "leisure": "park",
        "name": "public park",
        "opening_hours": "Mo-Su 06:00-22:00",
        "@geometry": "center"
      },
      "geometry": {
        "type": "Point",
        "coordinates": [
          72.8367569,
          18.9613657
        ]
      },
      "id": "way/356207240"
    },
    {
      "type": "Feature",
      "properties": {
        "@id": "way/361114268",
        "leisure": "park",
        "name": "Vardhaman Fantasy",
        "@geometry": "center"
      },
      "geometry": {
        "type": "Point",
        "coordinates": [
          72.8667716,
          19.2893838
        ]
      },
      "id": "way/361114268"
    },
    {
      "type": "Feature",
      "properties": {
        "@id": "way/362016106",
        "leisure": "park",
        "name": "Colaba Woods Garden",
        "@geometry": "center"
      },
      "geometry": {
        "type": "Point",
        "coordinates": [
          72.81909,
          18.9133491
        ]
      },
      "id": "way/362016106"
    },
    {
      "type": "Feature",
      "properties": {
        "@id": "way/362205484",
        "addr:city": "Mumbai",
        "addr:postcode": "400093",
        "addr:street": "Sardar Vallabhbhai Patel Road",
        "leisure": "park",
        "name": "Mahakali A.L.M. Park",
        "@geometry": "center"
      },
      "geometry": {
        "type": "Point",
        "coordinates": [
          72.8703561,
          19.1348961
        ]
      },
      "id": "way/362205484"
    },
    {
      "type": "Feature",
      "properties": {
        "@id": "way/362705538",
        "leisure": "park",
        "@geometry": "center"
      },
      "geometry": {
        "type": "Point",
        "coordinates": [
          72.8111536,
          18.9110856
        ]
      },
      "id": "way/362705538"
    },
    {
      "type": "Feature",
      "properties": {
        "@id": "way/362705555",
        "description": "Only for senior (60+) citizens",
        "leisure": "park",
        "name": "Nana Nani Park",
        "opening_hours": "Mo-Su 06:00-10:00,17:00-21:00",
        "@geometry": "center"
      },
      "geometry": {
        "type": "Point",
        "coordinates": [
          72.8096908,
          18.9556527
        ]
      },
      "id": "way/362705555"
    },
    {
      "type": "Feature",
      "properties": {
        "@id": "way/362705556",
        "leisure": "park",
        "name": "Lokmanya Tilak Udyan",
        "name:etymology:wikidata": "Q312555",
        "@geometry": "center"
      },
      "geometry": {
        "type": "Point",
        "coordinates": [
          72.8134703,
          18.9548676
        ]
      },
      "id": "way/362705556"
    },
    {
      "type": "Feature",
      "properties": {
        "@id": "way/362705557",
        "leisure": "park",
        "name": "Kilachand Garden (Chowpatty Bandstand)",
        "@geometry": "center"
      },
      "geometry": {
        "type": "Point",
        "coordinates": [
          72.8076111,
          18.9555432
        ]
      },
      "id": "way/362705557"
    },
    {
      "type": "Feature",
      "properties": {
        "@id": "way/362705558",
        "leisure": "park",
        "name": "Public Garden",
        "@geometry": "center"
      },
      "geometry": {
        "type": "Point",
        "coordinates": [
          72.8059906,
          18.9661185
        ]
      },
      "id": "way/362705558"
    },
    {
      "type": "Feature",
      "properties": {
        "@id": "way/362705572",
        "leisure": "park",
        "name": "Lalit Lawn",
        "natural": "grassland",
        "@geometry": "center"
      },
      "geometry": {
        "type": "Point",
        "coordinates": [
          72.9276354,
          19.0308708
        ]
      },
      "id": "way/362705572"
    },
    {
      "type": "Feature",
      "properties": {
        "@id": "way/362723875",
        "leisure": "park",
        "@geometry": "center"
      },
      "geometry": {
        "type": "Point",
        "coordinates": [
          72.9104617,
          19.0182961
        ]
      },
      "id": "way/362723875"
    },
    {
      "type": "Feature",
      "properties": {
        "@id": "way/362723880",
        "leisure": "garden",
        "@geometry": "center"
      },
      "geometry": {
        "type": "Point",
        "coordinates": [
          72.9198761,
          19.0095975
        ]
      },
      "id": "way/362723880"
    },
    {
      "type": "Feature",
      "properties": {
        "@id": "way/362723883",
        "leisure": "park",
        "@geometry": "center"
      },
      "geometry": {
        "type": "Point",
        "coordinates": [
          72.9239375,
          19.0162793
        ]
      },
      "id": "way/362723883"
    },
    {
      "type": "Feature",
      "properties": {
        "@id": "way/362733404",
        "leisure": "park",
        "@geometry": "center"
      },
      "geometry": {
        "type": "Point",
        "coordinates": [
          72.9197529,
          19.045438
        ]
      },
      "id": "way/362733404"
    },
    {
      "type": "Feature",
      "properties": {
        "@id": "way/362733405",
        "leisure": "park",
        "name": "Usha Suresh Patil Udhan",
        "@geometry": "center"
      },
      "geometry": {
        "type": "Point",
        "coordinates": [
          72.9132914,
          19.0611758
        ]
      },
      "id": "way/362733405"
    },
    {
      "type": "Feature",
      "properties": {
        "@id": "way/362733413",
        "leisure": "park",
        "@geometry": "center"
      },
      "geometry": {
        "type": "Point",
        "coordinates": [
          72.8948427,
          19.0508817
        ]
      },
      "id": "way/362733413"
    },
    {
      "type": "Feature",
      "properties": {
        "@id": "way/362733414",
        "leisure": "park",
        "@geometry": "center"
      },
      "geometry": {
        "type": "Point",
        "coordinates": [
          72.890519,
          19.0468503
        ]
      },
      "id": "way/362733414"
    },
    {
      "type": "Feature",
      "properties": {
        "@id": "way/362762257",
        "addr:city": "Bandra, Mumbai",
        "addr:district": "Mumbai Suburban",
        "addr:postcode": "400050",
        "addr:street": "Almeida Park Road",
        "dog": "leashed",
        "leisure": "park",
        "name": "Almeida Park",
        "opening_hours": "Mo-Su 10:00-21:00",
        "operator": "Municipal Corporation of Greater Mumbai",
        "@geometry": "center"
      },
      "geometry": {
        "type": "Point",
        "coordinates": [
          72.8314705,
          19.0575629
        ]
      },
      "id": "way/362762257"
    },
    {
      "type": "Feature",
      "properties": {
        "@id": "way/362878409",
        "leisure": "park",
        "@geometry": "center"
      },
      "geometry": {
        "type": "Point",
        "coordinates": [
          72.85705,
          19.3170103
        ]
      },
      "id": "way/362878409"
    },
    {
      "type": "Feature",
      "properties": {
        "@id": "way/362878410",
        "leisure": "park",
        "@geometry": "center"
      },
      "geometry": {
        "type": "Point",
        "coordinates": [
          72.8576128,
          19.3169618
        ]
      },
      "id": "way/362878410"
    },
    {
      "type": "Feature",
      "properties": {
        "@id": "way/362878412",
        "leisure": "park",
        "name": "Yashwantrao Chavan Udyan",
        "name:etymology:wikidata": "Q1764541",
        "operator": "Municipality",
        "operator:type": "government",
        "@geometry": "center"
      },
      "geometry": {
        "type": "Point",
        "coordinates": [
          72.8613614,
          19.3109814
        ]
      },
      "id": "way/362878412"
    },
    {
      "type": "Feature",
      "properties": {
        "@id": "way/362878413",
        "leisure": "park",
        "@geometry": "center"
      },
      "geometry": {
        "type": "Point",
        "coordinates": [
          72.862907,
          19.3102587
        ]
      },
      "id": "way/362878413"
    },
    {
      "type": "Feature",
      "properties": {
        "@id": "way/363120063",
        "leisure": "park",
        "@geometry": "center"
      },
      "geometry": {
        "type": "Point",
        "coordinates": [
          72.8054092,
          18.9086896
        ]
      },
      "id": "way/363120063"
    },
    {
      "type": "Feature",
      "properties": {
        "@id": "way/363147380",
        "leisure": "park",
        "@geometry": "center"
      },
      "geometry": {
        "type": "Point",
        "coordinates": [
          72.8023972,
          18.9705807
        ]
      },
      "id": "way/363147380"
    },
    {
      "type": "Feature",
      "properties": {
        "@id": "way/363147405",
        "leisure": "park",
        "name": "City Park",
        "@geometry": "center"
      },
      "geometry": {
        "type": "Point",
        "coordinates": [
          72.8540421,
          19.0556433
        ]
      },
      "id": "way/363147405"
    },
    {
      "type": "Feature",
      "properties": {
        "@id": "way/363253490",
        "features": "gym, playing space",
        "leisure": "park",
        "name": "swami vivekanand garden",
        "name:etymology:wikidata": "Q47478",
        "opening_hours": "Mo-Su 08:00-22:00",
        "@geometry": "center"
      },
      "geometry": {
        "type": "Point",
        "coordinates": [
          72.838936,
          19.0459983
        ]
      },
      "id": "way/363253490"
    },
    {
      "type": "Feature",
      "properties": {
        "@id": "way/363255427",
        "leisure": "park",
        "@geometry": "center"
      },
      "geometry": {
        "type": "Point",
        "coordinates": [
          72.8626065,
          19.0155873
        ]
      },
      "id": "way/363255427"
    },
    {
      "type": "Feature",
      "properties": {
        "@id": "way/363260891",
        "leisure": "park",
        "@geometry": "center"
      },
      "geometry": {
        "type": "Point",
        "coordinates": [
          72.9293913,
          19.1350636
        ]
      },
      "id": "way/363260891"
    },
    {
      "type": "Feature",
      "properties": {
        "@id": "way/363260893",
        "leisure": "garden",
        "@geometry": "center"
      },
      "geometry": {
        "type": "Point",
        "coordinates": [
          72.9373194,
          19.1513749
        ]
      },
      "id": "way/363260893"
    },
    {
      "type": "Feature",
      "properties": {
        "@id": "way/363260902",
        "leisure": "park",
        "@geometry": "center"
      },
      "geometry": {
        "type": "Point",
        "coordinates": [
          72.9589975,
          19.2091997
        ]
      },
      "id": "way/363260902"
    },
    {
      "type": "Feature",
      "properties": {
        "@id": "way/363282646",
        "leisure": "park",
        "name": "Yashwant Rao Chavan Park",
        "name:etymology:wikidata": "Q1764541",
        "opening_hours": "Mo-Su 07:00-21:00",
        "surface": "grass",
        "@geometry": "center"
      },
      "geometry": {
        "type": "Point",
        "coordinates": [
          72.9877556,
          19.1468573
        ]
      },
      "id": "way/363282646"
    },
    {
      "type": "Feature",
      "properties": {
        "@id": "way/363282647",
        "leisure": "park",
        "name": "Dr Babasaheb Ambedkar Udyan",
        "name:etymology:wikidata": "Q231690",
        "@geometry": "center"
      },
      "geometry": {
        "type": "Point",
        "coordinates": [
          72.9887434,
          19.1470976
        ]
      },
      "id": "way/363282647"
    },
    {
      "type": "Feature",
      "properties": {
        "@id": "way/363282649",
        "leisure": "park",
        "@geometry": "center"
      },
      "geometry": {
        "type": "Point",
        "coordinates": [
          72.9935584,
          19.1455628
        ]
      },
      "id": "way/363282649"
    },
    {
      "type": "Feature",
      "properties": {
        "@id": "way/363282650",
        "leisure": "park",
        "name": "Peer Sayad Badsaha Miya Udhyan",
        "@geometry": "center"
      },
      "geometry": {
        "type": "Point",
        "coordinates": [
          72.9960581,
          19.1454638
        ]
      },
      "id": "way/363282650"
    },
    {
      "type": "Feature",
      "properties": {
        "@id": "way/363282651",
        "leisure": "park",
        "name": "Airoli Sec 6 Garden",
        "@geometry": "center"
      },
      "geometry": {
        "type": "Point",
        "coordinates": [
          72.9978122,
          19.1449005
        ]
      },
      "id": "way/363282651"
    },
    {
      "type": "Feature",
      "properties": {
        "@id": "way/363282652",
        "leisure": "park",
        "@geometry": "center"
      },
      "geometry": {
        "type": "Point",
        "coordinates": [
          72.9973728,
          19.1460119
        ]
      },
      "id": "way/363282652"
    },
    {
      "type": "Feature",
      "properties": {
        "@id": "way/363282653",
        "leisure": "park",
        "@geometry": "center"
      },
      "geometry": {
        "type": "Point",
        "coordinates": [
          72.9967422,
          19.1477439
        ]
      },
      "id": "way/363282653"
    },
    {
      "type": "Feature",
      "properties": {
        "@id": "way/363282654",
        "leisure": "park",
        "@geometry": "center"
      },
      "geometry": {
        "type": "Point",
        "coordinates": [
          72.9998287,
          19.1501509
        ]
      },
      "id": "way/363282654"
    },
    {
      "type": "Feature",
      "properties": {
        "@id": "way/363282655",
        "leisure": "park",
        "@geometry": "center"
      },
      "geometry": {
        "type": "Point",
        "coordinates": [
          72.9988465,
          19.150424
        ]
      },
      "id": "way/363282655"
    },
    {
      "type": "Feature",
      "properties": {
        "@id": "way/363282656",
        "leisure": "park",
        "name": "Shri Baji Prabhu Udyan",
        "name:etymology:wikidata": "Q4848886",
        "surface": "grass",
        "@geometry": "center"
      },
      "geometry": {
        "type": "Point",
        "coordinates": [
          72.9941557,
          19.1507115
        ]
      },
      "id": "way/363282656"
    },
    {
      "type": "Feature",
      "properties": {
        "@id": "way/363282657",
        "leisure": "park",
        "@geometry": "center"
      },
      "geometry": {
        "type": "Point",
        "coordinates": [
          72.9972979,
          19.1505473
        ]
      },
      "id": "way/363282657"
    },
    {
      "type": "Feature",
      "properties": {
        "@id": "way/363282660",
        "addr:city": "Navi Mumbai",
        "addr:district": "Thane",
        "addr:postcode": "400708",
        "leisure": "park",
        "name": "Rajiv Gandhi Udyan",
        "name:etymology:wikidata": "Q4593",
        "@geometry": "center"
      },
      "geometry": {
        "type": "Point",
        "coordinates": [
          72.9947882,
          19.1583472
        ]
      },
      "id": "way/363282660"
    },
    {
      "type": "Feature",
      "properties": {
        "@id": "way/363282661",
        "leisure": "park",
        "name": "नवी मुंबई महानगरपालिका अधिकृत पार्क, ऐरोली सेक्टर २०",
        "name:en": "NMMC Park Airoli Sector 20",
        "opening_hours": "Mo-Su 06:00-14:00",
        "@geometry": "center"
      },
      "geometry": {
        "type": "Point",
        "coordinates": [
          72.9902248,
          19.1622469
        ]
      },
      "id": "way/363282661"
    },
    {
      "type": "Feature",
      "properties": {
        "@id": "way/363282663",
        "leisure": "park",
        "@geometry": "center"
      },
      "geometry": {
        "type": "Point",
        "coordinates": [
          72.9917363,
          19.1690473
        ]
      },
      "id": "way/363282663"
    },
    {
      "type": "Feature",
      "properties": {
        "@id": "way/363282664",
        "leisure": "park",
        "name": "Mindspace Garden",
        "@geometry": "center"
      },
      "geometry": {
        "type": "Point",
        "coordinates": [
          73.0024942,
          19.1615587
        ]
      },
      "id": "way/363282664"
    },
    {
      "type": "Feature",
      "properties": {
        "@id": "way/363282665",
        "leisure": "park",
        "@geometry": "center"
      },
      "geometry": {
        "type": "Point",
        "coordinates": [
          73.0018216,
          19.1494456
        ]
      },
      "id": "way/363282665"
    },
    {
      "type": "Feature",
      "properties": {
        "@id": "way/363285447",
        "leisure": "park",
        "@geometry": "center"
      },
      "geometry": {
        "type": "Point",
        "coordinates": [
          73.0126229,
          19.1250331
        ]
      },
      "id": "way/363285447"
    },
    {
      "type": "Feature",
      "properties": {
        "@id": "way/363285448",
        "leisure": "park",
        "@geometry": "center"
      },
      "geometry": {
        "type": "Point",
        "coordinates": [
          73.00865,
          19.1248595
        ]
      },
      "id": "way/363285448"
    },
    {
      "type": "Feature",
      "properties": {
        "@id": "way/363297214",
        "leisure": "garden",
        "name": "Acharya Shri Anand Rishi Garden",
        "@geometry": "center"
      },
      "geometry": {
        "type": "Point",
        "coordinates": [
          73.0032867,
          19.0897722
        ]
      },
      "id": "way/363297214"
    },
    {
      "type": "Feature",
      "properties": {
        "@id": "way/363297217",
        "leisure": "park",
        "name": "Sardar Vallabhbhai Patel Park",
        "name:etymology:wikidata": "Q9455",
        "@geometry": "center"
      },
      "geometry": {
        "type": "Point",
        "coordinates": [
          73.0070702,
          19.0911606
        ]
      },
      "id": "way/363297217"
    },
    {
      "type": "Feature",
      "properties": {
        "@id": "way/363297219",
        "leisure": "garden",
        "@geometry": "center"
      },
      "geometry": {
        "type": "Point",
        "coordinates": [
          73.0085838,
          19.091012
        ]
      },
      "id": "way/363297219"
    },
    {
      "type": "Feature",
      "properties": {
        "@id": "way/363297221",
        "leisure": "park",
        "name": "Brahma Kumari's Peace Park",
        "@geometry": "center"
      },
      "geometry": {
        "type": "Point",
        "coordinates": [
          73.0034593,
          19.0841826
        ]
      },
      "id": "way/363297221"
    },
    {
      "type": "Feature",
      "properties": {
        "@id": "way/363297223",
        "leisure": "park",
        "name": "Gorakshnath Palve Park",
        "@geometry": "center"
      },
      "geometry": {
        "type": "Point",
        "coordinates": [
          73.0038631,
          19.0814054
        ]
      },
      "id": "way/363297223"
    },
    {
      "type": "Feature",
      "properties": {
        "@id": "way/363297229",
        "leisure": "park",
        "@geometry": "center"
      },
      "geometry": {
        "type": "Point",
        "coordinates": [
          72.9979388,
          19.0826232
        ]
      },
      "id": "way/363297229"
    },
    {
      "type": "Feature",
      "properties": {
        "@id": "way/363297231",
        "leisure": "park",
        "@geometry": "center"
      },
      "geometry": {
        "type": "Point",
        "coordinates": [
          72.9938055,
          19.0811899
        ]
      },
      "id": "way/363297231"
    },
    {
      "type": "Feature",
      "properties": {
        "@id": "way/363297233",
        "leisure": "park",
        "name": "Dr. Babasaheb Ambedkar Park",
        "name:etymology:wikidata": "Q231690",
        "@geometry": "center"
      },
      "geometry": {
        "type": "Point",
        "coordinates": [
          72.9973433,
          19.0803266
        ]
      },
      "id": "way/363297233"
    },
    {
      "type": "Feature",
      "properties": {
        "@id": "way/363297235",
        "leisure": "park",
        "name": "Harit Tata Park",
        "@geometry": "center"
      },
      "geometry": {
        "type": "Point",
        "coordinates": [
          72.9952379,
          19.0757829
        ]
      },
      "id": "way/363297235"
    },
    {
      "type": "Feature",
      "properties": {
        "@id": "way/363297237",
        "leisure": "park",
        "@geometry": "center"
      },
      "geometry": {
        "type": "Point",
        "coordinates": [
          72.9932031,
          19.0717957
        ]
      },
      "id": "way/363297237"
    },
    {
      "type": "Feature",
      "properties": {
        "@id": "way/363297238",
        "leisure": "park",
        "@geometry": "center"
      },
      "geometry": {
        "type": "Point",
        "coordinates": [
          72.994174,
          19.0699447
        ]
      },
      "id": "way/363297238"
    },
    {
      "type": "Feature",
      "properties": {
        "@id": "way/363297240",
        "leisure": "park",
        "name": "Veermata Jijabai Park",
        "name:etymology:wikidata": "Q6192525",
        "@geometry": "center"
      },
      "geometry": {
        "type": "Point",
        "coordinates": [
          72.9960683,
          19.0704325
        ]
      },
      "id": "way/363297240"
    },
    {
      "type": "Feature",
      "properties": {
        "@id": "way/363297242",
        "leisure": "park",
        "@geometry": "center"
      },
      "geometry": {
        "type": "Point",
        "coordinates": [
          73.0279433,
          19.0687036
        ]
      },
      "id": "way/363297242"
    },
    {
      "type": "Feature",
      "properties": {
        "@id": "way/363297249",
        "leisure": "park",
        "name": "Tukaram Maharaj Park",
        "name:etymology:wikidata": "Q468361",
        "@geometry": "center"
      },
      "geometry": {
        "type": "Point",
        "coordinates": [
          73.0128008,
          19.0617982
        ]
      },
      "id": "way/363297249"
    },
    {
      "type": "Feature",
      "properties": {
        "@id": "way/363309582",
        "leisure": "park",
        "name": "Shivaji Garden",
        "name:etymology:wikidata": "Q239505",
        "@geometry": "center"
      },
      "geometry": {
        "type": "Point",
        "coordinates": [
          73.0154241,
          19.0443665
        ]
      },
      "id": "way/363309582"
    },
    {
      "type": "Feature",
      "properties": {
        "@id": "way/363309583",
        "leisure": "park",
        "name": "CIDCO Garden",
        "@geometry": "center"
      },
      "geometry": {
        "type": "Point",
        "coordinates": [
          73.0166728,
          19.0425376
        ]
      },
      "id": "way/363309583"
    },
    {
      "type": "Feature",
      "properties": {
        "@id": "way/363309584",
        "leisure": "park",
        "name": "Bhausaheb Shere Garden",
        "@geometry": "center"
      },
      "geometry": {
        "type": "Point",
        "coordinates": [
          73.0180409,
          19.0415352
        ]
      },
      "id": "way/363309584"
    },
    {
      "type": "Feature",
      "properties": {
        "@id": "way/363309585",
        "leisure": "park",
        "name": "Pandit Rama Bhagat Park, nerul",
        "@geometry": "center"
      },
      "geometry": {
        "type": "Point",
        "coordinates": [
          73.0141281,
          19.0397896
        ]
      },
      "id": "way/363309585"
    },
    {
      "type": "Feature",
      "properties": {
        "@id": "way/363309586",
        "leisure": "park",
        "name": "Chhatrapati Sambhaji Raje Park",
        "name:etymology:wikidata": "Q2737041",
        "@geometry": "center"
      },
      "geometry": {
        "type": "Point",
        "coordinates": [
          73.0094184,
          19.0364114
        ]
      },
      "id": "way/363309586"
    },
    {
      "type": "Feature",
      "properties": {
        "@id": "way/363309587",
        "leisure": "park",
        "name": "Talav Park",
        "@geometry": "center"
      },
      "geometry": {
        "type": "Point",
        "coordinates": [
          73.0116443,
          19.0335612
        ]
      },
      "id": "way/363309587"
    },
    {
      "type": "Feature",
      "properties": {
        "@id": "way/363309589",
        "addr:city": "Navi Mumbai",
        "addr:housenumber": "Rock Garden",
        "addr:postcode": "400706",
        "addr:street": "Ring Road 5",
        "leisure": "park",
        "name": "Rock Garden, Nerul",
        "@geometry": "center"
      },
      "geometry": {
        "type": "Point",
        "coordinates": [
          73.020075,
          19.0302075
        ]
      },
      "id": "way/363309589"
    },
    {
      "type": "Feature",
      "properties": {
        "@id": "way/363309590",
        "leisure": "park",
        "name": "NMMC Park",
        "@geometry": "center"
      },
      "geometry": {
        "type": "Point",
        "coordinates": [
          73.0343975,
          19.0091101
        ]
      },
      "id": "way/363309590"
    },
    {
      "type": "Feature",
      "properties": {
        "@id": "way/363309597",
        "access": "yes",
        "addr:city": "seawoods",
        "addr:district": "Thane",
        "addr:housenumber": "sector 54",
        "addr:postcode": "400706",
        "addr:street": "Seawoods Estates Road",
        "description": "building 18 playground,  seawoods  estates NRI complex, sector 54,seawoods west,,navi mumbai, maharashtra,India.",
        "leisure": "park",
        "name": "Building 18 playground",
        "opening_hours": "Mo-Su 06:00-23:00",
        "operator": "NMMC",
        "operator:type": "operator:goverment",
        "@geometry": "center"
      },
      "geometry": {
        "type": "Point",
        "coordinates": [
          73.0166919,
          19.0031753
        ]
      },
      "id": "way/363309597"
    },
    {
      "type": "Feature",
      "properties": {
        "@id": "way/363690211",
        "leisure": "park",
        "@geometry": "center"
      },
      "geometry": {
        "type": "Point",
        "coordinates": [
          73.0765346,
          19.0484243
        ]
      },
      "id": "way/363690211"
    },
    {
      "type": "Feature",
      "properties": {
        "@id": "way/363690215",
        "leisure": "park",
        "name": "Nana Nani Park",
        "@geometry": "center"
      },
      "geometry": {
        "type": "Point",
        "coordinates": [
          73.0693917,
          19.0386293
        ]
      },
      "id": "way/363690215"
    },
    {
      "type": "Feature",
      "properties": {
        "@id": "way/363690217",
        "leisure": "park",
        "@geometry": "center"
      },
      "geometry": {
        "type": "Point",
        "coordinates": [
          73.0615404,
          19.0335527
        ]
      },
      "id": "way/363690217"
    },
    {
      "type": "Feature",
      "properties": {
        "@id": "way/363690219",
        "leisure": "park",
        "name": "Mahadev Mungaji Gharat Park",
        "@geometry": "center"
      },
      "geometry": {
        "type": "Point",
        "coordinates": [
          73.0605321,
          19.0317575
        ]
      },
      "id": "way/363690219"
    },
    {
      "type": "Feature",
      "properties": {
        "@id": "way/363690221",
        "leisure": "park",
        "@geometry": "center"
      },
      "geometry": {
        "type": "Point",
        "coordinates": [
          73.0582434,
          19.0261137
        ]
      },
      "id": "way/363690221"
    },
    {
      "type": "Feature",
      "properties": {
        "@id": "way/363690226",
        "leisure": "park",
        "@geometry": "center"
      },
      "geometry": {
        "type": "Point",
        "coordinates": [
          73.0684109,
          19.0308767
        ]
      },
      "id": "way/363690226"
    },
    {
      "type": "Feature",
      "properties": {
        "@id": "way/363690227",
        "leisure": "park",
        "@geometry": "center"
      },
      "geometry": {
        "type": "Point",
        "coordinates": [
          73.0745338,
          19.0331986
        ]
      },
      "id": "way/363690227"
    },
    {
      "type": "Feature",
      "properties": {
        "@id": "way/363690229",
        "leisure": "park",
        "name": "Kasturba Park",
        "@geometry": "center"
      },
      "geometry": {
        "type": "Point",
        "coordinates": [
          73.0411485,
          19.030125
        ]
      },
      "id": "way/363690229"
    },
    {
      "type": "Feature",
      "properties": {
        "@id": "way/363690230",
        "leisure": "park",
        "@geometry": "center"
      },
      "geometry": {
        "type": "Point",
        "coordinates": [
          73.0409796,
          19.029162
        ]
      },
      "id": "way/363690230"
    },
    {
      "type": "Feature",
      "properties": {
        "@id": "way/363690231",
        "leisure": "park",
        "name": "Ganesh Udhyan",
        "@geometry": "center"
      },
      "geometry": {
        "type": "Point",
        "coordinates": [
          73.0422646,
          19.0323571
        ]
      },
      "id": "way/363690231"
    },
    {
      "type": "Feature",
      "properties": {
        "@id": "way/363690234",
        "leisure": "park",
        "name": "Parsik Hill Park",
        "opening_hours": "Mo-Su 10:00-16:00",
        "operator": "NMMC",
        "@geometry": "center"
      },
      "geometry": {
        "type": "Point",
        "coordinates": [
          73.0327276,
          19.0223299
        ]
      },
      "id": "way/363690234"
    },
    {
      "type": "Feature",
      "properties": {
        "@id": "way/363690237",
        "leisure": "park",
        "name": "Mother Teresa Garden",
        "name:etymology:wikidata": "Q30547",
        "@geometry": "center"
      },
      "geometry": {
        "type": "Point",
        "coordinates": [
          73.0234519,
          19.028362
        ]
      },
      "id": "way/363690237"
    },
    {
      "type": "Feature",
      "properties": {
        "@id": "way/363717061",
        "leisure": "park",
        "@geometry": "center"
      },
      "geometry": {
        "type": "Point",
        "coordinates": [
          72.9871867,
          19.1514174
        ]
      },
      "id": "way/363717061"
    },
    {
      "type": "Feature",
      "properties": {
        "@id": "way/363717063",
        "leisure": "park",
        "@geometry": "center"
      },
      "geometry": {
        "type": "Point",
        "coordinates": [
          72.9906033,
          19.1503513
        ]
      },
      "id": "way/363717063"
    },
    {
      "type": "Feature",
      "properties": {
        "@id": "way/363717067",
        "leisure": "park",
        "@geometry": "center"
      },
      "geometry": {
        "type": "Point",
        "coordinates": [
          73.0056307,
          19.1299084
        ]
      },
      "id": "way/363717067"
    },
    {
      "type": "Feature",
      "properties": {
        "@id": "way/363718818",
        "addr:city": "navi mumbai",
        "addr:housenumber": "sector12",
        "addr:street": "sumit marg",
        "leisure": "park",
        "name": "sumitbhai park",
        "operator": "sumit",
        "@geometry": "center"
      },
      "geometry": {
        "type": "Point",
        "coordinates": [
          72.9944019,
          19.1545522
        ]
      },
      "id": "way/363718818"
    },
    {
      "type": "Feature",
      "properties": {
        "@id": "way/363726612",
        "leisure": "park",
        "@geometry": "center"
      },
      "geometry": {
        "type": "Point",
        "coordinates": [
          72.9543925,
          19.2736498
        ]
      },
      "id": "way/363726612"
    },
    {
      "type": "Feature",
      "properties": {
        "@id": "way/363728970",
        "leisure": "park",
        "@geometry": "center"
      },
      "geometry": {
        "type": "Point",
        "coordinates": [
          72.9703023,
          19.2708046
        ]
      },
      "id": "way/363728970"
    },
    {
      "type": "Feature",
      "properties": {
        "@id": "way/363728971",
        "leisure": "park",
        "@geometry": "center"
      },
      "geometry": {
        "type": "Point",
        "coordinates": [
          72.9795941,
          19.2513733
        ]
      },
      "id": "way/363728971"
    },
    {
      "type": "Feature",
      "properties": {
        "@id": "way/363732899",
        "leisure": "park",
        "@geometry": "center"
      },
      "geometry": {
        "type": "Point",
        "coordinates": [
          72.9929691,
          19.237793
        ]
      },
      "id": "way/363732899"
    },
    {
      "type": "Feature",
      "properties": {
        "@id": "way/363739901",
        "landuse": "grass",
        "leisure": "park",
        "name": "Sun Infotech Park",
        "@geometry": "center"
      },
      "geometry": {
        "type": "Point",
        "coordinates": [
          72.9567665,
          19.1963673
        ]
      },
      "id": "way/363739901"
    },
    {
      "type": "Feature",
      "properties": {
        "@id": "way/363739903",
        "leisure": "park",
        "@geometry": "center"
      },
      "geometry": {
        "type": "Point",
        "coordinates": [
          72.9325601,
          19.1029944
        ]
      },
      "id": "way/363739903"
    },
    {
      "type": "Feature",
      "properties": {
        "@id": "way/363753992",
        "leisure": "garden",
        "name": "Rose Garden",
        "@geometry": "center"
      },
      "geometry": {
        "type": "Point",
        "coordinates": [
          72.83781,
          18.9779256
        ]
      },
      "id": "way/363753992"
    },
    {
      "type": "Feature",
      "properties": {
        "@id": "way/363858216",
        "leisure": "park",
        "name": "R R Patil Garden",
        "opening_hours": "Mo-Su 06:00-12:00,15:00-21:00",
        "@geometry": "center"
      },
      "geometry": {
        "type": "Point",
        "coordinates": [
          72.9707471,
          19.1739517
        ]
      },
      "id": "way/363858216"
    },
    {
      "type": "Feature",
      "properties": {
        "@id": "way/363858801",
        "leisure": "park",
        "name": "ayooshi park",
        "old_name": "Lion Garden",
        "@geometry": "center"
      },
      "geometry": {
        "type": "Point",
        "coordinates": [
          72.8188325,
          19.0102651
        ]
      },
      "id": "way/363858801"
    },
    {
      "type": "Feature",
      "properties": {
        "@id": "way/363858802",
        "leisure": "park",
        "name": "Adya Shankaracharya Garden",
        "@geometry": "center"
      },
      "geometry": {
        "type": "Point",
        "coordinates": [
          72.8164751,
          19.0078832
        ]
      },
      "id": "way/363858802"
    },
    {
      "type": "Feature",
      "properties": {
        "@id": "way/363871437",
        "leisure": "park",
        "@geometry": "center"
      },
      "geometry": {
        "type": "Point",
        "coordinates": [
          72.8526188,
          19.3069119
        ]
      },
      "id": "way/363871437"
    },
    {
      "type": "Feature",
      "properties": {
        "@id": "way/363871439",
        "leisure": "park",
        "@geometry": "center"
      },
      "geometry": {
        "type": "Point",
        "coordinates": [
          72.8524791,
          19.3076874
        ]
      },
      "id": "way/363871439"
    },
    {
      "type": "Feature",
      "properties": {
        "@id": "way/363871442",
        "leisure": "park",
        "@geometry": "center"
      },
      "geometry": {
        "type": "Point",
        "coordinates": [
          72.8635587,
          19.3004986
        ]
      },
      "id": "way/363871442"
    },
    {
      "type": "Feature",
      "properties": {
        "@id": "way/363871443",
        "garden:type": "residential",
        "leisure": "garden",
        "@geometry": "center"
      },
      "geometry": {
        "type": "Point",
        "coordinates": [
          72.8634316,
          19.2991897
        ]
      },
      "id": "way/363871443"
    },
    {
      "type": "Feature",
      "properties": {
        "@id": "way/363871450",
        "leisure": "park",
        "@geometry": "center"
      },
      "geometry": {
        "type": "Point",
        "coordinates": [
          72.8762562,
          19.2841038
        ]
      },
      "id": "way/363871450"
    },
    {
      "type": "Feature",
      "properties": {
        "@id": "way/363871453",
        "leisure": "garden",
        "@geometry": "center"
      },
      "geometry": {
        "type": "Point",
        "coordinates": [
          72.8722091,
          19.2712358
        ]
      },
      "id": "way/363871453"
    },
    {
      "type": "Feature",
      "properties": {
        "@id": "way/363871455",
        "access": "private",
        "garden:type": "private",
        "leisure": "garden",
        "name": "Sankalp Garden",
        "@geometry": "center"
      },
      "geometry": {
        "type": "Point",
        "coordinates": [
          72.8614387,
          19.271584
        ]
      },
      "id": "way/363871455"
    },
    {
      "type": "Feature",
      "properties": {
        "@id": "way/363871457",
        "access": "private",
        "garden:type": "private",
        "leisure": "garden",
        "name": "Satsang Garden",
        "@geometry": "center"
      },
      "geometry": {
        "type": "Point",
        "coordinates": [
          72.8619374,
          19.2724874
        ]
      },
      "id": "way/363871457"
    },
    {
      "type": "Feature",
      "properties": {
        "@id": "way/363871458",
        "leisure": "garden",
        "@geometry": "center"
      },
      "geometry": {
        "type": "Point",
        "coordinates": [
          72.8623896,
          19.2716723
        ]
      },
      "id": "way/363871458"
    },
    {
      "type": "Feature",
      "properties": {
        "@id": "way/363871459",
        "access": "private",
        "garden:type": "private",
        "leisure": "garden",
        "name": "Sankal Garden",
        "@geometry": "center"
      },
      "geometry": {
        "type": "Point",
        "coordinates": [
          72.8611197,
          19.2728465
        ]
      },
      "id": "way/363871459"
    },
    {
      "type": "Feature",
      "properties": {
        "@id": "way/363871462",
        "leisure": "park",
        "@geometry": "center"
      },
      "geometry": {
        "type": "Point",
        "coordinates": [
          72.864177,
          19.2726225
        ]
      },
      "id": "way/363871462"
    },
    {
      "type": "Feature",
      "properties": {
        "@id": "way/363871464",
        "addr:city": "MIRA ROAD",
        "addr:district": "THANE",
        "addr:housenumber": "108",
        "addr:postcode": "401107",
        "addr:street": "SONAWALA BATLIWALA GANJU BHAI MARG",
        "denomination": "ethiopian_orthodox",
        "leisure": "garden",
        "service_times": "24 HOURS",
        "@geometry": "center"
      },
      "geometry": {
        "type": "Point",
        "coordinates": [
          72.862286,
          19.2733134
        ]
      },
      "id": "way/363871464"
    },
    {
      "type": "Feature",
      "properties": {
        "@id": "way/363871465",
        "leisure": "garden",
        "@geometry": "center"
      },
      "geometry": {
        "type": "Point",
        "coordinates": [
          72.8616449,
          19.273605
        ]
      },
      "id": "way/363871465"
    },
    {
      "type": "Feature",
      "properties": {
        "@id": "way/363871468",
        "leisure": "garden",
        "@geometry": "center"
      },
      "geometry": {
        "type": "Point",
        "coordinates": [
          72.8593562,
          19.2741837
        ]
      },
      "id": "way/363871468"
    },
    {
      "type": "Feature",
      "properties": {
        "@id": "way/363871469",
        "addr:city": "Mira Road East, Thane",
        "addr:postcode": "401107",
        "addr:street": "Poonam Sagar Complex",
        "alt_name": "Major Kaustubh Rane Park",
        "leisure": "park",
        "name": "Joggers Park",
        "opening_hours": "Mo-Su 05:00-10:00",
        "opening_hours:covid19": "Mo-Su 16:00-19:30",
        "operator": "MBMC",
        "operator:type": "government",
        "@geometry": "center"
      },
      "geometry": {
        "type": "Point",
        "coordinates": [
          72.8579194,
          19.274596
        ]
      },
      "id": "way/363871469"
    },
    {
      "type": "Feature",
      "properties": {
        "@id": "way/363871483",
        "leisure": "park",
        "@geometry": "center"
      },
      "geometry": {
        "type": "Point",
        "coordinates": [
          72.8657968,
          19.2774492
        ]
      },
      "id": "way/363871483"
    },
    {
      "type": "Feature",
      "properties": {
        "@id": "way/363871484",
        "leisure": "park",
        "@geometry": "center"
      },
      "geometry": {
        "type": "Point",
        "coordinates": [
          72.8661419,
          19.2784854
        ]
      },
      "id": "way/363871484"
    },
    {
      "type": "Feature",
      "properties": {
        "@id": "way/363871485",
        "leisure": "park",
        "@geometry": "center"
      },
      "geometry": {
        "type": "Point",
        "coordinates": [
          72.8657998,
          19.2788276
        ]
      },
      "id": "way/363871485"
    },
    {
      "type": "Feature",
      "properties": {
        "@id": "way/363871495",
        "leisure": "park",
        "@geometry": "center"
      },
      "geometry": {
        "type": "Point",
        "coordinates": [
          72.8662653,
          19.2812478
        ]
      },
      "id": "way/363871495"
    },
    {
      "type": "Feature",
      "properties": {
        "@id": "way/363871497",
        "leisure": "garden",
        "@geometry": "center"
      },
      "geometry": {
        "type": "Point",
        "coordinates": [
          72.8703506,
          19.2784755
        ]
      },
      "id": "way/363871497"
    },
    {
      "type": "Feature",
      "properties": {
        "@id": "way/363871499",
        "leisure": "park",
        "@geometry": "center"
      },
      "geometry": {
        "type": "Point",
        "coordinates": [
          72.8713063,
          19.2773069
        ]
      },
      "id": "way/363871499"
    },
    {
      "type": "Feature",
      "properties": {
        "@id": "way/363871502",
        "leisure": "garden",
        "@geometry": "center"
      },
      "geometry": {
        "type": "Point",
        "coordinates": [
          72.8765903,
          19.2774479
        ]
      },
      "id": "way/363871502"
    },
    {
      "type": "Feature",
      "properties": {
        "@id": "way/363871511",
        "leisure": "park",
        "@geometry": "center"
      },
      "geometry": {
        "type": "Point",
        "coordinates": [
          72.8630644,
          19.2476901
        ]
      },
      "id": "way/363871511"
    },
    {
      "type": "Feature",
      "properties": {
        "@id": "way/363871513",
        "leisure": "park",
        "name": "Shrikant Thakrey BMC Park",
        "opening_hours": "Mo-Su 07:00-12:00, 16:00-20:00",
        "operator": "BMC",
        "@geometry": "center"
      },
      "geometry": {
        "type": "Point",
        "coordinates": [
          72.8711655,
          19.2164483
        ]
      },
      "id": "way/363871513"
    },
    {
      "type": "Feature",
      "properties": {
        "@id": "way/363871515",
        "leisure": "park",
        "@geometry": "center"
      },
      "geometry": {
        "type": "Point",
        "coordinates": [
          72.8734258,
          19.2151776
        ]
      },
      "id": "way/363871515"
    },
    {
      "type": "Feature",
      "properties": {
        "@id": "way/363871518",
        "leisure": "park",
        "@geometry": "center"
      },
      "geometry": {
        "type": "Point",
        "coordinates": [
          72.8763354,
          19.2108054
        ]
      },
      "id": "way/363871518"
    },
    {
      "type": "Feature",
      "properties": {
        "@id": "way/363871521",
        "leisure": "park",
        "@geometry": "center"
      },
      "geometry": {
        "type": "Point",
        "coordinates": [
          72.8763294,
          19.2115852
        ]
      },
      "id": "way/363871521"
    },
    {
      "type": "Feature",
      "properties": {
        "@id": "way/363871522",
        "leisure": "park",
        "@geometry": "center"
      },
      "geometry": {
        "type": "Point",
        "coordinates": [
          72.8723816,
          19.2107918
        ]
      },
      "id": "way/363871522"
    },
    {
      "type": "Feature",
      "properties": {
        "@id": "way/363871523",
        "leisure": "park",
        "name": "Thakur Stadium",
        "@geometry": "center"
      },
      "geometry": {
        "type": "Point",
        "coordinates": [
          72.8751286,
          19.2082423
        ]
      },
      "id": "way/363871523"
    },
    {
      "type": "Feature",
      "properties": {
        "@id": "way/363871524",
        "leisure": "park",
        "@geometry": "center"
      },
      "geometry": {
        "type": "Point",
        "coordinates": [
          72.8770174,
          19.2080027
        ]
      },
      "id": "way/363871524"
    },
    {
      "type": "Feature",
      "properties": {
        "@id": "way/363893672",
        "leisure": "park",
        "@geometry": "center"
      },
      "geometry": {
        "type": "Point",
        "coordinates": [
          72.8665829,
          19.2557755
        ]
      },
      "id": "way/363893672"
    },
    {
      "type": "Feature",
      "properties": {
        "@id": "way/363893673",
        "addr:street": "Chatrapati Shivaji Road",
        "leisure": "park",
        "name": "Jari Mari Udhyan",
        "name:en": "Jari Mari Udhyan",
        "@geometry": "center"
      },
      "geometry": {
        "type": "Point",
        "coordinates": [
          72.8646346,
          19.2541252
        ]
      },
      "id": "way/363893673"
    },
    {
      "type": "Feature",
      "properties": {
        "@id": "way/363893675",
        "leisure": "park",
        "name": "ACHARYA VINOBA BHAVE UDYAN",
        "@geometry": "center"
      },
      "geometry": {
        "type": "Point",
        "coordinates": [
          72.8553496,
          19.2532226
        ]
      },
      "id": "way/363893675"
    },
    {
      "type": "Feature",
      "properties": {
        "@id": "way/363893678",
        "leisure": "park",
        "name": "BMC Tukaram Park",
        "@geometry": "center"
      },
      "geometry": {
        "type": "Point",
        "coordinates": [
          72.8461696,
          19.248847
        ]
      },
      "id": "way/363893678"
    },
    {
      "type": "Feature",
      "properties": {
        "@id": "way/363893679",
        "leisure": "park",
        "name": "green park",
        "@geometry": "center"
      },
      "geometry": {
        "type": "Point",
        "coordinates": [
          72.8474551,
          19.2515374
        ]
      },
      "id": "way/363893679"
    },
    {
      "type": "Feature",
      "properties": {
        "@id": "way/363893681",
        "leisure": "park",
        "name": "Mother Teresa Park",
        "name:etymology:wikidata": "Q30547",
        "@geometry": "center"
      },
      "geometry": {
        "type": "Point",
        "coordinates": [
          72.8461236,
          19.2458168
        ]
      },
      "id": "way/363893681"
    },
    {
      "type": "Feature",
      "properties": {
        "@id": "way/363893682",
        "leisure": "park",
        "@geometry": "center"
      },
      "geometry": {
        "type": "Point",
        "coordinates": [
          72.8460861,
          19.2435097
        ]
      },
      "id": "way/363893682"
    },
    {
      "type": "Feature",
      "properties": {
        "@id": "way/363893684",
        "leisure": "park",
        "name": "yogi garden",
        "@geometry": "center"
      },
      "geometry": {
        "type": "Point",
        "coordinates": [
          72.8431192,
          19.2343282
        ]
      },
      "id": "way/363893684"
    },
    {
      "type": "Feature",
      "properties": {
        "@id": "way/363893685",
        "leisure": "park",
        "@geometry": "center"
      },
      "geometry": {
        "type": "Point",
        "coordinates": [
          72.8359277,
          19.2330145
        ]
      },
      "id": "way/363893685"
    },
    {
      "type": "Feature",
      "properties": {
        "@id": "way/363893686",
        "leisure": "park",
        "@geometry": "center"
      },
      "geometry": {
        "type": "Point",
        "coordinates": [
          72.8507226,
          19.2311891
        ]
      },
      "id": "way/363893686"
    },
    {
      "type": "Feature",
      "properties": {
        "@id": "way/363893688",
        "leisure": "park",
        "@geometry": "center"
      },
      "geometry": {
        "type": "Point",
        "coordinates": [
          72.8553393,
          19.2341548
        ]
      },
      "id": "way/363893688"
    },
    {
      "type": "Feature",
      "properties": {
        "@id": "way/363893689",
        "leisure": "park",
        "name": "Abhinav-Vasant Jogger's Park",
        "@geometry": "center"
      },
      "geometry": {
        "type": "Point",
        "coordinates": [
          72.8424553,
          19.227333
        ]
      },
      "id": "way/363893689"
    },
    {
      "type": "Feature",
      "properties": {
        "@id": "way/363893690",
        "leisure": "garden",
        "@geometry": "center"
      },
      "geometry": {
        "type": "Point",
        "coordinates": [
          72.8465308,
          19.2262915
        ]
      },
      "id": "way/363893690"
    },
    {
      "type": "Feature",
      "properties": {
        "@id": "way/363893693",
        "leisure": "park",
        "name": "Balaji Recreational Park",
        "opening_hours": "Mo-Su 06:00-22:00",
        "@geometry": "center"
      },
      "geometry": {
        "type": "Point",
        "coordinates": [
          72.8344001,
          19.2219167
        ]
      },
      "id": "way/363893693"
    },
    {
      "type": "Feature",
      "properties": {
        "@id": "way/363893694",
        "access": "customers",
        "leisure": "park",
        "name": "P L Deshpande Garden",
        "name:etymology:wikidata": "Q3595161",
        "@geometry": "center"
      },
      "geometry": {
        "type": "Point",
        "coordinates": [
          72.8403696,
          19.2262142
        ]
      },
      "id": "way/363893694"
    },
    {
      "type": "Feature",
      "properties": {
        "@id": "way/363904544",
        "leisure": "park",
        "@geometry": "center"
      },
      "geometry": {
        "type": "Point",
        "coordinates": [
          72.8457109,
          19.2223007
        ]
      },
      "id": "way/363904544"
    },
    {
      "type": "Feature",
      "properties": {
        "@id": "way/363904545",
        "leisure": "park",
        "@geometry": "center"
      },
      "geometry": {
        "type": "Point",
        "coordinates": [
          72.8465714,
          19.2223003
        ]
      },
      "id": "way/363904545"
    },
    {
      "type": "Feature",
      "properties": {
        "@id": "way/363904546",
        "leisure": "park",
        "operator": "BMC",
        "@geometry": "center"
      },
      "geometry": {
        "type": "Point",
        "coordinates": [
          72.8499894,
          19.2233079
        ]
      },
      "id": "way/363904546"
    },
    {
      "type": "Feature",
      "properties": {
        "@id": "way/363904547",
        "leisure": "park",
        "name": "Jawaharlal Nehru Udyana",
        "name:etymology:wikidata": "Q1047",
        "@geometry": "center"
      },
      "geometry": {
        "type": "Point",
        "coordinates": [
          72.8444645,
          19.2178615
        ]
      },
      "id": "way/363904547"
    },
    {
      "type": "Feature",
      "properties": {
        "@id": "way/363904548",
        "addr:city": "Mumbai",
        "addr:housenumber": "Mahavir Nagar Borivali",
        "addr:postcode": "400067",
        "addr:street": "Mantanpada Road",
        "leisure": "park",
        "name": "Sardar Vallabhbai Park",
        "name:etymology:wikidata": "Q9455",
        "opening_hours:covid19": "Hours or services my differ due to COVID-19",
        "@geometry": "center"
      },
      "geometry": {
        "type": "Point",
        "coordinates": [
          72.8454562,
          19.2146688
        ]
      },
      "id": "way/363904548"
    },
    {
      "type": "Feature",
      "properties": {
        "@id": "way/363904551",
        "access": "yes",
        "addr:city": "mumbai",
        "addr:postcode": "400067",
        "addr:street": "shankar lane",
        "leisure": "park",
        "name": "svp garden",
        "@geometry": "center"
      },
      "geometry": {
        "type": "Point",
        "coordinates": [
          72.8456849,
          19.1961789
        ]
      },
      "id": "way/363904551"
    },
    {
      "type": "Feature",
      "properties": {
        "@id": "way/363904552",
        "leisure": "park",
        "@geometry": "center"
      },
      "geometry": {
        "type": "Point",
        "coordinates": [
          72.8308234,
          19.1865843
        ]
      },
      "id": "way/363904552"
    },
    {
      "type": "Feature",
      "properties": {
        "@id": "way/363904559",
        "leisure": "park",
        "@geometry": "center"
      },
      "geometry": {
        "type": "Point",
        "coordinates": [
          72.846833,
          19.1614941
        ]
      },
      "id": "way/363904559"
    },
    {
      "type": "Feature",
      "properties": {
        "@id": "way/363927068",
        "leisure": "park",
        "@geometry": "center"
      },
      "geometry": {
        "type": "Point",
        "coordinates": [
          72.8246537,
          19.1218929
        ]
      },
      "id": "way/363927068"
    },
    {
      "type": "Feature",
      "properties": {
        "@id": "way/363927069",
        "leisure": "garden",
        "@geometry": "center"
      },
      "geometry": {
        "type": "Point",
        "coordinates": [
          72.8254895,
          19.1226217
        ]
      },
      "id": "way/363927069"
    },
    {
      "type": "Feature",
      "properties": {
        "@id": "way/363927070",
        "leisure": "park",
        "@geometry": "center"
      },
      "geometry": {
        "type": "Point",
        "coordinates": [
          72.8374111,
          19.1092005
        ]
      },
      "id": "way/363927070"
    },
    {
      "type": "Feature",
      "properties": {
        "@id": "way/363927071",
        "leisure": "park",
        "@geometry": "center"
      },
      "geometry": {
        "type": "Point",
        "coordinates": [
          72.840479,
          19.0978376
        ]
      },
      "id": "way/363927071"
    },
    {
      "type": "Feature",
      "properties": {
        "@id": "way/363927072",
        "leisure": "park",
        "@geometry": "center"
      },
      "geometry": {
        "type": "Point",
        "coordinates": [
          72.8407459,
          19.088649
        ]
      },
      "id": "way/363927072"
    },
    {
      "type": "Feature",
      "properties": {
        "@id": "way/363927073",
        "leisure": "park",
        "name": "Sector 3 Musical Theme Park",
        "@geometry": "center"
      },
      "geometry": {
        "type": "Point",
        "coordinates": [
          72.8325301,
          19.2177418
        ]
      },
      "id": "way/363927073"
    },
    {
      "type": "Feature",
      "properties": {
        "@id": "way/363927074",
        "leisure": "garden",
        "name": "Municipal Garden",
        "@geometry": "center"
      },
      "geometry": {
        "type": "Point",
        "coordinates": [
          72.8203298,
          19.2135939
        ]
      },
      "id": "way/363927074"
    },
    {
      "type": "Feature",
      "properties": {
        "@id": "way/363927076",
        "leisure": "garden",
        "name": "Desai Garden",
        "@geometry": "center"
      },
      "geometry": {
        "type": "Point",
        "coordinates": [
          72.8230128,
          19.1957321
        ]
      },
      "id": "way/363927076"
    },
    {
      "type": "Feature",
      "properties": {
        "@id": "way/363927077",
        "leisure": "park",
        "@geometry": "center"
      },
      "geometry": {
        "type": "Point",
        "coordinates": [
          72.8142536,
          19.1962281
        ]
      },
      "id": "way/363927077"
    },
    {
      "type": "Feature",
      "properties": {
        "@id": "way/363927078",
        "leisure": "park",
        "@geometry": "center"
      },
      "geometry": {
        "type": "Point",
        "coordinates": [
          72.8226819,
          19.1872274
        ]
      },
      "id": "way/363927078"
    },
    {
      "type": "Feature",
      "properties": {
        "@id": "way/363938048",
        "leisure": "park",
        "@geometry": "center"
      },
      "geometry": {
        "type": "Point",
        "coordinates": [
          72.8684774,
          19.198273
        ]
      },
      "id": "way/363938048"
    },
    {
      "type": "Feature",
      "properties": {
        "@id": "way/363938049",
        "leisure": "park",
        "@geometry": "center"
      },
      "geometry": {
        "type": "Point",
        "coordinates": [
          72.8696662,
          19.1976242
        ]
      },
      "id": "way/363938049"
    },
    {
      "type": "Feature",
      "properties": {
        "@id": "way/363938050",
        "addr:city": "Kandivali",
        "addr:postcode": "400101",
        "addr:street": "Akurli Road",
        "leisure": "park",
        "@geometry": "center"
      },
      "geometry": {
        "type": "Point",
        "coordinates": [
          72.8724094,
          19.1999996
        ]
      },
      "id": "way/363938050"
    },
    {
      "type": "Feature",
      "properties": {
        "@id": "way/363938051",
        "leisure": "garden",
        "@geometry": "center"
      },
      "geometry": {
        "type": "Point",
        "coordinates": [
          72.8665395,
          19.1885936
        ]
      },
      "id": "way/363938051"
    },
    {
      "type": "Feature",
      "properties": {
        "@id": "way/363938053",
        "leisure": "park",
        "@geometry": "center"
      },
      "geometry": {
        "type": "Point",
        "coordinates": [
          72.8635124,
          19.1798443
        ]
      },
      "id": "way/363938053"
    },
    {
      "type": "Feature",
      "properties": {
        "@id": "way/372596266",
        "leisure": "park",
        "name": "Cidco Park",
        "opening_hours": "24/7",
        "@geometry": "center"
      },
      "geometry": {
        "type": "Point",
        "coordinates": [
          73.0758393,
          19.0460915
        ]
      },
      "id": "way/372596266"
    },
    {
      "type": "Feature",
      "properties": {
        "@id": "way/384534225",
        "leisure": "park",
        "@geometry": "center"
      },
      "geometry": {
        "type": "Point",
        "coordinates": [
          72.8157457,
          19.1351377
        ]
      },
      "id": "way/384534225"
    },
    {
      "type": "Feature",
      "properties": {
        "@id": "way/390218871",
        "leisure": "park",
        "name": "Dadabhai Naoroji Udyan",
        "name:hi": "दादाभाई नौरोजी उद्यान",
        "old_name": "Seven Bungalows Park",
        "@geometry": "center"
      },
      "geometry": {
        "type": "Point",
        "coordinates": [
          72.817,
          19.1291011
        ]
      },
      "id": "way/390218871"
    },
    {
      "type": "Feature",
      "properties": {
        "@id": "way/391919542",
        "addr:postcode": "400082",
        "addr:street": "Agrawal Rd",
        "leisure": "park",
        "name": "Sardar Pratap Singh Manoranjan Maidan",
        "name:en": "Sardar Pratap Singh Garden",
        "opening_hours": "Mo-Su 06:00-23:00",
        "phone": "+917977992670",
        "@geometry": "center"
      },
      "geometry": {
        "type": "Point",
        "coordinates": [
          72.9388347,
          19.180726
        ]
      },
      "id": "way/391919542"
    },
    {
      "type": "Feature",
      "properties": {
        "@id": "way/396345353",
        "leisure": "park",
        "name": "Pestom Sagar Citizens Ground",
        "@geometry": "center"
      },
      "geometry": {
        "type": "Point",
        "coordinates": [
          72.9047531,
          19.0705952
        ]
      },
      "id": "way/396345353"
    },
    {
      "type": "Feature",
      "properties": {
        "@id": "way/410860384",
        "access": "private",
        "leisure": "park",
        "@geometry": "center"
      },
      "geometry": {
        "type": "Point",
        "coordinates": [
          72.826119,
          18.9792044
        ]
      },
      "id": "way/410860384"
    },
    {
      "type": "Feature",
      "properties": {
        "@id": "way/412525082",
        "leisure": "garden",
        "name": "Almond Grove",
        "operator": "Tata Institute of Fundamental Research",
        "operator:type": "university",
        "@geometry": "center"
      },
      "geometry": {
        "type": "Point",
        "coordinates": [
          72.8045604,
          18.9073534
        ]
      },
      "id": "way/412525082"
    },
    {
      "type": "Feature",
      "properties": {
        "@id": "way/416521085",
        "leisure": "park",
        "name": "Dr. Keshav Baliram Hedgewar Garden",
        "name:etymology:wikidata": "Q3497648",
        "opening_hours": "06:00-22:00",
        "operator": "Brihanmumbai Municipal Corporation",
        "@geometry": "center"
      },
      "geometry": {
        "type": "Point",
        "coordinates": [
          72.9049638,
          19.0730464
        ]
      },
      "id": "way/416521085"
    },
    {
      "type": "Feature",
      "properties": {
        "@id": "way/423855163",
        "leisure": "park",
        "@geometry": "center"
      },
      "geometry": {
        "type": "Point",
        "coordinates": [
          72.8068175,
          19.2277926
        ]
      },
      "id": "way/423855163"
    },
    {
      "type": "Feature",
      "properties": {
        "@id": "way/423855164",
        "leisure": "park",
        "@geometry": "center"
      },
      "geometry": {
        "type": "Point",
        "coordinates": [
          72.8050861,
          19.2278034
        ]
      },
      "id": "way/423855164"
    },
    {
      "type": "Feature",
      "properties": {
        "@id": "way/423855165",
        "leisure": "park",
        "@geometry": "center"
      },
      "geometry": {
        "type": "Point",
        "coordinates": [
          72.8049481,
          19.2277528
        ]
      },
      "id": "way/423855165"
    },
    {
      "type": "Feature",
      "properties": {
        "@id": "way/423861771",
        "leisure": "park",
        "@geometry": "center"
      },
      "geometry": {
        "type": "Point",
        "coordinates": [
          72.8062958,
          19.2272444
        ]
      },
      "id": "way/423861771"
    },
    {
      "type": "Feature",
      "properties": {
        "@id": "way/427199175",
        "leisure": "park",
        "@geometry": "center"
      },
      "geometry": {
        "type": "Point",
        "coordinates": [
          72.8816633,
          19.0620171
        ]
      },
      "id": "way/427199175"
    },
    {
      "type": "Feature",
      "properties": {
        "@id": "way/430028106",
        "leisure": "park",
        "name": "VES ground",
        "@geometry": "center"
      },
      "geometry": {
        "type": "Point",
        "coordinates": [
          72.8898015,
          19.0433045
        ]
      },
      "id": "way/430028106"
    },
    {
      "type": "Feature",
      "properties": {
        "@id": "way/430029988",
        "leisure": "park",
        "@geometry": "center"
      },
      "geometry": {
        "type": "Point",
        "coordinates": [
          72.8392992,
          18.9966237
        ]
      },
      "id": "way/430029988"
    },
    {
      "type": "Feature",
      "properties": {
        "@id": "way/430412655",
        "leisure": "park",
        "@geometry": "center"
      },
      "geometry": {
        "type": "Point",
        "coordinates": [
          72.8668816,
          19.0664883
        ]
      },
      "id": "way/430412655"
    },
    {
      "type": "Feature",
      "properties": {
        "@id": "way/433207583",
        "leisure": "park",
        "@geometry": "center"
      },
      "geometry": {
        "type": "Point",
        "coordinates": [
          72.867915,
          19.2737352
        ]
      },
      "id": "way/433207583"
    },
    {
      "type": "Feature",
      "properties": {
        "@id": "way/434904717",
        "leisure": "park",
        "@geometry": "center"
      },
      "geometry": {
        "type": "Point",
        "coordinates": [
          72.8507911,
          19.0525501
        ]
      },
      "id": "way/434904717"
    },
    {
      "type": "Feature",
      "properties": {
        "@id": "way/434904720",
        "leisure": "park",
        "name": "Shivaji Garden",
        "@geometry": "center"
      },
      "geometry": {
        "type": "Point",
        "coordinates": [
          72.8452466,
          19.0597761
        ]
      },
      "id": "way/434904720"
    },
    {
      "type": "Feature",
      "properties": {
        "@id": "way/434914793",
        "leisure": "garden",
        "@geometry": "center"
      },
      "geometry": {
        "type": "Point",
        "coordinates": [
          72.8346995,
          18.9227605
        ]
      },
      "id": "way/434914793"
    },
    {
      "type": "Feature",
      "properties": {
        "@id": "way/436218412",
        "leisure": "park",
        "name": "N Ward Park",
        "@geometry": "center"
      },
      "geometry": {
        "type": "Point",
        "coordinates": [
          72.9189296,
          19.0974525
        ]
      },
      "id": "way/436218412"
    },
    {
      "type": "Feature",
      "properties": {
        "@id": "way/436224076",
        "leisure": "park",
        "@geometry": "center"
      },
      "geometry": {
        "type": "Point",
        "coordinates": [
          72.8774799,
          19.104751
        ]
      },
      "id": "way/436224076"
    },
    {
      "type": "Feature",
      "properties": {
        "@id": "way/436339856",
        "leisure": "park",
        "name": "Rajmata Ahilyabai Holkar Udyan",
        "name:etymology:wikidata": "Q2722727",
        "@geometry": "center"
      },
      "geometry": {
        "type": "Point",
        "coordinates": [
          72.8720958,
          19.060902
        ]
      },
      "id": "way/436339856"
    },
    {
      "type": "Feature",
      "properties": {
        "@id": "way/436370617",
        "leisure": "park",
        "@geometry": "center"
      },
      "geometry": {
        "type": "Point",
        "coordinates": [
          72.8585667,
          19.0845979
        ]
      },
      "id": "way/436370617"
    },
    {
      "type": "Feature",
      "properties": {
        "@id": "way/438515700",
        "leisure": "garden",
        "name": "Tata Garden",
        "@geometry": "center"
      },
      "geometry": {
        "type": "Point",
        "coordinates": [
          72.8190486,
          18.9257796
        ]
      },
      "id": "way/438515700"
    },
    {
      "type": "Feature",
      "properties": {
        "@id": "way/438516420",
        "leisure": "garden",
        "name": "Expt. Garden",
        "@geometry": "center"
      },
      "geometry": {
        "type": "Point",
        "coordinates": [
          72.8199165,
          18.9257514
        ]
      },
      "id": "way/438516420"
    },
    {
      "type": "Feature",
      "properties": {
        "@id": "way/438516422",
        "leisure": "garden",
        "name": "Sunken Garde",
        "@geometry": "center"
      },
      "geometry": {
        "type": "Point",
        "coordinates": [
          72.8203376,
          18.9255589
        ]
      },
      "id": "way/438516422"
    },
    {
      "type": "Feature",
      "properties": {
        "@id": "way/439776910",
        "addr:postcode": "401101",
        "addr:street": "Maxus Mall Road",
        "dog": "yes",
        "leisure": "park",
        "name": "Joggers Park",
        "opening_hours": "05:00-11:00,17:00-22:30",
        "operator": "Mira Bhayander Municipal Corporation",
        "@geometry": "center"
      },
      "geometry": {
        "type": "Point",
        "coordinates": [
          72.8476596,
          19.2946524
        ]
      },
      "id": "way/439776910"
    },
    {
      "type": "Feature",
      "properties": {
        "@id": "way/439776913",
        "leisure": "park",
        "@geometry": "center"
      },
      "geometry": {
        "type": "Point",
        "coordinates": [
          72.862177,
          19.2853676
        ]
      },
      "id": "way/439776913"
    },
    {
      "type": "Feature",
      "properties": {
        "@id": "way/439776914",
        "leisure": "park",
        "name": "Chacha Nehru Children Garden",
        "name:etymology:wikidata": "Q1047",
        "@geometry": "center"
      },
      "geometry": {
        "type": "Point",
        "coordinates": [
          72.8582439,
          19.3165375
        ]
      },
      "id": "way/439776914"
    },
    {
      "type": "Feature",
      "properties": {
        "@id": "way/441268775",
        "leisure": "park",
        "name": "Matoshree Ramabai Thackrey Udyan",
        "name:etymology:wikidata": "Q103980364",
        "@geometry": "center"
      },
      "geometry": {
        "type": "Point",
        "coordinates": [
          72.8262555,
          18.999877
        ]
      },
      "id": "way/441268775"
    },
    {
      "type": "Feature",
      "properties": {
        "@id": "way/448443706",
        "leisure": "garden",
        "@geometry": "center"
      },
      "geometry": {
        "type": "Point",
        "coordinates": [
          72.8654246,
          19.2615629
        ]
      },
      "id": "way/448443706"
    },
    {
      "type": "Feature",
      "properties": {
        "@id": "way/461274055",
        "leisure": "park",
        "name": "Shree Ganesh Udyan-Tilak Nagar",
        "@geometry": "center"
      },
      "geometry": {
        "type": "Point",
        "coordinates": [
          72.8962122,
          19.067434
        ]
      },
      "id": "way/461274055"
    },
    {
      "type": "Feature",
      "properties": {
        "@id": "way/461275544",
        "leisure": "park",
        "name": "Maharashtra Ekyavardak Ground",
        "@geometry": "center"
      },
      "geometry": {
        "type": "Point",
        "coordinates": [
          72.8955241,
          19.0670294
        ]
      },
      "id": "way/461275544"
    },
    {
      "type": "Feature",
      "properties": {
        "@id": "way/461276228",
        "leisure": "park",
        "name": "Rock Garden- Vrindavan Colony",
        "@geometry": "center"
      },
      "geometry": {
        "type": "Point",
        "coordinates": [
          72.8998902,
          19.0718399
        ]
      },
      "id": "way/461276228"
    },
    {
      "type": "Feature",
      "properties": {
        "@id": "way/461279149",
        "leisure": "park",
        "name": "Khandeshwar Udyan",
        "@geometry": "center"
      },
      "geometry": {
        "type": "Point",
        "coordinates": [
          73.1085079,
          19.0117375
        ]
      },
      "id": "way/461279149"
    },
    {
      "type": "Feature",
      "properties": {
        "@id": "way/461279334",
        "leisure": "park",
        "name": "Gopinath Munde Garden",
        "opening_hours": "Mo-Su 07:00-22:00",
        "@geometry": "center"
      },
      "geometry": {
        "type": "Point",
        "coordinates": [
          73.1140585,
          19.0080356
        ]
      },
      "id": "way/461279334"
    },
    {
      "type": "Feature",
      "properties": {
        "@id": "way/464420463",
        "leisure": "park",
        "name": "Rotary Park",
        "@geometry": "center"
      },
      "geometry": {
        "type": "Point",
        "coordinates": [
          72.8214545,
          19.0501669
        ]
      },
      "id": "way/464420463"
    },
    {
      "type": "Feature",
      "properties": {
        "@id": "way/464673269",
        "leisure": "park",
        "name": "Sadhu Vaswani Garden",
        "name:etymology:wikidata": "Q3634783",
        "@geometry": "center"
      },
      "geometry": {
        "type": "Point",
        "coordinates": [
          72.8373084,
          19.0599762
        ]
      },
      "id": "way/464673269"
    },
    {
      "type": "Feature",
      "properties": {
        "@id": "way/465342834",
        "leisure": "park",
        "@geometry": "center"
      },
      "geometry": {
        "type": "Point",
        "coordinates": [
          72.9032772,
          19.0827842
        ]
      },
      "id": "way/465342834"
    },
    {
      "type": "Feature",
      "properties": {
        "@id": "way/465342902",
        "addr:city": "Ghatkopar",
        "addr:housenumber": "Navroji Lane",
        "addr:postcode": "400086",
        "addr:street": "Cama Lane",
        "leisure": "park",
        "name": "Munisurat Garden Pillar",
        "opening_hours": "Mo-Su 07:00-22:00",
        "operator": "Government",
        "@geometry": "center"
      },
      "geometry": {
        "type": "Point",
        "coordinates": [
          72.9040416,
          19.0849391
        ]
      },
      "id": "way/465342902"
    },
    {
      "type": "Feature",
      "properties": {
        "@id": "way/465343064",
        "leisure": "park",
        "name": "rajawadi fish  garden",
        "opening_hours": "Mo-Su 10:00-22:00",
        "operator": "vimal",
        "operator:type": "public",
        "@geometry": "center"
      },
      "geometry": {
        "type": "Point",
        "coordinates": [
          72.9018368,
          19.0807462
        ]
      },
      "id": "way/465343064"
    },
    {
      "type": "Feature",
      "properties": {
        "@id": "way/465343826",
        "leisure": "park",
        "name": "Rajawadi Garden",
        "@geometry": "center"
      },
      "geometry": {
        "type": "Point",
        "coordinates": [
          72.9022537,
          19.0781917
        ]
      },
      "id": "way/465343826"
    },
    {
      "type": "Feature",
      "properties": {
        "@id": "way/466177325",
        "leisure": "park",
        "name": "Ekta Vihar Park",
        "@geometry": "center"
      },
      "geometry": {
        "type": "Point",
        "coordinates": [
          73.0297128,
          19.0281561
        ]
      },
      "id": "way/466177325"
    },
    {
      "type": "Feature",
      "properties": {
        "@id": "way/466350833",
        "leisure": "park",
        "name": "bharwadi ground",
        "@geometry": "center"
      },
      "geometry": {
        "type": "Point",
        "coordinates": [
          72.8439663,
          19.1264855
        ]
      },
      "id": "way/466350833"
    },
    {
      "type": "Feature",
      "properties": {
        "@id": "way/466583196",
        "leisure": "park",
        "name": "Nisarga Udyan",
        "@geometry": "center"
      },
      "geometry": {
        "type": "Point",
        "coordinates": [
          72.8647066,
          19.2325878
        ]
      },
      "id": "way/466583196"
    },
    {
      "type": "Feature",
      "properties": {
        "@id": "way/468221978",
        "leisure": "park",
        "name": "Cidco Sector-7 Park",
        "@geometry": "center"
      },
      "geometry": {
        "type": "Point",
        "coordinates": [
          73.0639429,
          19.0360264
        ]
      },
      "id": "way/468221978"
    },
    {
      "type": "Feature",
      "properties": {
        "@id": "way/468619562",
        "leisure": "park",
        "name": "Musical Instrument Park",
        "@geometry": "center"
      },
      "geometry": {
        "type": "Point",
        "coordinates": [
          73.0654867,
          19.0582436
        ]
      },
      "id": "way/468619562"
    },
    {
      "type": "Feature",
      "properties": {
        "@id": "way/468619957",
        "leisure": "park",
        "name": "Hasta Mudra Park",
        "@geometry": "center"
      },
      "geometry": {
        "type": "Point",
        "coordinates": [
          73.0697359,
          19.0581146
        ]
      },
      "id": "way/468619957"
    },
    {
      "type": "Feature",
      "properties": {
        "@id": "way/468620101",
        "leisure": "park",
        "name": "Play Park",
        "@geometry": "center"
      },
      "geometry": {
        "type": "Point",
        "coordinates": [
          73.0664414,
          19.0557503
        ]
      },
      "id": "way/468620101"
    },
    {
      "type": "Feature",
      "properties": {
        "@id": "way/468620479",
        "leisure": "park",
        "name": "Samagam Area",
        "@geometry": "center"
      },
      "geometry": {
        "type": "Point",
        "coordinates": [
          73.0690862,
          19.0559545
        ]
      },
      "id": "way/468620479"
    },
    {
      "type": "Feature",
      "properties": {
        "@id": "way/468692128",
        "landuse": "recreation_ground",
        "leisure": "park",
        "name": "East Gorge Park",
        "@geometry": "center"
      },
      "geometry": {
        "type": "Point",
        "coordinates": [
          72.9737566,
          19.2281058
        ]
      },
      "id": "way/468692128"
    },
    {
      "type": "Feature",
      "properties": {
        "@id": "way/468692764",
        "leisure": "park",
        "@geometry": "center"
      },
      "geometry": {
        "type": "Point",
        "coordinates": [
          72.9741443,
          19.2120966
        ]
      },
      "id": "way/468692764"
    },
    {
      "type": "Feature",
      "properties": {
        "@id": "way/469087279",
        "leisure": "park",
        "name": "Shahaji park",
        "@geometry": "center"
      },
      "geometry": {
        "type": "Point",
        "coordinates": [
          72.8456247,
          19.1854857
        ]
      },
      "id": "way/469087279"
    },
    {
      "type": "Feature",
      "properties": {
        "@id": "way/469329537",
        "leisure": "park",
        "@geometry": "center"
      },
      "geometry": {
        "type": "Point",
        "coordinates": [
          73.1306929,
          19.222795
        ]
      },
      "id": "way/469329537"
    },
    {
      "type": "Feature",
      "properties": {
        "@id": "way/469374434",
        "leisure": "park",
        "name": "Sector-12 Park",
        "@geometry": "center"
      },
      "geometry": {
        "type": "Point",
        "coordinates": [
          73.0022542,
          19.0905132
        ]
      },
      "id": "way/469374434"
    },
    {
      "type": "Feature",
      "properties": {
        "@id": "way/469375403",
        "leisure": "park",
        "@geometry": "center"
      },
      "geometry": {
        "type": "Point",
        "coordinates": [
          72.9917618,
          19.0786595
        ]
      },
      "id": "way/469375403"
    },
    {
      "type": "Feature",
      "properties": {
        "@id": "way/469377206",
        "addr:city": "Navi Mumbai",
        "addr:postcode": "400706",
        "leisure": "park",
        "name": "The Seawoods Esates Club Lawn Park",
        "@geometry": "center"
      },
      "geometry": {
        "type": "Point",
        "coordinates": [
          73.0143384,
          19.0032503
        ]
      },
      "id": "way/469377206"
    },
    {
      "type": "Feature",
      "properties": {
        "@id": "way/469380842",
        "addr:city": "Navi Mumbai",
        "addr:housenumber": "Seawoods Estates",
        "addr:postcode": "400706",
        "description": "Seawoods Estates Skating Rink - This area has now been renovated and turned into a Skating Park.",
        "leisure": "park",
        "name": "Seawoods Estates Skating Park",
        "@geometry": "center"
      },
      "geometry": {
        "type": "Point",
        "coordinates": [
          73.0146767,
          19.0026498
        ]
      },
      "id": "way/469380842"
    },
    {
      "type": "Feature",
      "properties": {
        "@id": "way/469422386",
        "leisure": "park",
        "name": "Shahir Damodar Vitawkar Play Ground",
        "@geometry": "center"
      },
      "geometry": {
        "type": "Point",
        "coordinates": [
          72.9880497,
          19.1889185
        ]
      },
      "id": "way/469422386"
    },
    {
      "type": "Feature",
      "properties": {
        "@id": "way/469425895",
        "description": "a small park",
        "leisure": "park",
        "name": "rai pada",
        "@geometry": "center"
      },
      "geometry": {
        "type": "Point",
        "coordinates": [
          72.8460255,
          19.1830051
        ]
      },
      "id": "way/469425895"
    },
    {
      "type": "Feature",
      "properties": {
        "@id": "way/469427638",
        "leisure": "park",
        "name": "Seawoods Estates - Nana Nani Park",
        "@geometry": "center"
      },
      "geometry": {
        "type": "Point",
        "coordinates": [
          73.0140767,
          19.0037949
        ]
      },
      "id": "way/469427638"
    },
    {
      "type": "Feature",
      "properties": {
        "@id": "way/469430388",
        "description": "Triangle Park",
        "leisure": "park",
        "name": "Triangle Park Near Rotunda",
        "@geometry": "center"
      },
      "geometry": {
        "type": "Point",
        "coordinates": [
          73.0157078,
          19.0023584
        ]
      },
      "id": "way/469430388"
    },
    {
      "type": "Feature",
      "properties": {
        "@id": "way/469462399",
        "dog": "leashed",
        "leisure": "park",
        "name": "Sector-20 Park",
        "opening_hours": "24/7",
        "@geometry": "center"
      },
      "geometry": {
        "type": "Point",
        "coordinates": [
          73.0703763,
          19.04766
        ]
      },
      "id": "way/469462399"
    },
    {
      "type": "Feature",
      "properties": {
        "@id": "way/469498040",
        "leisure": "park",
        "name": "Common Park",
        "@geometry": "center"
      },
      "geometry": {
        "type": "Point",
        "coordinates": [
          73.0143444,
          19.0027294
        ]
      },
      "id": "way/469498040"
    },
    {
      "type": "Feature",
      "properties": {
        "@id": "way/469498078",
        "leisure": "park",
        "name": "Common Park 2",
        "@geometry": "center"
      },
      "geometry": {
        "type": "Point",
        "coordinates": [
          73.014116,
          19.0027461
        ]
      },
      "id": "way/469498078"
    },
    {
      "type": "Feature",
      "properties": {
        "@id": "way/469498514",
        "leisure": "park",
        "name": "Bamboo Park",
        "@geometry": "center"
      },
      "geometry": {
        "type": "Point",
        "coordinates": [
          73.0155553,
          19.0041655
        ]
      },
      "id": "way/469498514"
    },
    {
      "type": "Feature",
      "properties": {
        "@id": "way/469499572",
        "leisure": "park",
        "name": "Samreen park",
        "opening_hours": "sunrise-sunset",
        "operator": "uganda",
        "operator:type": "public",
        "@geometry": "center"
      },
      "geometry": {
        "type": "Point",
        "coordinates": [
          73.0165449,
          19.0069634
        ]
      },
      "id": "way/469499572"
    },
    {
      "type": "Feature",
      "properties": {
        "@id": "way/469637400",
        "leisure": "park",
        "name": "N.L.Garden",
        "@geometry": "center"
      },
      "geometry": {
        "type": "Point",
        "coordinates": [
          72.865292,
          19.2619794
        ]
      },
      "id": "way/469637400"
    },
    {
      "type": "Feature",
      "properties": {
        "@id": "way/469637411",
        "leisure": "park",
        "name": "Nana Nani Park",
        "@geometry": "center"
      },
      "geometry": {
        "type": "Point",
        "coordinates": [
          72.8653921,
          19.2568508
        ]
      },
      "id": "way/469637411"
    },
    {
      "type": "Feature",
      "properties": {
        "@id": "way/469637417",
        "access": "permissive",
        "leisure": "garden",
        "@geometry": "center"
      },
      "geometry": {
        "type": "Point",
        "coordinates": [
          72.8652298,
          19.2561849
        ]
      },
      "id": "way/469637417"
    },
    {
      "type": "Feature",
      "properties": {
        "@id": "way/469637424",
        "leisure": "park",
        "name": "G.S.B",
        "@geometry": "center"
      },
      "geometry": {
        "type": "Point",
        "coordinates": [
          72.8640189,
          19.260998
        ]
      },
      "id": "way/469637424"
    },
    {
      "type": "Feature",
      "properties": {
        "@id": "way/469639840",
        "leisure": "park",
        "@geometry": "center"
      },
      "geometry": {
        "type": "Point",
        "coordinates": [
          72.8623232,
          19.2617136
        ]
      },
      "id": "way/469639840"
    },
    {
      "type": "Feature",
      "properties": {
        "@id": "way/469639843",
        "leisure": "park",
        "@geometry": "center"
      },
      "geometry": {
        "type": "Point",
        "coordinates": [
          72.86239,
          19.2543984
        ]
      },
      "id": "way/469639843"
    },
    {
      "type": "Feature",
      "properties": {
        "@id": "way/469639848",
        "leisure": "park",
        "@geometry": "center"
      },
      "geometry": {
        "type": "Point",
        "coordinates": [
          72.8595819,
          19.2592546
        ]
      },
      "id": "way/469639848"
    },
    {
      "type": "Feature",
      "properties": {
        "@id": "way/469639849",
        "leisure": "park",
        "@geometry": "center"
      },
      "geometry": {
        "type": "Point",
        "coordinates": [
          72.8505517,
          19.2605135
        ]
      },
      "id": "way/469639849"
    },
    {
      "type": "Feature",
      "properties": {
        "@id": "way/469639856",
        "leisure": "park",
        "@geometry": "center"
      },
      "geometry": {
        "type": "Point",
        "coordinates": [
          72.8509249,
          19.2624077
        ]
      },
      "id": "way/469639856"
    },
    {
      "type": "Feature",
      "properties": {
        "@id": "way/469639861",
        "addr:city": "Mira-Bhayander",
        "addr:district": "Mumbai",
        "addr:postcode": "400103",
        "addr:street": "Baburao Ranade Rd.",
        "leisure": "park",
        "name": "Geetanjali Gardens",
        "@geometry": "center"
      },
      "geometry": {
        "type": "Point",
        "coordinates": [
          72.8543613,
          19.24848
        ]
      },
      "id": "way/469639861"
    },
    {
      "type": "Feature",
      "properties": {
        "@id": "way/469640100",
        "leisure": "park",
        "@geometry": "center"
      },
      "geometry": {
        "type": "Point",
        "coordinates": [
          72.8653453,
          19.262116
        ]
      },
      "id": "way/469640100"
    },
    {
      "type": "Feature",
      "properties": {
        "@id": "way/470112329",
        "leisure": "park",
        "@geometry": "center"
      },
      "geometry": {
        "type": "Point",
        "coordinates": [
          72.8432222,
          19.2268033
        ]
      },
      "id": "way/470112329"
    },
    {
      "type": "Feature",
      "properties": {
        "@id": "way/470112685",
        "leisure": "park",
        "@geometry": "center"
      },
      "geometry": {
        "type": "Point",
        "coordinates": [
          72.8383534,
          19.2303352
        ]
      },
      "id": "way/470112685"
    },
    {
      "type": "Feature",
      "properties": {
        "@id": "way/470118658",
        "leisure": "garden",
        "@geometry": "center"
      },
      "geometry": {
        "type": "Point",
        "coordinates": [
          72.8414178,
          19.2300148
        ]
      },
      "id": "way/470118658"
    },
    {
      "type": "Feature",
      "properties": {
        "@id": "way/470118659",
        "access": "private",
        "leisure": "park",
        "@geometry": "center"
      },
      "geometry": {
        "type": "Point",
        "coordinates": [
          72.8420465,
          19.2292267
        ]
      },
      "id": "way/470118659"
    },
    {
      "type": "Feature",
      "properties": {
        "@id": "way/470150721",
        "leisure": "park",
        "name": "Nana Nani Park",
        "@geometry": "center"
      },
      "geometry": {
        "type": "Point",
        "coordinates": [
          73.095381,
          19.0161946
        ]
      },
      "id": "way/470150721"
    },
    {
      "type": "Feature",
      "properties": {
        "@id": "way/470298301",
        "alt_name": "Hiranandani Gardens",
        "leisure": "park",
        "name": "Heritage Gardens",
        "@geometry": "center"
      },
      "geometry": {
        "type": "Point",
        "coordinates": [
          72.9110994,
          19.1144373
        ]
      },
      "id": "way/470298301"
    },
    {
      "type": "Feature",
      "properties": {
        "@id": "way/470549383",
        "leisure": "park",
        "@geometry": "center"
      },
      "geometry": {
        "type": "Point",
        "coordinates": [
          72.9248831,
          19.1346081
        ]
      },
      "id": "way/470549383"
    },
    {
      "type": "Feature",
      "properties": {
        "@id": "way/470549385",
        "leisure": "park",
        "@geometry": "center"
      },
      "geometry": {
        "type": "Point",
        "coordinates": [
          72.9243505,
          19.1324196
        ]
      },
      "id": "way/470549385"
    },
    {
      "type": "Feature",
      "properties": {
        "@id": "way/479425377",
        "addr:city": "Bandra, Mumbai",
        "addr:district": "mumbai",
        "addr:postcode": "400050",
        "addr:street": "General Arun Kumar Vaidya Marg",
        "leisure": "park",
        "name": "General Arun Kumar Vaidya Garden",
        "name:etymology:wikidata": "Q4802144",
        "opening_hours": "Mo-Fr 08:00-17:00",
        "operator": "vidya",
        "operator:type": "public",
        "@geometry": "center"
      },
      "geometry": {
        "type": "Point",
        "coordinates": [
          72.830789,
          19.0528347
        ]
      },
      "id": "way/479425377"
    },
    {
      "type": "Feature",
      "properties": {
        "@id": "way/479453853",
        "leisure": "park",
        "name": "abhinav nagar badminton court",
        "@geometry": "center"
      },
      "geometry": {
        "type": "Point",
        "coordinates": [
          72.8714075,
          19.2316861
        ]
      },
      "id": "way/479453853"
    },
    {
      "type": "Feature",
      "properties": {
        "@id": "way/479455926",
        "leisure": "park",
        "name": "abhinav nagar garden and ground",
        "@geometry": "center"
      },
      "geometry": {
        "type": "Point",
        "coordinates": [
          72.8680589,
          19.2314232
        ]
      },
      "id": "way/479455926"
    },
    {
      "type": "Feature",
      "properties": {
        "@id": "way/479860347",
        "leisure": "park",
        "name": "chintamani Garden",
        "@geometry": "center"
      },
      "geometry": {
        "type": "Point",
        "coordinates": [
          72.9600736,
          19.1732313
        ]
      },
      "id": "way/479860347"
    },
    {
      "type": "Feature",
      "properties": {
        "@id": "way/481156374",
        "leisure": "park",
        "name": "August Kranti Garden",
        "@geometry": "center"
      },
      "geometry": {
        "type": "Point",
        "coordinates": [
          72.8106762,
          18.9624636
        ]
      },
      "id": "way/481156374"
    },
    {
      "type": "Feature",
      "properties": {
        "@id": "way/483008557",
        "leisure": "park",
        "name": "Golden Square Park",
        "@geometry": "center"
      },
      "geometry": {
        "type": "Point",
        "coordinates": [
          72.8642621,
          19.073488
        ]
      },
      "id": "way/483008557"
    },
    {
      "type": "Feature",
      "properties": {
        "@id": "way/483008558",
        "leisure": "park",
        "name": "Golden Square 2nd Building Park",
        "@geometry": "center"
      },
      "geometry": {
        "type": "Point",
        "coordinates": [
          72.8649981,
          19.0735638
        ]
      },
      "id": "way/483008558"
    },
    {
      "type": "Feature",
      "properties": {
        "@id": "way/483179389",
        "leisure": "park",
        "name": "Prabodhankar Thakre Manoranjan Udyan",
        "@geometry": "center"
      },
      "geometry": {
        "type": "Point",
        "coordinates": [
          72.9166893,
          19.1086649
        ]
      },
      "id": "way/483179389"
    },
    {
      "type": "Feature",
      "properties": {
        "@id": "way/483216423",
        "leisure": "park",
        "name": "Sunder Nagar Garden",
        "operator": "garden",
        "operator:type": "public",
        "@geometry": "center"
      },
      "geometry": {
        "type": "Point",
        "coordinates": [
          72.864189,
          19.0744835
        ]
      },
      "id": "way/483216423"
    },
    {
      "type": "Feature",
      "properties": {
        "@id": "way/486564722",
        "leisure": "park",
        "@geometry": "center"
      },
      "geometry": {
        "type": "Point",
        "coordinates": [
          72.8817839,
          19.0527535
        ]
      },
      "id": "way/486564722"
    },
    {
      "type": "Feature",
      "properties": {
        "@id": "way/486697314",
        "leisure": "park",
        "name": "Chhatrapati Shivaji Maharaj Park",
        "name:etymology:wikidata": "Q239505",
        "@geometry": "center"
      },
      "geometry": {
        "type": "Point",
        "coordinates": [
          72.8702275,
          19.0543107
        ]
      },
      "id": "way/486697314"
    },
    {
      "type": "Feature",
      "properties": {
        "@id": "way/486704858",
        "leisure": "park",
        "name": "Brihanmumbai Mahanagar Palika Garden",
        "@geometry": "center"
      },
      "geometry": {
        "type": "Point",
        "coordinates": [
          72.8698876,
          19.0530135
        ]
      },
      "id": "way/486704858"
    },
    {
      "type": "Feature",
      "properties": {
        "@id": "way/487104629",
        "leisure": "park",
        "@geometry": "center"
      },
      "geometry": {
        "type": "Point",
        "coordinates": [
          72.8387547,
          19.0850955
        ]
      },
      "id": "way/487104629"
    },
    {
      "type": "Feature",
      "properties": {
        "@id": "way/487104784",
        "leisure": "park",
        "@geometry": "center"
      },
      "geometry": {
        "type": "Point",
        "coordinates": [
          72.8377847,
          19.0734354
        ]
      },
      "id": "way/487104784"
    },
    {
      "type": "Feature",
      "properties": {
        "@id": "way/487790870",
        "access": "yes",
        "dog": "no",
        "leisure": "park",
        "name": "BWSL Promenade",
        "name:en": "BWSL Promenade",
        "opening_hours": "Mo-Su 06:00-10:00, 16:30-21:30",
        "operator": "MSRDC",
        "operator:type": "government",
        "@geometry": "center"
      },
      "geometry": {
        "type": "Point",
        "coordinates": [
          72.8319564,
          19.0471015
        ]
      },
      "id": "way/487790870"
    },
    {
      "type": "Feature",
      "properties": {
        "@id": "way/488376857",
        "leisure": "park",
        "name": "Renukacharya Park",
        "@geometry": "center"
      },
      "geometry": {
        "type": "Point",
        "coordinates": [
          73.0217907,
          19.0325469
        ]
      },
      "id": "way/488376857"
    },
    {
      "type": "Feature",
      "properties": {
        "@id": "way/488791505",
        "leisure": "park",
        "@geometry": "center"
      },
      "geometry": {
        "type": "Point",
        "coordinates": [
          73.0023408,
          19.1169035
        ]
      },
      "id": "way/488791505"
    },
    {
      "type": "Feature",
      "properties": {
        "@id": "way/488979033",
        "leisure": "park",
        "name": "Veer Savarkar Park",
        "name:etymology:wikidata": "Q471040",
        "@geometry": "center"
      },
      "geometry": {
        "type": "Point",
        "coordinates": [
          72.9868044,
          19.0757207
        ]
      },
      "id": "way/488979033"
    },
    {
      "type": "Feature",
      "properties": {
        "@id": "way/489784620",
        "leisure": "garden",
        "@geometry": "center"
      },
      "geometry": {
        "type": "Point",
        "coordinates": [
          72.9983433,
          19.0643562
        ]
      },
      "id": "way/489784620"
    },
    {
      "type": "Feature",
      "properties": {
        "@id": "way/489784621",
        "leisure": "garden",
        "@geometry": "center"
      },
      "geometry": {
        "type": "Point",
        "coordinates": [
          72.9981609,
          19.0647285
        ]
      },
      "id": "way/489784621"
    },
    {
      "type": "Feature",
      "properties": {
        "@id": "way/489784623",
        "leisure": "garden",
        "@geometry": "center"
      },
      "geometry": {
        "type": "Point",
        "coordinates": [
          72.9979866,
          19.0651014
        ]
      },
      "id": "way/489784623"
    },
    {
      "type": "Feature",
      "properties": {
        "@id": "way/489784626",
        "leisure": "garden",
        "@geometry": "center"
      },
      "geometry": {
        "type": "Point",
        "coordinates": [
          72.9978051,
          19.0654746
        ]
      },
      "id": "way/489784626"
    },
    {
      "type": "Feature",
      "properties": {
        "@id": "way/489784628",
        "leisure": "garden",
        "@geometry": "center"
      },
      "geometry": {
        "type": "Point",
        "coordinates": [
          72.9976358,
          19.0658478
        ]
      },
      "id": "way/489784628"
    },
    {
      "type": "Feature",
      "properties": {
        "@id": "way/489784645",
        "leisure": "garden",
        "@geometry": "center"
      },
      "geometry": {
        "type": "Point",
        "coordinates": [
          72.9978866,
          19.0641463
        ]
      },
      "id": "way/489784645"
    },
    {
      "type": "Feature",
      "properties": {
        "@id": "way/490029152",
        "leisure": "park",
        "@geometry": "center"
      },
      "geometry": {
        "type": "Point",
        "coordinates": [
          73.0157364,
          19.0773254
        ]
      },
      "id": "way/490029152"
    },
    {
      "type": "Feature",
      "properties": {
        "@id": "way/492698234",
        "addr:city": "Mumbai",
        "addr:country": "IN",
        "addr:postcode": "400016",
        "addr:state": "Maharastra",
        "leisure": "park",
        "name": "MM Chhotani Garden",
        "opening_hours": "Mo-Su 08:00-22:00",
        "operator": "BMC",
        "operator:type": "public",
        "@geometry": "center"
      },
      "geometry": {
        "type": "Point",
        "coordinates": [
          72.8439383,
          19.0397694
        ]
      },
      "id": "way/492698234"
    },
    {
      "type": "Feature",
      "properties": {
        "@id": "way/492700017",
        "leisure": "park",
        "name": "Mata Lachmi Garden",
        "@geometry": "center"
      },
      "geometry": {
        "type": "Point",
        "coordinates": [
          72.8601589,
          19.03495
        ]
      },
      "id": "way/492700017"
    },
    {
      "type": "Feature",
      "properties": {
        "@id": "way/494953649",
        "leisure": "park",
        "name": "Dubashi",
        "surface": "ground",
        "wheelchair": "no",
        "@geometry": "center"
      },
      "geometry": {
        "type": "Point",
        "coordinates": [
          72.8512903,
          19.0979221
        ]
      },
      "id": "way/494953649"
    },
    {
      "type": "Feature",
      "properties": {
        "@id": "way/495243264",
        "leisure": "park",
        "name": "Vijay Park",
        "@geometry": "center"
      },
      "geometry": {
        "type": "Point",
        "coordinates": [
          72.8385453,
          19.2022271
        ]
      },
      "id": "way/495243264"
    },
    {
      "type": "Feature",
      "properties": {
        "@id": "way/496706048",
        "leisure": "park",
        "name": "Dr. Babasaheb Ambedkar Udyan",
        "name:etymology:wikidata": "Q231690",
        "@geometry": "center"
      },
      "geometry": {
        "type": "Point",
        "coordinates": [
          72.8968728,
          19.1288937
        ]
      },
      "id": "way/496706048"
    },
    {
      "type": "Feature",
      "properties": {
        "@id": "way/497181153",
        "landuse": "recreation_ground",
        "leisure": "park",
        "@geometry": "center"
      },
      "geometry": {
        "type": "Point",
        "coordinates": [
          72.8532954,
          19.0990721
        ]
      },
      "id": "way/497181153"
    },
    {
      "type": "Feature",
      "properties": {
        "@id": "way/497662315",
        "leisure": "park",
        "name": "Subhash Chandra Bose Ground",
        "operator": "MBMC",
        "@geometry": "center"
      },
      "geometry": {
        "type": "Point",
        "coordinates": [
          72.8401038,
          19.2974563
        ]
      },
      "id": "way/497662315"
    },
    {
      "type": "Feature",
      "properties": {
        "@id": "way/497666152",
        "leisure": "park",
        "@geometry": "center"
      },
      "geometry": {
        "type": "Point",
        "coordinates": [
          72.8533467,
          19.2956289
        ]
      },
      "id": "way/497666152"
    },
    {
      "type": "Feature",
      "properties": {
        "@id": "way/502185607",
        "leisure": "park",
        "@geometry": "center"
      },
      "geometry": {
        "type": "Point",
        "coordinates": [
          72.8619217,
          19.194107
        ]
      },
      "id": "way/502185607"
    },
    {
      "type": "Feature",
      "properties": {
        "@id": "way/503331936",
        "leisure": "garden",
        "@geometry": "center"
      },
      "geometry": {
        "type": "Point",
        "coordinates": [
          73.1278186,
          18.990361
        ]
      },
      "id": "way/503331936"
    },
    {
      "type": "Feature",
      "properties": {
        "@id": "way/505774077",
        "leisure": "park",
        "name": "NMMC Park",
        "@geometry": "center"
      },
      "geometry": {
        "type": "Point",
        "coordinates": [
          73.0109865,
          19.009226
        ]
      },
      "id": "way/505774077"
    },
    {
      "type": "Feature",
      "properties": {
        "@id": "way/505781673",
        "leisure": "park",
        "name": "Triangle Park",
        "@geometry": "center"
      },
      "geometry": {
        "type": "Point",
        "coordinates": [
          73.0176663,
          19.0043536
        ]
      },
      "id": "way/505781673"
    },
    {
      "type": "Feature",
      "properties": {
        "@id": "way/505787984",
        "leisure": "park",
        "name": "Bonsai Park",
        "@geometry": "center"
      },
      "geometry": {
        "type": "Point",
        "coordinates": [
          73.0159511,
          19.0019093
        ]
      },
      "id": "way/505787984"
    },
    {
      "type": "Feature",
      "properties": {
        "@id": "way/505788254",
        "leisure": "park",
        "name": "Flower Park",
        "@geometry": "center"
      },
      "geometry": {
        "type": "Point",
        "coordinates": [
          73.0145237,
          19.0019463
        ]
      },
      "id": "way/505788254"
    },
    {
      "type": "Feature",
      "properties": {
        "@id": "way/514261518",
        "addr:city": "Mumbai",
        "addr:district": "Mumbai Suburban",
        "addr:postcode": "400097",
        "addr:street": "Raheja Marg",
        "leisure": "park",
        "name": "Sheila Raheja Garden",
        "opening_hours": "Mo-Su 06:00AM-21:00PM",
        "@geometry": "center"
      },
      "geometry": {
        "type": "Point",
        "coordinates": [
          72.8763077,
          19.1795567
        ]
      },
      "id": "way/514261518"
    },
    {
      "type": "Feature",
      "properties": {
        "@id": "way/527242917",
        "addr:city": "Navi Mumbai",
        "addr:place": "Seawoods",
        "addr:postcode": "400706",
        "addr:street": "Sant Dnyaneshwar Maharaj Marg",
        "leisure": "park",
        "name": "Seawoods Theme Park",
        "operator": "NMMC",
        "wheelchair": "yes",
        "@geometry": "center"
      },
      "geometry": {
        "type": "Point",
        "coordinates": [
          73.0162916,
          19.0132303
        ]
      },
      "id": "way/527242917"
    },
    {
      "type": "Feature",
      "properties": {
        "@id": "way/527242920",
        "addr:city": "Navi Mumbai",
        "addr:housenumber": "Sector-48A",
        "addr:postcode": "400706",
        "addr:street": "Sant Dnyaneshwar Maharaj Marg",
        "fence_type": "chain_link",
        "leisure": "park",
        "name": "Sant Dnyaneshwar Mauli Park",
        "name:etymology:wikidata": "Q1033695",
        "@geometry": "center"
      },
      "geometry": {
        "type": "Point",
        "coordinates": [
          73.0170576,
          19.0141076
        ]
      },
      "id": "way/527242920"
    },
    {
      "type": "Feature",
      "properties": {
        "@id": "way/532665656",
        "leisure": "park",
        "name": "Parulekar Udyan",
        "@geometry": "center"
      },
      "geometry": {
        "type": "Point",
        "coordinates": [
          72.9695968,
          19.2013165
        ]
      },
      "id": "way/532665656"
    },
    {
      "type": "Feature",
      "properties": {
        "@id": "way/533928109",
        "leisure": "park",
        "@geometry": "center"
      },
      "geometry": {
        "type": "Point",
        "coordinates": [
          73.1091213,
          19.3196102
        ]
      },
      "id": "way/533928109"
    },
    {
      "type": "Feature",
      "properties": {
        "@id": "way/542200605",
        "addr:city": "Mumbai",
        "addr:housenumber": "Mohili Village",
        "addr:postcode": "400072",
        "addr:street": "Asalpha",
        "addr:street_1": "Pariera wadi",
        "leisure": "park",
        "name": "Junjar Ground",
        "@geometry": "center"
      },
      "geometry": {
        "type": "Point",
        "coordinates": [
          72.8928957,
          19.100546
        ]
      },
      "id": "way/542200605"
    },
    {
      "type": "Feature",
      "properties": {
        "@id": "way/543773378",
        "leisure": "park",
        "@geometry": "center"
      },
      "geometry": {
        "type": "Point",
        "coordinates": [
          73.0805309,
          19.2237099
        ]
      },
      "id": "way/543773378"
    },
    {
      "type": "Feature",
      "properties": {
        "@id": "way/543846817",
        "leisure": "park",
        "name": "Aji Ajoba Park",
        "name:en": "Aji Ajoba Park",
        "name:mr": "आजी आजोबा उद्यान",
        "@geometry": "center"
      },
      "geometry": {
        "type": "Point",
        "coordinates": [
          72.8507059,
          19.0936452
        ]
      },
      "id": "way/543846817"
    },
    {
      "type": "Feature",
      "properties": {
        "@id": "way/544195124",
        "addr:city": "Dombivli",
        "addr:housenumber": "meenatai thakery udyan",
        "addr:postcode": "421202",
        "addr:street": "Kopar Road",
        "leisure": "park",
        "name": "Meenatai Thakrey Udhyan",
        "name:etymology:wikidata": "Q22081679",
        "opening_hours": "Mo-Su 08:00-20:00",
        "@geometry": "center"
      },
      "geometry": {
        "type": "Point",
        "coordinates": [
          73.0823974,
          19.2161881
        ]
      },
      "id": "way/544195124"
    },
    {
      "type": "Feature",
      "properties": {
        "@id": "way/544272286",
        "landuse": "recreation_ground",
        "leisure": "park",
        "name": "Panchasheel Joggers Park",
        "@geometry": "center"
      },
      "geometry": {
        "type": "Point",
        "coordinates": [
          72.8394248,
          19.2128118
        ]
      },
      "id": "way/544272286"
    },
    {
      "type": "Feature",
      "properties": {
        "@id": "way/544272441",
        "leisure": "park",
        "name": "kapol garden/kvis park",
        "@geometry": "center"
      },
      "geometry": {
        "type": "Point",
        "coordinates": [
          72.8430724,
          19.2099902
        ]
      },
      "id": "way/544272441"
    },
    {
      "type": "Feature",
      "properties": {
        "@id": "way/544275001",
        "leisure": "park",
        "name": "Kamala Vihar Joggers Park",
        "@geometry": "center"
      },
      "geometry": {
        "type": "Point",
        "coordinates": [
          72.842601,
          19.2119582
        ]
      },
      "id": "way/544275001"
    },
    {
      "type": "Feature",
      "properties": {
        "@id": "way/544275504",
        "leisure": "park",
        "name": "raj residency 2 back area",
        "@geometry": "center"
      },
      "geometry": {
        "type": "Point",
        "coordinates": [
          72.8422952,
          19.2109489
        ]
      },
      "id": "way/544275504"
    },
    {
      "type": "Feature",
      "properties": {
        "@id": "way/544746557",
        "addr:city": "Mumbai",
        "addr:housenumber": "954",
        "addr:postcode": "400050",
        "addr:street": "St. Anne's Lane",
        "addr:suburb": "Bandra West",
        "leisure": "park",
        "name": "Malla Park",
        "name:en": "Malla Park",
        "official_name": "Padma Vibhushan Pandit Shivkumar Sharma Garden & Ground",
        "official_name:en": "Padma Vibhushan Pandit Shivkumar Sharma Garden & Ground",
        "official_name:mr": "पद्म विभूषण पंडित शिवकुमार शर्मा उद्यान आणि मैदान",
        "opening_hours": "Mo-Sa 05:00-13:00,15:00-22:00; Su 15:00-22:00; PH 15:00-22:00",
        "operator": "BMC",
        "operator:type": "government",
        "wheelchair": "no",
        "@geometry": "center"
      },
      "geometry": {
        "type": "Point",
        "coordinates": [
          72.8259825,
          19.0636823
        ]
      },
      "id": "way/544746557"
    },
    {
      "type": "Feature",
      "properties": {
        "@id": "way/547687326",
        "addr:city": "Mumbai",
        "addr:postcode": "400076",
        "addr:unit": "Powai",
        "leisure": "park",
        "name": "Hiranandani Garden",
        "@geometry": "center"
      },
      "geometry": {
        "type": "Point",
        "coordinates": [
          72.9071959,
          19.1191917
        ]
      },
      "id": "way/547687326"
    },
    {
      "type": "Feature",
      "properties": {
        "@id": "way/547896362",
        "leisure": "park",
        "name": "Glen Society Garden",
        "@geometry": "center"
      },
      "geometry": {
        "type": "Point",
        "coordinates": [
          72.9104804,
          19.1150063
        ]
      },
      "id": "way/547896362"
    },
    {
      "type": "Feature",
      "properties": {
        "@id": "way/548567658",
        "addr:city": "Mumbai",
        "addr:postcode": "400067",
        "addr:street": "M. G. Road #1",
        "leisure": "park",
        "name": "MCGM park",
        "wheelchair": "limited",
        "@geometry": "center"
      },
      "geometry": {
        "type": "Point",
        "coordinates": [
          72.84648,
          19.2094338
        ]
      },
      "id": "way/548567658"
    },
    {
      "type": "Feature",
      "properties": {
        "@id": "way/549685935",
        "leisure": "park",
        "@geometry": "center"
      },
      "geometry": {
        "type": "Point",
        "coordinates": [
          72.9640103,
          19.2704655
        ]
      },
      "id": "way/549685935"
    },
    {
      "type": "Feature",
      "properties": {
        "@id": "way/552083701",
        "leisure": "park",
        "name": "Mount Blanc Park",
        "@geometry": "center"
      },
      "geometry": {
        "type": "Point",
        "coordinates": [
          72.8039594,
          18.9634897
        ]
      },
      "id": "way/552083701"
    },
    {
      "type": "Feature",
      "properties": {
        "@id": "way/552449824",
        "leisure": "park",
        "name": "Bhagshala maidan",
        "@geometry": "center"
      },
      "geometry": {
        "type": "Point",
        "coordinates": [
          73.0882755,
          19.2221731
        ]
      },
      "id": "way/552449824"
    },
    {
      "type": "Feature",
      "properties": {
        "@id": "way/552449825",
        "leisure": "park",
        "name": "Mahatma Gandhi Udyan",
        "name:etymology:wikidata": "Q1001",
        "@geometry": "center"
      },
      "geometry": {
        "type": "Point",
        "coordinates": [
          73.0905256,
          19.2211658
        ]
      },
      "id": "way/552449825"
    },
    {
      "type": "Feature",
      "properties": {
        "@id": "way/552449827",
        "leisure": "park",
        "name": "Dombivli East Pasrk",
        "@geometry": "center"
      },
      "geometry": {
        "type": "Point",
        "coordinates": [
          73.0905964,
          19.2206328
        ]
      },
      "id": "way/552449827"
    },
    {
      "type": "Feature",
      "properties": {
        "@id": "way/552449828",
        "leisure": "park",
        "@geometry": "center"
      },
      "geometry": {
        "type": "Point",
        "coordinates": [
          73.0915219,
          19.2213372
        ]
      },
      "id": "way/552449828"
    },
    {
      "type": "Feature",
      "properties": {
        "@id": "way/552449829",
        "leisure": "park",
        "@geometry": "center"
      },
      "geometry": {
        "type": "Point",
        "coordinates": [
          73.0910309,
          19.2228248
        ]
      },
      "id": "way/552449829"
    },
    {
      "type": "Feature",
      "properties": {
        "@id": "way/552449830",
        "leisure": "park",
        "name": "Nana Nani Park",
        "@geometry": "center"
      },
      "geometry": {
        "type": "Point",
        "coordinates": [
          73.0931553,
          19.2115771
        ]
      },
      "id": "way/552449830"
    },
    {
      "type": "Feature",
      "properties": {
        "@id": "way/552449831",
        "leisure": "park",
        "name": "Sawarkar Garden",
        "name:mr": "सावरकर उद्यान",
        "@geometry": "center"
      },
      "geometry": {
        "type": "Point",
        "coordinates": [
          73.0886722,
          19.2114024
        ]
      },
      "id": "way/552449831"
    },
    {
      "type": "Feature",
      "properties": {
        "@id": "way/552449832",
        "leisure": "park",
        "name": "Traffic Gardeb Park",
        "@geometry": "center"
      },
      "geometry": {
        "type": "Point",
        "coordinates": [
          73.089816,
          19.2122446
        ]
      },
      "id": "way/552449832"
    },
    {
      "type": "Feature",
      "properties": {
        "@id": "way/552449833",
        "leisure": "park",
        "name": "Rambhau Mhalagi Udyan",
        "@geometry": "center"
      },
      "geometry": {
        "type": "Point",
        "coordinates": [
          73.0964798,
          19.2201383
        ]
      },
      "id": "way/552449833"
    },
    {
      "type": "Feature",
      "properties": {
        "@id": "way/552449834",
        "leisure": "park",
        "name": "Phadake Maindan",
        "@geometry": "center"
      },
      "geometry": {
        "type": "Point",
        "coordinates": [
          73.1228967,
          19.2488212
        ]
      },
      "id": "way/552449834"
    },
    {
      "type": "Feature",
      "properties": {
        "@id": "way/552449835",
        "leisure": "park",
        "name": "Mata Ramabai Ambedkar Udyan",
        "name:etymology:wikidata": "Q19812241",
        "@geometry": "center"
      },
      "geometry": {
        "type": "Point",
        "coordinates": [
          73.1276658,
          19.2508338
        ]
      },
      "id": "way/552449835"
    },
    {
      "type": "Feature",
      "properties": {
        "@id": "way/553276746",
        "leisure": "park",
        "name": "Vahatuk Nagar Vollyball Ground",
        "@geometry": "center"
      },
      "geometry": {
        "type": "Point",
        "coordinates": [
          72.8447442,
          19.1296489
        ]
      },
      "id": "way/553276746"
    },
    {
      "type": "Feature",
      "properties": {
        "@id": "way/554184352",
        "alt_name": "APJ Abdul Kalam Park",
        "leisure": "park",
        "name": "APJ Abdul Kalam Entertainment Park",
        "name:etymology:wikidata": "Q9513",
        "opening_hours": "Mo-Su 08:00-21:00",
        "@geometry": "center"
      },
      "geometry": {
        "type": "Point",
        "coordinates": [
          72.9747225,
          19.1744379
        ]
      },
      "id": "way/554184352"
    },
    {
      "type": "Feature",
      "properties": {
        "@id": "way/554184353",
        "leisure": "park",
        "name": "Jijau Udyan",
        "opening_hours": "Mo-Su 07:00-10:00,16:00-19:30",
        "@geometry": "center"
      },
      "geometry": {
        "type": "Point",
        "coordinates": [
          72.967038,
          19.1834516
        ]
      },
      "id": "way/554184353"
    },
    {
      "type": "Feature",
      "properties": {
        "@id": "way/554184874",
        "landuse": "grass",
        "leisure": "park",
        "name": "Shaheed Udyan Park",
        "@geometry": "center"
      },
      "geometry": {
        "type": "Point",
        "coordinates": [
          72.9690207,
          19.2001193
        ]
      },
      "id": "way/554184874"
    },
    {
      "type": "Feature",
      "properties": {
        "@id": "way/554234840",
        "leisure": "park",
        "name": "Hirwe Guruji Smarak",
        "@geometry": "center"
      },
      "geometry": {
        "type": "Point",
        "coordinates": [
          73.1117359,
          18.987434
        ]
      },
      "id": "way/554234840"
    },
    {
      "type": "Feature",
      "properties": {
        "@id": "way/554798410",
        "leisure": "garden",
        "@geometry": "center"
      },
      "geometry": {
        "type": "Point",
        "coordinates": [
          73.014753,
          19.1289328
        ]
      },
      "id": "way/554798410"
    },
    {
      "type": "Feature",
      "properties": {
        "@id": "way/554798497",
        "leisure": "park",
        "@geometry": "center"
      },
      "geometry": {
        "type": "Point",
        "coordinates": [
          73.0116961,
          19.1257944
        ]
      },
      "id": "way/554798497"
    },
    {
      "type": "Feature",
      "properties": {
        "@id": "way/554902641",
        "leisure": "park",
        "name": "Nana Nani Park",
        "@geometry": "center"
      },
      "geometry": {
        "type": "Point",
        "coordinates": [
          72.9740403,
          19.1934084
        ]
      },
      "id": "way/554902641"
    },
    {
      "type": "Feature",
      "properties": {
        "@id": "way/554967607",
        "leisure": "park",
        "@geometry": "center"
      },
      "geometry": {
        "type": "Point",
        "coordinates": [
          72.8239368,
          19.1185276
        ]
      },
      "id": "way/554967607"
    },
    {
      "type": "Feature",
      "properties": {
        "@id": "way/555183321",
        "leisure": "park",
        "name": "Signature Garden",
        "@geometry": "center"
      },
      "geometry": {
        "type": "Point",
        "coordinates": [
          72.8030116,
          18.968395
        ]
      },
      "id": "way/555183321"
    },
    {
      "type": "Feature",
      "properties": {
        "@id": "way/556314754",
        "leisure": "garden",
        "@geometry": "center"
      },
      "geometry": {
        "type": "Point",
        "coordinates": [
          72.9156715,
          19.1330882
        ]
      },
      "id": "way/556314754"
    },
    {
      "type": "Feature",
      "properties": {
        "@id": "way/556482535",
        "access": "yes",
        "addr:city": "Thane",
        "addr:housenumber": "tmc garden",
        "addr:postcode": "400603",
        "addr:street": "Anandnagar Rd",
        "description": "a park constructed by tmc",
        "leisure": "garden",
        "name": "tmc garden",
        "@geometry": "center"
      },
      "geometry": {
        "type": "Point",
        "coordinates": [
          72.9636918,
          19.1783477
        ]
      },
      "id": "way/556482535"
    },
    {
      "type": "Feature",
      "properties": {
        "@id": "way/556525697",
        "addr:city": "Mumbai",
        "addr:postcode": "400093",
        "addr:street": "Near St. Xaviers High School, Poonam Nagar, Andheri East, Poonam Nagar, Jogeshwari East, Mumbai, Maharashtra 400093",
        "leisure": "park",
        "name": "Ashok Kamte Park",
        "name:etymology:wikidata": "Q4805748",
        "@geometry": "center"
      },
      "geometry": {
        "type": "Point",
        "coordinates": [
          72.8682867,
          19.1380631
        ]
      },
      "id": "way/556525697"
    },
    {
      "type": "Feature",
      "properties": {
        "@id": "way/556649835",
        "leisure": "park",
        "name": "Damodar Pandu Vaiti Manoranjan Maidan",
        "@geometry": "center"
      },
      "geometry": {
        "type": "Point",
        "coordinates": [
          72.9642855,
          19.1753404
        ]
      },
      "id": "way/556649835"
    },
    {
      "type": "Feature",
      "properties": {
        "@id": "way/556653453",
        "access": "yes",
        "addr:city": "Thane",
        "addr:housenumber": "gandhinagar",
        "addr:postcode": "400603",
        "addr:street": "Anandnagar Rd",
        "leisure": "park",
        "name": "Gandhinagar Park",
        "@geometry": "center"
      },
      "geometry": {
        "type": "Point",
        "coordinates": [
          72.9632778,
          19.1779407
        ]
      },
      "id": "way/556653453"
    },
    {
      "type": "Feature",
      "properties": {
        "@id": "way/557943378",
        "leisure": "park",
        "name": "Grand Paradi Park",
        "@geometry": "center"
      },
      "geometry": {
        "type": "Point",
        "coordinates": [
          72.8045279,
          18.9627115
        ]
      },
      "id": "way/557943378"
    },
    {
      "type": "Feature",
      "properties": {
        "@id": "way/557981749",
        "leisure": "park",
        "name": "Rodas Enclave Common Park",
        "@geometry": "center"
      },
      "geometry": {
        "type": "Point",
        "coordinates": [
          72.986924,
          19.2582419
        ]
      },
      "id": "way/557981749"
    },
    {
      "type": "Feature",
      "properties": {
        "@id": "way/558472775",
        "barrier": "fence",
        "leisure": "park",
        "name": "Karave Park",
        "@geometry": "center"
      },
      "geometry": {
        "type": "Point",
        "coordinates": [
          73.0129774,
          19.0197175
        ]
      },
      "id": "way/558472775"
    },
    {
      "type": "Feature",
      "properties": {
        "@id": "way/558472993",
        "addr:city": "Navi Mumbai",
        "addr:district": "Thane",
        "addr:postcode": "400706",
        "addr:street": "Sector-40, Seawoods",
        "barrier": "fence",
        "leisure": "park",
        "name": "Mahatma Phule Garden",
        "name:etymology:wikidata": "Q314394",
        "operator": "NMMC",
        "@geometry": "center"
      },
      "geometry": {
        "type": "Point",
        "coordinates": [
          73.0155345,
          19.0202048
        ]
      },
      "id": "way/558472993"
    },
    {
      "type": "Feature",
      "properties": {
        "@id": "way/558472994",
        "barrier": "fence",
        "leisure": "park",
        "name": "Dr. Babasaheb Ambedkar Park",
        "name:etymology:wikidata": "Q231690",
        "@geometry": "center"
      },
      "geometry": {
        "type": "Point",
        "coordinates": [
          73.0169227,
          19.0190531
        ]
      },
      "id": "way/558472994"
    },
    {
      "type": "Feature",
      "properties": {
        "@id": "way/558707641",
        "barrier": "fence",
        "leisure": "park",
        "name": "Rajiv Gandhi Park",
        "name:etymology:wikidata": "Q4593",
        "@geometry": "center"
      },
      "geometry": {
        "type": "Point",
        "coordinates": [
          73.0117689,
          19.012639
        ]
      },
      "id": "way/558707641"
    },
    {
      "type": "Feature",
      "properties": {
        "@id": "way/559087400",
        "leisure": "park",
        "@geometry": "center"
      },
      "geometry": {
        "type": "Point",
        "coordinates": [
          73.1122618,
          18.9872234
        ]
      },
      "id": "way/559087400"
    },
    {
      "type": "Feature",
      "properties": {
        "@id": "way/559429510",
        "addr:city": "Mumbai",
        "addr:postcode": "400076",
        "addr:street": "Forest Street",
        "leisure": "park",
        "name": "Forest Park",
        "natural": "wood",
        "@geometry": "center"
      },
      "geometry": {
        "type": "Point",
        "coordinates": [
          72.9074704,
          19.1133024
        ]
      },
      "id": "way/559429510"
    },
    {
      "type": "Feature",
      "properties": {
        "@id": "way/559701027",
        "leisure": "park",
        "@geometry": "center"
      },
      "geometry": {
        "type": "Point",
        "coordinates": [
          73.1189796,
          18.9883641
        ]
      },
      "id": "way/559701027"
    },
    {
      "type": "Feature",
      "properties": {
        "@id": "way/560352903",
        "leisure": "park",
        "name": "Rajiv Gandhi Garden",
        "name:etymology:wikidata": "Q4593",
        "@geometry": "center"
      },
      "geometry": {
        "type": "Point",
        "coordinates": [
          73.1142221,
          18.9772944
        ]
      },
      "id": "way/560352903"
    },
    {
      "type": "Feature",
      "properties": {
        "@id": "way/560473016",
        "leisure": "park",
        "@geometry": "center"
      },
      "geometry": {
        "type": "Point",
        "coordinates": [
          73.0213327,
          19.0240727
        ]
      },
      "id": "way/560473016"
    },
    {
      "type": "Feature",
      "properties": {
        "@id": "way/560475809",
        "leisure": "park",
        "@geometry": "center"
      },
      "geometry": {
        "type": "Point",
        "coordinates": [
          73.0118279,
          19.0193603
        ]
      },
      "id": "way/560475809"
    },
    {
      "type": "Feature",
      "properties": {
        "@id": "way/560475812",
        "leisure": "park",
        "name": "Grass Park",
        "@geometry": "center"
      },
      "geometry": {
        "type": "Point",
        "coordinates": [
          73.0088579,
          19.0194013
        ]
      },
      "id": "way/560475812"
    },
    {
      "type": "Feature",
      "properties": {
        "@id": "way/560476027",
        "leisure": "park",
        "@geometry": "center"
      },
      "geometry": {
        "type": "Point",
        "coordinates": [
          73.0176828,
          19.0103494
        ]
      },
      "id": "way/560476027"
    },
    {
      "type": "Feature",
      "properties": {
        "@id": "way/560682200",
        "access": "yes",
        "fee": "no",
        "garden:type": "municipal",
        "leisure": "garden",
        "operator": "NMMC",
        "@geometry": "center"
      },
      "geometry": {
        "type": "Point",
        "coordinates": [
          73.0252536,
          19.0090427
        ]
      },
      "id": "way/560682200"
    },
    {
      "type": "Feature",
      "properties": {
        "@id": "way/561157352",
        "leisure": "park",
        "name": "Gaondevi Park",
        "@geometry": "center"
      },
      "geometry": {
        "type": "Point",
        "coordinates": [
          73.0109579,
          19.0394236
        ]
      },
      "id": "way/561157352"
    },
    {
      "type": "Feature",
      "properties": {
        "@id": "way/561261711",
        "leisure": "park",
        "@geometry": "center"
      },
      "geometry": {
        "type": "Point",
        "coordinates": [
          72.858041,
          19.3163628
        ]
      },
      "id": "way/561261711"
    },
    {
      "type": "Feature",
      "properties": {
        "@id": "way/561264080",
        "leisure": "park",
        "name": "Water tank park",
        "@geometry": "center"
      },
      "geometry": {
        "type": "Point",
        "coordinates": [
          72.8528065,
          19.3053848
        ]
      },
      "id": "way/561264080"
    },
    {
      "type": "Feature",
      "properties": {
        "@id": "way/561505927",
        "barrier": "fence",
        "leisure": "park",
        "name": "Krantisinha Nana Patil Park",
        "name:etymology:wikidata": "Q6962309",
        "@geometry": "center"
      },
      "geometry": {
        "type": "Point",
        "coordinates": [
          73.0157516,
          19.0097685
        ]
      },
      "id": "way/561505927"
    },
    {
      "type": "Feature",
      "properties": {
        "@id": "way/561970760",
        "leisure": "park",
        "name": "Turbhe Park",
        "@geometry": "center"
      },
      "geometry": {
        "type": "Point",
        "coordinates": [
          73.0155796,
          19.0756104
        ]
      },
      "id": "way/561970760"
    },
    {
      "type": "Feature",
      "properties": {
        "@id": "way/561970762",
        "leisure": "park",
        "name": "R.R Patil Garden",
        "@geometry": "center"
      },
      "geometry": {
        "type": "Point",
        "coordinates": [
          73.0265142,
          19.033086
        ]
      },
      "id": "way/561970762"
    },
    {
      "type": "Feature",
      "properties": {
        "@id": "way/562942560",
        "addr:city": "Mumbai",
        "addr:district": "Mumbai",
        "addr:postcode": "400060",
        "addr:street": "Poonam Nagar",
        "leisure": "park",
        "name": "Hemant Karkare Park",
        "name:etymology:wikidata": "Q3595128",
        "opening_hours": "Mo-Su 06:00-23:00",
        "@geometry": "center"
      },
      "geometry": {
        "type": "Point",
        "coordinates": [
          72.8663727,
          19.1363017
        ]
      },
      "id": "way/562942560"
    },
    {
      "type": "Feature",
      "properties": {
        "@id": "way/563239081",
        "leisure": "park",
        "name": "Chincholi Park",
        "@geometry": "center"
      },
      "geometry": {
        "type": "Point",
        "coordinates": [
          73.0181905,
          19.0467068
        ]
      },
      "id": "way/563239081"
    },
    {
      "type": "Feature",
      "properties": {
        "@id": "way/563270769",
        "leisure": "park",
        "@geometry": "center"
      },
      "geometry": {
        "type": "Point",
        "coordinates": [
          73.0124676,
          19.020986
        ]
      },
      "id": "way/563270769"
    },
    {
      "type": "Feature",
      "properties": {
        "@id": "way/563530677",
        "addr:city": "New Panvel",
        "addr:postcode": "410206",
        "leisure": "park",
        "name": "CIDCO Park",
        "@geometry": "center"
      },
      "geometry": {
        "type": "Point",
        "coordinates": [
          73.1239643,
          18.9913458
        ]
      },
      "id": "way/563530677"
    },
    {
      "type": "Feature",
      "properties": {
        "@id": "way/563558938",
        "leisure": "park",
        "name": "Anna Saheb Park, nerul",
        "@geometry": "center"
      },
      "geometry": {
        "type": "Point",
        "coordinates": [
          73.0164569,
          19.0381584
        ]
      },
      "id": "way/563558938"
    },
    {
      "type": "Feature",
      "properties": {
        "@id": "way/563558939",
        "leisure": "park",
        "name": "Sardar Vallabhai Patel Park",
        "name:etymology:wikidata": "Q9455",
        "@geometry": "center"
      },
      "geometry": {
        "type": "Point",
        "coordinates": [
          73.0227277,
          19.0377259
        ]
      },
      "id": "way/563558939"
    },
    {
      "type": "Feature",
      "properties": {
        "@id": "way/563558940",
        "leisure": "park",
        "name": "Dr. Babasaheb Ambedkar Park",
        "name:etymology:wikidata": "Q231690",
        "@geometry": "center"
      },
      "geometry": {
        "type": "Point",
        "coordinates": [
          73.0210881,
          19.0389849
        ]
      },
      "id": "way/563558940"
    },
    {
      "type": "Feature",
      "properties": {
        "@id": "way/563561683",
        "leisure": "garden",
        "name": "Step Garden",
        "@geometry": "center"
      },
      "geometry": {
        "type": "Point",
        "coordinates": [
          73.0227103,
          19.0368431
        ]
      },
      "id": "way/563561683"
    },
    {
      "type": "Feature",
      "properties": {
        "@id": "way/563561684",
        "leisure": "park",
        "name": "Sector-9 Park, NERUL",
        "@geometry": "center"
      },
      "geometry": {
        "type": "Point",
        "coordinates": [
          73.0230035,
          19.0394311
        ]
      },
      "id": "way/563561684"
    },
    {
      "type": "Feature",
      "properties": {
        "@id": "way/563568596",
        "leisure": "park",
        "name": "Annabhau Sathe Park",
        "name:etymology:wikidata": "Q55759",
        "@geometry": "center"
      },
      "geometry": {
        "type": "Point",
        "coordinates": [
          73.019987,
          19.0353694
        ]
      },
      "id": "way/563568596"
    },
    {
      "type": "Feature",
      "properties": {
        "@id": "way/563576753",
        "leisure": "park",
        "@geometry": "center"
      },
      "geometry": {
        "type": "Point",
        "coordinates": [
          73.0216437,
          19.0439749
        ]
      },
      "id": "way/563576753"
    },
    {
      "type": "Feature",
      "properties": {
        "@id": "way/563580225",
        "leisure": "park",
        "name": "NMMC Park",
        "@geometry": "center"
      },
      "geometry": {
        "type": "Point",
        "coordinates": [
          73.0213049,
          19.0422941
        ]
      },
      "id": "way/563580225"
    },
    {
      "type": "Feature",
      "properties": {
        "@id": "way/563580230",
        "leisure": "park",
        "@geometry": "center"
      },
      "geometry": {
        "type": "Point",
        "coordinates": [
          73.0205,
          19.0416981
        ]
      },
      "id": "way/563580230"
    },
    {
      "type": "Feature",
      "properties": {
        "@id": "way/563580236",
        "leisure": "park",
        "name": "Rajmata Jijau Park",
        "name:etymology:wikidata": "Q6192525",
        "@geometry": "center"
      },
      "geometry": {
        "type": "Point",
        "coordinates": [
          73.0101354,
          19.0425426
        ]
      },
      "id": "way/563580236"
    },
    {
      "type": "Feature",
      "properties": {
        "@id": "way/563580238",
        "leisure": "park",
        "name": "Sector-4 Park",
        "@geometry": "center"
      },
      "geometry": {
        "type": "Point",
        "coordinates": [
          73.0111869,
          19.0455355
        ]
      },
      "id": "way/563580238"
    },
    {
      "type": "Feature",
      "properties": {
        "@id": "way/564566798",
        "leisure": "park",
        "name": "Swing Garden",
        "old_name": "Maze Garden",
        "@geometry": "center"
      },
      "geometry": {
        "type": "Point",
        "coordinates": [
          72.9214448,
          19.1057253
        ]
      },
      "id": "way/564566798"
    },
    {
      "type": "Feature",
      "properties": {
        "@id": "way/566008163",
        "leisure": "park",
        "name": "Meenatai Thackrey Park",
        "name:etymology:wikidata": "Q22081679",
        "@geometry": "center"
      },
      "geometry": {
        "type": "Point",
        "coordinates": [
          72.9996194,
          19.0709876
        ]
      },
      "id": "way/566008163"
    },
    {
      "type": "Feature",
      "properties": {
        "@id": "way/566085300",
        "leisure": "park",
        "name": "Krantiveer Nana Patil Park",
        "name:etymology:wikidata": "Q6962309",
        "@geometry": "center"
      },
      "geometry": {
        "type": "Point",
        "coordinates": [
          73.002583,
          19.0794974
        ]
      },
      "id": "way/566085300"
    },
    {
      "type": "Feature",
      "properties": {
        "@id": "way/566659870",
        "leisure": "park",
        "@geometry": "center"
      },
      "geometry": {
        "type": "Point",
        "coordinates": [
          72.9174578,
          19.1052676
        ]
      },
      "id": "way/566659870"
    },
    {
      "type": "Feature",
      "properties": {
        "@id": "way/567266241",
        "access": "yes",
        "fee": "no",
        "garden:type": "flowerbed",
        "leisure": "garden",
        "operator": "NMMC",
        "@geometry": "center"
      },
      "geometry": {
        "type": "Point",
        "coordinates": [
          73.0238516,
          19.0089771
        ]
      },
      "id": "way/567266241"
    },
    {
      "type": "Feature",
      "properties": {
        "@id": "way/568683452",
        "leisure": "park",
        "name": "Dharmveer Anand Saheb Park",
        "@geometry": "center"
      },
      "geometry": {
        "type": "Point",
        "coordinates": [
          73.0095376,
          19.0328615
        ]
      },
      "id": "way/568683452"
    },
    {
      "type": "Feature",
      "properties": {
        "@id": "way/570936330",
        "leisure": "garden",
        "@geometry": "center"
      },
      "geometry": {
        "type": "Point",
        "coordinates": [
          72.855607,
          19.1021757
        ]
      },
      "id": "way/570936330"
    },
    {
      "type": "Feature",
      "properties": {
        "@id": "way/571285512",
        "leisure": "park",
        "@geometry": "center"
      },
      "geometry": {
        "type": "Point",
        "coordinates": [
          73.0208861,
          19.0330709
        ]
      },
      "id": "way/571285512"
    },
    {
      "type": "Feature",
      "properties": {
        "@id": "way/571791059",
        "leisure": "park",
        "name": "ALM 116 Park",
        "@geometry": "center"
      },
      "geometry": {
        "type": "Point",
        "coordinates": [
          72.8256999,
          19.0578015
        ]
      },
      "id": "way/571791059"
    },
    {
      "type": "Feature",
      "properties": {
        "@id": "way/572030540",
        "leisure": "park",
        "name": "Guru Nanak Park",
        "name:etymology:wikidata": "Q83322",
        "@geometry": "center"
      },
      "geometry": {
        "type": "Point",
        "coordinates": [
          73.0222587,
          19.0318776
        ]
      },
      "id": "way/572030540"
    },
    {
      "type": "Feature",
      "properties": {
        "@id": "way/572030541",
        "leisure": "park",
        "name": "Kalpana Chawla Park",
        "name:etymology:wikidata": "Q237879",
        "@geometry": "center"
      },
      "geometry": {
        "type": "Point",
        "coordinates": [
          73.0229956,
          19.0318478
        ]
      },
      "id": "way/572030541"
    },
    {
      "type": "Feature",
      "properties": {
        "@id": "way/572043478",
        "leisure": "park",
        "name": "Dr. Babasaheb Ambedkar Park",
        "name:etymology:wikidata": "Q231690",
        "@geometry": "center"
      },
      "geometry": {
        "type": "Point",
        "coordinates": [
          73.0413173,
          19.0283171
        ]
      },
      "id": "way/572043478"
    },
    {
      "type": "Feature",
      "properties": {
        "@id": "way/572930905",
        "leisure": "park",
        "name": "Ganesh Udyan Park",
        "@geometry": "center"
      },
      "geometry": {
        "type": "Point",
        "coordinates": [
          72.9633204,
          19.1825057
        ]
      },
      "id": "way/572930905"
    },
    {
      "type": "Feature",
      "properties": {
        "@id": "way/573291581",
        "leisure": "park",
        "name": "Gymkhana",
        "@geometry": "center"
      },
      "geometry": {
        "type": "Point",
        "coordinates": [
          72.9124443,
          19.1346104
        ]
      },
      "id": "way/573291581"
    },
    {
      "type": "Feature",
      "properties": {
        "@id": "way/573399712",
        "leisure": "park",
        "@geometry": "center"
      },
      "geometry": {
        "type": "Point",
        "coordinates": [
          73.0136812,
          19.0883809
        ]
      },
      "id": "way/573399712"
    },
    {
      "type": "Feature",
      "properties": {
        "@id": "way/573399713",
        "leisure": "park",
        "@geometry": "center"
      },
      "geometry": {
        "type": "Point",
        "coordinates": [
          73.0140528,
          19.0903851
        ]
      },
      "id": "way/573399713"
    },
    {
      "type": "Feature",
      "properties": {
        "@id": "way/573956077",
        "leisure": "park",
        "@geometry": "center"
      },
      "geometry": {
        "type": "Point",
        "coordinates": [
          72.9964126,
          19.0784443
        ]
      },
      "id": "way/573956077"
    },
    {
      "type": "Feature",
      "properties": {
        "@id": "way/573956082",
        "leisure": "park",
        "@geometry": "center"
      },
      "geometry": {
        "type": "Point",
        "coordinates": [
          72.9992323,
          19.0847333
        ]
      },
      "id": "way/573956082"
    },
    {
      "type": "Feature",
      "properties": {
        "@id": "way/574007906",
        "leisure": "park",
        "name": "Gyankalash Park",
        "@geometry": "center"
      },
      "geometry": {
        "type": "Point",
        "coordinates": [
          72.9894546,
          19.071218
        ]
      },
      "id": "way/574007906"
    },
    {
      "type": "Feature",
      "properties": {
        "@id": "way/574007911",
        "leisure": "garden",
        "@geometry": "center"
      },
      "geometry": {
        "type": "Point",
        "coordinates": [
          72.9864506,
          19.0716246
        ]
      },
      "id": "way/574007911"
    },
    {
      "type": "Feature",
      "properties": {
        "@id": "way/574007918",
        "leisure": "garden",
        "@geometry": "center"
      },
      "geometry": {
        "type": "Point",
        "coordinates": [
          72.9864372,
          19.0744374
        ]
      },
      "id": "way/574007918"
    },
    {
      "type": "Feature",
      "properties": {
        "@id": "way/574007925",
        "leisure": "park",
        "@geometry": "center"
      },
      "geometry": {
        "type": "Point",
        "coordinates": [
          72.9876613,
          19.070095
        ]
      },
      "id": "way/574007925"
    },
    {
      "type": "Feature",
      "properties": {
        "@id": "way/574791454",
        "leisure": "park",
        "@geometry": "center"
      },
      "geometry": {
        "type": "Point",
        "coordinates": [
          72.818158,
          19.0223375
        ]
      },
      "id": "way/574791454"
    },
    {
      "type": "Feature",
      "properties": {
        "@id": "way/574791456",
        "leisure": "park",
        "@geometry": "center"
      },
      "geometry": {
        "type": "Point",
        "coordinates": [
          72.8180582,
          19.022495
        ]
      },
      "id": "way/574791456"
    },
    {
      "type": "Feature",
      "properties": {
        "@id": "way/574791457",
        "leisure": "park",
        "@geometry": "center"
      },
      "geometry": {
        "type": "Point",
        "coordinates": [
          72.8184718,
          19.021978
        ]
      },
      "id": "way/574791457"
    },
    {
      "type": "Feature",
      "properties": {
        "@id": "way/574791458",
        "leisure": "park",
        "@geometry": "center"
      },
      "geometry": {
        "type": "Point",
        "coordinates": [
          72.8175099,
          19.0214984
        ]
      },
      "id": "way/574791458"
    },
    {
      "type": "Feature",
      "properties": {
        "@id": "way/574791459",
        "leisure": "park",
        "@geometry": "center"
      },
      "geometry": {
        "type": "Point",
        "coordinates": [
          72.8172755,
          19.0219607
        ]
      },
      "id": "way/574791459"
    },
    {
      "type": "Feature",
      "properties": {
        "@id": "way/574791460",
        "leisure": "park",
        "@geometry": "center"
      },
      "geometry": {
        "type": "Point",
        "coordinates": [
          72.8174378,
          19.0219515
        ]
      },
      "id": "way/574791460"
    },
    {
      "type": "Feature",
      "properties": {
        "@id": "way/574791461",
        "leisure": "park",
        "@geometry": "center"
      },
      "geometry": {
        "type": "Point",
        "coordinates": [
          72.8163417,
          19.0229956
        ]
      },
      "id": "way/574791461"
    },
    {
      "type": "Feature",
      "properties": {
        "@id": "way/574791462",
        "leisure": "park",
        "@geometry": "center"
      },
      "geometry": {
        "type": "Point",
        "coordinates": [
          72.8169052,
          19.0230216
        ]
      },
      "id": "way/574791462"
    },
    {
      "type": "Feature",
      "properties": {
        "@id": "way/574791463",
        "leisure": "park",
        "@geometry": "center"
      },
      "geometry": {
        "type": "Point",
        "coordinates": [
          72.8161895,
          19.0221445
        ]
      },
      "id": "way/574791463"
    },
    {
      "type": "Feature",
      "properties": {
        "@id": "way/574791464",
        "leisure": "park",
        "name": "Golpha Devi Park",
        "@geometry": "center"
      },
      "geometry": {
        "type": "Point",
        "coordinates": [
          72.816251,
          19.0215844
        ]
      },
      "id": "way/574791464"
    },
    {
      "type": "Feature",
      "properties": {
        "@id": "way/574791465",
        "leisure": "park",
        "@geometry": "center"
      },
      "geometry": {
        "type": "Point",
        "coordinates": [
          72.8182277,
          19.0211034
        ]
      },
      "id": "way/574791465"
    },
    {
      "type": "Feature",
      "properties": {
        "@id": "way/574791466",
        "leisure": "park",
        "@geometry": "center"
      },
      "geometry": {
        "type": "Point",
        "coordinates": [
          72.8185774,
          19.0211394
        ]
      },
      "id": "way/574791466"
    },
    {
      "type": "Feature",
      "properties": {
        "@id": "way/574805723",
        "leisure": "park",
        "@geometry": "center"
      },
      "geometry": {
        "type": "Point",
        "coordinates": [
          72.8162524,
          19.0208719
        ]
      },
      "id": "way/574805723"
    },
    {
      "type": "Feature",
      "properties": {
        "@id": "way/574805724",
        "leisure": "park",
        "@geometry": "center"
      },
      "geometry": {
        "type": "Point",
        "coordinates": [
          72.8170248,
          19.0197103
        ]
      },
      "id": "way/574805724"
    },
    {
      "type": "Feature",
      "properties": {
        "@id": "way/574805725",
        "leisure": "park",
        "@geometry": "center"
      },
      "geometry": {
        "type": "Point",
        "coordinates": [
          72.8184244,
          19.0197812
        ]
      },
      "id": "way/574805725"
    },
    {
      "type": "Feature",
      "properties": {
        "@id": "way/574805726",
        "leisure": "park",
        "@geometry": "center"
      },
      "geometry": {
        "type": "Point",
        "coordinates": [
          72.8183151,
          19.0196251
        ]
      },
      "id": "way/574805726"
    },
    {
      "type": "Feature",
      "properties": {
        "@id": "way/574805728",
        "leisure": "park",
        "@geometry": "center"
      },
      "geometry": {
        "type": "Point",
        "coordinates": [
          72.8166992,
          19.0201662
        ]
      },
      "id": "way/574805728"
    },
    {
      "type": "Feature",
      "properties": {
        "@id": "way/574805729",
        "leisure": "park",
        "@geometry": "center"
      },
      "geometry": {
        "type": "Point",
        "coordinates": [
          72.816435,
          19.0200542
        ]
      },
      "id": "way/574805729"
    },
    {
      "type": "Feature",
      "properties": {
        "@id": "way/574805731",
        "leisure": "park",
        "@geometry": "center"
      },
      "geometry": {
        "type": "Point",
        "coordinates": [
          72.8184751,
          19.0202101
        ]
      },
      "id": "way/574805731"
    },
    {
      "type": "Feature",
      "properties": {
        "@id": "way/574805732",
        "leisure": "park",
        "@geometry": "center"
      },
      "geometry": {
        "type": "Point",
        "coordinates": [
          72.8186957,
          19.0194142
        ]
      },
      "id": "way/574805732"
    },
    {
      "type": "Feature",
      "properties": {
        "@id": "way/574805733",
        "leisure": "park",
        "@geometry": "center"
      },
      "geometry": {
        "type": "Point",
        "coordinates": [
          72.8187879,
          19.0201122
        ]
      },
      "id": "way/574805733"
    },
    {
      "type": "Feature",
      "properties": {
        "@id": "way/574808467",
        "leisure": "park",
        "@geometry": "center"
      },
      "geometry": {
        "type": "Point",
        "coordinates": [
          72.8179979,
          19.0218962
        ]
      },
      "id": "way/574808467"
    },
    {
      "type": "Feature",
      "properties": {
        "@id": "way/574808469",
        "leisure": "park",
        "@geometry": "center"
      },
      "geometry": {
        "type": "Point",
        "coordinates": [
          72.81776,
          19.0215419
        ]
      },
      "id": "way/574808469"
    },
    {
      "type": "Feature",
      "properties": {
        "@id": "way/575018135",
        "leisure": "park",
        "name": "Dr. Babasaheb Ambedkar Park",
        "name:etymology:wikidata": "Q231690",
        "opening_hours": "MON-SUN {MORNING 6-10} {EVENING 5-9}",
        "@geometry": "center"
      },
      "geometry": {
        "type": "Point",
        "coordinates": [
          73.0164598,
          19.0483046
        ]
      },
      "id": "way/575018135"
    },
    {
      "type": "Feature",
      "properties": {
        "@id": "way/575018144",
        "leisure": "park",
        "name": "Nehru Park",
        "name:etymology:wikidata": "Q1047",
        "@geometry": "center"
      },
      "geometry": {
        "type": "Point",
        "coordinates": [
          73.020079,
          19.0431441
        ]
      },
      "id": "way/575018144"
    },
    {
      "type": "Feature",
      "properties": {
        "@id": "way/575018151",
        "leisure": "park",
        "@geometry": "center"
      },
      "geometry": {
        "type": "Point",
        "coordinates": [
          73.0243423,
          19.0382975
        ]
      },
      "id": "way/575018151"
    },
    {
      "type": "Feature",
      "properties": {
        "@id": "way/575027977",
        "leisure": "park",
        "name": "Adi Shankaracharaya Park",
        "name:etymology:wikidata": "Q180967",
        "@geometry": "center"
      },
      "geometry": {
        "type": "Point",
        "coordinates": [
          73.0225734,
          19.028495
        ]
      },
      "id": "way/575027977"
    },
    {
      "type": "Feature",
      "properties": {
        "@id": "way/575659931",
        "leisure": "park",
        "@geometry": "center"
      },
      "geometry": {
        "type": "Point",
        "coordinates": [
          72.8189473,
          19.018039
        ]
      },
      "id": "way/575659931"
    },
    {
      "type": "Feature",
      "properties": {
        "@id": "way/575659932",
        "leisure": "park",
        "@geometry": "center"
      },
      "geometry": {
        "type": "Point",
        "coordinates": [
          72.818539,
          19.0174119
        ]
      },
      "id": "way/575659932"
    },
    {
      "type": "Feature",
      "properties": {
        "@id": "way/575659933",
        "leisure": "park",
        "@geometry": "center"
      },
      "geometry": {
        "type": "Point",
        "coordinates": [
          72.8181114,
          19.0172853
        ]
      },
      "id": "way/575659933"
    },
    {
      "type": "Feature",
      "properties": {
        "@id": "way/575659934",
        "leisure": "park",
        "@geometry": "center"
      },
      "geometry": {
        "type": "Point",
        "coordinates": [
          72.8183868,
          19.0172704
        ]
      },
      "id": "way/575659934"
    },
    {
      "type": "Feature",
      "properties": {
        "@id": "way/575659935",
        "leisure": "park",
        "@geometry": "center"
      },
      "geometry": {
        "type": "Point",
        "coordinates": [
          72.8178404,
          19.0171661
        ]
      },
      "id": "way/575659935"
    },
    {
      "type": "Feature",
      "properties": {
        "@id": "way/575659936",
        "leisure": "park",
        "@geometry": "center"
      },
      "geometry": {
        "type": "Point",
        "coordinates": [
          72.8177721,
          19.017007
        ]
      },
      "id": "way/575659936"
    },
    {
      "type": "Feature",
      "properties": {
        "@id": "way/575659939",
        "leisure": "park",
        "@geometry": "center"
      },
      "geometry": {
        "type": "Point",
        "coordinates": [
          72.8175461,
          19.0170828
        ]
      },
      "id": "way/575659939"
    },
    {
      "type": "Feature",
      "properties": {
        "@id": "way/575659947",
        "leisure": "park",
        "@geometry": "center"
      },
      "geometry": {
        "type": "Point",
        "coordinates": [
          72.818473,
          19.0179994
        ]
      },
      "id": "way/575659947"
    },
    {
      "type": "Feature",
      "properties": {
        "@id": "way/575659975",
        "leisure": "park",
        "@geometry": "center"
      },
      "geometry": {
        "type": "Point",
        "coordinates": [
          72.817426,
          19.0178992
        ]
      },
      "id": "way/575659975"
    },
    {
      "type": "Feature",
      "properties": {
        "@id": "way/575659977",
        "leisure": "park",
        "@geometry": "center"
      },
      "geometry": {
        "type": "Point",
        "coordinates": [
          72.8182755,
          19.018254
        ]
      },
      "id": "way/575659977"
    },
    {
      "type": "Feature",
      "properties": {
        "@id": "way/575659978",
        "leisure": "park",
        "@geometry": "center"
      },
      "geometry": {
        "type": "Point",
        "coordinates": [
          72.8174969,
          19.0187792
        ]
      },
      "id": "way/575659978"
    },
    {
      "type": "Feature",
      "properties": {
        "@id": "way/575659979",
        "leisure": "park",
        "@geometry": "center"
      },
      "geometry": {
        "type": "Point",
        "coordinates": [
          72.8175532,
          19.0190377
        ]
      },
      "id": "way/575659979"
    },
    {
      "type": "Feature",
      "properties": {
        "@id": "way/575659980",
        "leisure": "park",
        "@geometry": "center"
      },
      "geometry": {
        "type": "Point",
        "coordinates": [
          72.819017,
          19.0189697
        ]
      },
      "id": "way/575659980"
    },
    {
      "type": "Feature",
      "properties": {
        "@id": "way/575659981",
        "leisure": "park",
        "@geometry": "center"
      },
      "geometry": {
        "type": "Point",
        "coordinates": [
          72.819558,
          19.0180431
        ]
      },
      "id": "way/575659981"
    },
    {
      "type": "Feature",
      "properties": {
        "@id": "way/575659982",
        "leisure": "park",
        "@geometry": "center"
      },
      "geometry": {
        "type": "Point",
        "coordinates": [
          72.8217099,
          19.0171488
        ]
      },
      "id": "way/575659982"
    },
    {
      "type": "Feature",
      "properties": {
        "@id": "way/575831936",
        "leisure": "park",
        "@geometry": "center"
      },
      "geometry": {
        "type": "Point",
        "coordinates": [
          73.0414988,
          19.0274581
        ]
      },
      "id": "way/575831936"
    },
    {
      "type": "Feature",
      "properties": {
        "@id": "way/575831937",
        "leisure": "park",
        "@geometry": "center"
      },
      "geometry": {
        "type": "Point",
        "coordinates": [
          73.0420592,
          19.0270662
        ]
      },
      "id": "way/575831937"
    },
    {
      "type": "Feature",
      "properties": {
        "@id": "way/575831938",
        "leisure": "park",
        "@geometry": "center"
      },
      "geometry": {
        "type": "Point",
        "coordinates": [
          73.0426055,
          19.026764
        ]
      },
      "id": "way/575831938"
    },
    {
      "type": "Feature",
      "properties": {
        "@id": "way/575831939",
        "leisure": "park",
        "@geometry": "center"
      },
      "geometry": {
        "type": "Point",
        "coordinates": [
          73.0431572,
          19.0263234
        ]
      },
      "id": "way/575831939"
    },
    {
      "type": "Feature",
      "properties": {
        "@id": "way/575831940",
        "leisure": "park",
        "@geometry": "center"
      },
      "geometry": {
        "type": "Point",
        "coordinates": [
          73.0437309,
          19.0260221
        ]
      },
      "id": "way/575831940"
    },
    {
      "type": "Feature",
      "properties": {
        "@id": "way/575831942",
        "leisure": "park",
        "@geometry": "center"
      },
      "geometry": {
        "type": "Point",
        "coordinates": [
          73.0449637,
          19.0253511
        ]
      },
      "id": "way/575831942"
    },
    {
      "type": "Feature",
      "properties": {
        "@id": "way/575831943",
        "leisure": "park",
        "@geometry": "center"
      },
      "geometry": {
        "type": "Point",
        "coordinates": [
          73.0455077,
          19.0249605
        ]
      },
      "id": "way/575831943"
    },
    {
      "type": "Feature",
      "properties": {
        "@id": "way/575831944",
        "leisure": "park",
        "@geometry": "center"
      },
      "geometry": {
        "type": "Point",
        "coordinates": [
          73.0459245,
          19.0246018
        ]
      },
      "id": "way/575831944"
    },
    {
      "type": "Feature",
      "properties": {
        "@id": "way/575838163",
        "leisure": "garden",
        "name": "Rock Garden",
        "@geometry": "center"
      },
      "geometry": {
        "type": "Point",
        "coordinates": [
          73.0351203,
          19.0300913
        ]
      },
      "id": "way/575838163"
    },
    {
      "type": "Feature",
      "properties": {
        "@id": "way/576981879",
        "leisure": "park",
        "name": "Central Park",
        "@geometry": "center"
      },
      "geometry": {
        "type": "Point",
        "coordinates": [
          73.0045987,
          19.1149466
        ]
      },
      "id": "way/576981879"
    },
    {
      "type": "Feature",
      "properties": {
        "@id": "way/578325210",
        "leisure": "park",
        "name": "Children's Park",
        "@geometry": "center"
      },
      "geometry": {
        "type": "Point",
        "coordinates": [
          73.0214347,
          19.0396551
        ]
      },
      "id": "way/578325210"
    },
    {
      "type": "Feature",
      "properties": {
        "@id": "way/578325213",
        "leisure": "park",
        "name": "Samaj Mandir Park",
        "@geometry": "center"
      },
      "geometry": {
        "type": "Point",
        "coordinates": [
          73.0214169,
          19.0391234
        ]
      },
      "id": "way/578325213"
    },
    {
      "type": "Feature",
      "properties": {
        "@id": "way/578746056",
        "leisure": "park",
        "name": "Swami Mohananand Giriji Maharaj Park",
        "@geometry": "center"
      },
      "geometry": {
        "type": "Point",
        "coordinates": [
          73.0122782,
          19.0642092
        ]
      },
      "id": "way/578746056"
    },
    {
      "type": "Feature",
      "properties": {
        "@id": "way/578746063",
        "leisure": "park",
        "@geometry": "center"
      },
      "geometry": {
        "type": "Point",
        "coordinates": [
          73.0113046,
          19.0610755
        ]
      },
      "id": "way/578746063"
    },
    {
      "type": "Feature",
      "properties": {
        "@id": "way/578746064",
        "leisure": "park",
        "@geometry": "center"
      },
      "geometry": {
        "type": "Point",
        "coordinates": [
          73.0119897,
          19.061073
        ]
      },
      "id": "way/578746064"
    },
    {
      "type": "Feature",
      "properties": {
        "@id": "way/578746066",
        "leisure": "park",
        "@geometry": "center"
      },
      "geometry": {
        "type": "Point",
        "coordinates": [
          73.0113678,
          19.0604349
        ]
      },
      "id": "way/578746066"
    },
    {
      "type": "Feature",
      "properties": {
        "@id": "way/578746067",
        "leisure": "park",
        "@geometry": "center"
      },
      "geometry": {
        "type": "Point",
        "coordinates": [
          73.0120521,
          19.0604297
        ]
      },
      "id": "way/578746067"
    },
    {
      "type": "Feature",
      "properties": {
        "@id": "way/578783773",
        "leisure": "park",
        "@geometry": "center"
      },
      "geometry": {
        "type": "Point",
        "coordinates": [
          73.0144101,
          19.0650803
        ]
      },
      "id": "way/578783773"
    },
    {
      "type": "Feature",
      "properties": {
        "@id": "way/578783782",
        "leisure": "park",
        "@geometry": "center"
      },
      "geometry": {
        "type": "Point",
        "coordinates": [
          73.0161374,
          19.0661572
        ]
      },
      "id": "way/578783782"
    },
    {
      "type": "Feature",
      "properties": {
        "@id": "way/578783795",
        "leisure": "park",
        "name": "Sector-4 Park",
        "@geometry": "center"
      },
      "geometry": {
        "type": "Point",
        "coordinates": [
          73.0118665,
          19.0651263
        ]
      },
      "id": "way/578783795"
    },
    {
      "type": "Feature",
      "properties": {
        "@id": "way/578800858",
        "leisure": "park",
        "@geometry": "center"
      },
      "geometry": {
        "type": "Point",
        "coordinates": [
          73.0152307,
          19.0524154
        ]
      },
      "id": "way/578800858"
    },
    {
      "type": "Feature",
      "properties": {
        "@id": "way/582657910",
        "leisure": "park",
        "name": "PV Park",
        "@geometry": "center"
      },
      "geometry": {
        "type": "Point",
        "coordinates": [
          72.8782374,
          19.2753933
        ]
      },
      "id": "way/582657910"
    },
    {
      "type": "Feature",
      "properties": {
        "@id": "way/584231184",
        "leisure": "garden",
        "name": "H1: Garden",
        "@geometry": "center"
      },
      "geometry": {
        "type": "Point",
        "coordinates": [
          72.9141637,
          19.1370291
        ]
      },
      "id": "way/584231184"
    },
    {
      "type": "Feature",
      "properties": {
        "@id": "way/584298064",
        "landuse": "grass",
        "leisure": "park",
        "name": "Lokmanya Tilak Udyan Park",
        "name:etymology:wikidata": "Q312555",
        "@geometry": "center"
      },
      "geometry": {
        "type": "Point",
        "coordinates": [
          72.9735876,
          19.1886903
        ]
      },
      "id": "way/584298064"
    },
    {
      "type": "Feature",
      "properties": {
        "@id": "way/586183682",
        "leisure": "garden",
        "name": "Mata Amritanandamayi Baug, opposite to Balaji Temple, nerul",
        "@geometry": "center"
      },
      "geometry": {
        "type": "Point",
        "coordinates": [
          73.0151541,
          19.0322371
        ]
      },
      "id": "way/586183682"
    },
    {
      "type": "Feature",
      "properties": {
        "@id": "way/592383853",
        "barrier": "wall",
        "leisure": "park",
        "name": "Nanasaheb Dharmadhikari Park",
        "name:etymology:wikidata": "Q6962286",
        "@geometry": "center"
      },
      "geometry": {
        "type": "Point",
        "coordinates": [
          73.0022164,
          19.0597041
        ]
      },
      "id": "way/592383853"
    },
    {
      "type": "Feature",
      "properties": {
        "@id": "way/594262076",
        "leisure": "park",
        "name": "Sports Authority of India Ground",
        "sport": "running;exercise",
        "@geometry": "center"
      },
      "geometry": {
        "type": "Point",
        "coordinates": [
          72.8617713,
          19.1976989
        ]
      },
      "id": "way/594262076"
    },
    {
      "type": "Feature",
      "properties": {
        "@id": "way/603270961",
        "leisure": "park",
        "@geometry": "center"
      },
      "geometry": {
        "type": "Point",
        "coordinates": [
          72.992243,
          19.0667311
        ]
      },
      "id": "way/603270961"
    },
    {
      "type": "Feature",
      "properties": {
        "@id": "way/603570764",
        "access": "permissive",
        "leisure": "park",
        "@geometry": "center"
      },
      "geometry": {
        "type": "Point",
        "coordinates": [
          72.993121,
          19.0768373
        ]
      },
      "id": "way/603570764"
    },
    {
      "type": "Feature",
      "properties": {
        "@id": "way/604590799",
        "leisure": "park",
        "@geometry": "center"
      },
      "geometry": {
        "type": "Point",
        "coordinates": [
          73.100809,
          19.0267057
        ]
      },
      "id": "way/604590799"
    },
    {
      "type": "Feature",
      "properties": {
        "@id": "way/606354836",
        "leisure": "park",
        "@geometry": "center"
      },
      "geometry": {
        "type": "Point",
        "coordinates": [
          72.9966203,
          19.1021959
        ]
      },
      "id": "way/606354836"
    },
    {
      "type": "Feature",
      "properties": {
        "@id": "way/606556879",
        "leisure": "park",
        "@geometry": "center"
      },
      "geometry": {
        "type": "Point",
        "coordinates": [
          73.0053344,
          19.1079775
        ]
      },
      "id": "way/606556879"
    },
    {
      "type": "Feature",
      "properties": {
        "@id": "way/606557879",
        "leisure": "park",
        "name": "Chikaleshwar Garden",
        "@geometry": "center"
      },
      "geometry": {
        "type": "Point",
        "coordinates": [
          73.0040494,
          19.1062909
        ]
      },
      "id": "way/606557879"
    },
    {
      "type": "Feature",
      "properties": {
        "@id": "way/606563064",
        "leisure": "park",
        "@geometry": "center"
      },
      "geometry": {
        "type": "Point",
        "coordinates": [
          73.0069273,
          19.1028778
        ]
      },
      "id": "way/606563064"
    },
    {
      "type": "Feature",
      "properties": {
        "@id": "way/606563066",
        "leisure": "park",
        "@geometry": "center"
      },
      "geometry": {
        "type": "Point",
        "coordinates": [
          73.0012375,
          19.1012594
        ]
      },
      "id": "way/606563066"
    },
    {
      "type": "Feature",
      "properties": {
        "@id": "way/606563853",
        "leisure": "park",
        "name": "Guru Tegh Bahadur Park",
        "name:etymology:wikidata": "Q2019145",
        "@geometry": "center"
      },
      "geometry": {
        "type": "Point",
        "coordinates": [
          72.9979388,
          19.0999798
        ]
      },
      "id": "way/606563853"
    },
    {
      "type": "Feature",
      "properties": {
        "@id": "way/611811724",
        "addr:city": "Mumbai",
        "addr:housenumber": "109",
        "addr:postcode": "400022",
        "addr:street": "Road No 24",
        "landuse": "grass",
        "leisure": "park",
        "name": "H B Shivdasani Udyan",
        "opening_hours": "Mo-Su 06:00-23:00",
        "@geometry": "center"
      },
      "geometry": {
        "type": "Point",
        "coordinates": [
          72.8602178,
          19.0410822
        ]
      },
      "id": "way/611811724"
    },
    {
      "type": "Feature",
      "properties": {
        "@id": "way/613426552",
        "leisure": "park",
        "name": "Verona Garden",
        "@geometry": "center"
      },
      "geometry": {
        "type": "Point",
        "coordinates": [
          72.9092293,
          19.1139696
        ]
      },
      "id": "way/613426552"
    },
    {
      "type": "Feature",
      "properties": {
        "@id": "way/617622258",
        "leisure": "park",
        "@geometry": "center"
      },
      "geometry": {
        "type": "Point",
        "coordinates": [
          72.8844338,
          19.0541807
        ]
      },
      "id": "way/617622258"
    },
    {
      "type": "Feature",
      "properties": {
        "@id": "way/619355250",
        "description": "Upvan ground used for outdoor activity and recreational activities.",
        "leisure": "park",
        "name": "Upvan Ground",
        "@geometry": "center"
      },
      "geometry": {
        "type": "Point",
        "coordinates": [
          72.9576042,
          19.2204472
        ]
      },
      "id": "way/619355250"
    },
    {
      "type": "Feature",
      "properties": {
        "@id": "way/619940608",
        "leisure": "park",
        "name": "Dr. B. R. Ambedkar Maidan",
        "name:etymology:wikidata": "Q231690",
        "@geometry": "center"
      },
      "geometry": {
        "type": "Point",
        "coordinates": [
          72.8387374,
          19.1568257
        ]
      },
      "id": "way/619940608"
    },
    {
      "type": "Feature",
      "properties": {
        "@id": "way/621466309",
        "addr:city": "Mumbai",
        "addr:postcode": "400104",
        "addr:street": "Road Number 4",
        "leisure": "park",
        "name": "Trikoni Maidan",
        "@geometry": "center"
      },
      "geometry": {
        "type": "Point",
        "coordinates": [
          72.8385892,
          19.1546312
        ]
      },
      "id": "way/621466309"
    },
    {
      "type": "Feature",
      "properties": {
        "@id": "way/622014861",
        "leisure": "park",
        "@geometry": "center"
      },
      "geometry": {
        "type": "Point",
        "coordinates": [
          72.7922453,
          19.3084649
        ]
      },
      "id": "way/622014861"
    },
    {
      "type": "Feature",
      "properties": {
        "@id": "way/622500155",
        "leisure": "park",
        "@geometry": "center"
      },
      "geometry": {
        "type": "Point",
        "coordinates": [
          72.9123133,
          19.1242331
        ]
      },
      "id": "way/622500155"
    },
    {
      "type": "Feature",
      "properties": {
        "@id": "way/622518385",
        "leisure": "park",
        "@geometry": "center"
      },
      "geometry": {
        "type": "Point",
        "coordinates": [
          72.9090316,
          19.1245828
        ]
      },
      "id": "way/622518385"
    },
    {
      "type": "Feature",
      "properties": {
        "@id": "way/622547866",
        "leisure": "park",
        "@geometry": "center"
      },
      "geometry": {
        "type": "Point",
        "coordinates": [
          72.9168116,
          19.1370546
        ]
      },
      "id": "way/622547866"
    },
    {
      "type": "Feature",
      "properties": {
        "@id": "way/622547867",
        "leisure": "park",
        "@geometry": "center"
      },
      "geometry": {
        "type": "Point",
        "coordinates": [
          72.91677,
          19.1363565
        ]
      },
      "id": "way/622547867"
    },
    {
      "type": "Feature",
      "properties": {
        "@id": "way/622819499",
        "leisure": "park",
        "@geometry": "center"
      },
      "geometry": {
        "type": "Point",
        "coordinates": [
          72.9139007,
          19.1288963
        ]
      },
      "id": "way/622819499"
    },
    {
      "type": "Feature",
      "properties": {
        "@id": "way/622819500",
        "leisure": "park",
        "@geometry": "center"
      },
      "geometry": {
        "type": "Point",
        "coordinates": [
          72.9139407,
          19.1292964
        ]
      },
      "id": "way/622819500"
    },
    {
      "type": "Feature",
      "properties": {
        "@id": "way/622819501",
        "leisure": "park",
        "@geometry": "center"
      },
      "geometry": {
        "type": "Point",
        "coordinates": [
          72.9138511,
          19.1314
        ]
      },
      "id": "way/622819501"
    },
    {
      "type": "Feature",
      "properties": {
        "@id": "way/623168576",
        "addr:city": "Thane",
        "addr:postcode": "401107",
        "addr:street": "Pleasant Park Road",
        "leisure": "park",
        "name": "Common Park",
        "@geometry": "center"
      },
      "geometry": {
        "type": "Point",
        "coordinates": [
          72.8787191,
          19.2751215
        ]
      },
      "id": "way/623168576"
    },
    {
      "type": "Feature",
      "properties": {
        "@id": "way/623966435",
        "leisure": "park",
        "name": "Sarvoday Udyan",
        "@geometry": "center"
      },
      "geometry": {
        "type": "Point",
        "coordinates": [
          72.9726649,
          19.1825841
        ]
      },
      "id": "way/623966435"
    },
    {
      "type": "Feature",
      "properties": {
        "@id": "way/623967831",
        "leisure": "park",
        "name": "M.G. Garden",
        "@geometry": "center"
      },
      "geometry": {
        "type": "Point",
        "coordinates": [
          72.9767556,
          19.1922071
        ]
      },
      "id": "way/623967831"
    },
    {
      "type": "Feature",
      "properties": {
        "@id": "way/623968132",
        "leisure": "park",
        "name": "Jawaharlal Nehru Children’s Garden",
        "name:etymology:wikidata": "Q1047",
        "@geometry": "center"
      },
      "geometry": {
        "type": "Point",
        "coordinates": [
          72.978546,
          19.1921354
        ]
      },
      "id": "way/623968132"
    },
    {
      "type": "Feature",
      "properties": {
        "@id": "way/623968409",
        "leisure": "park",
        "name": "Jesth Nagrik Park",
        "@geometry": "center"
      },
      "geometry": {
        "type": "Point",
        "coordinates": [
          72.9662906,
          19.1827849
        ]
      },
      "id": "way/623968409"
    },
    {
      "type": "Feature",
      "properties": {
        "@id": "way/625673259",
        "access": "yes",
        "landuse": "grass",
        "leisure": "park",
        "name": "Shrikant Doshi Udyan",
        "@geometry": "center"
      },
      "geometry": {
        "type": "Point",
        "coordinates": [
          72.8634283,
          19.0379056
        ]
      },
      "id": "way/625673259"
    },
    {
      "type": "Feature",
      "properties": {
        "@id": "way/625813783",
        "addr:city": "Mumbai",
        "addr:postcode": "400031",
        "addr:street": "G.D. Ambedkar Marg",
        "historic:landuse": "industrial",
        "historic:name": "Spring Mills (Bombay Dyeing)",
        "leisure": "park",
        "@geometry": "center"
      },
      "geometry": {
        "type": "Point",
        "coordinates": [
          72.850971,
          19.0090259
        ]
      },
      "id": "way/625813783"
    },
    {
      "type": "Feature",
      "properties": {
        "@id": "way/626243838",
        "leisure": "park",
        "name": "Etlenta Park",
        "@geometry": "center"
      },
      "geometry": {
        "type": "Point",
        "coordinates": [
          72.9252569,
          19.0564784
        ]
      },
      "id": "way/626243838"
    },
    {
      "type": "Feature",
      "properties": {
        "@id": "way/626243843",
        "leisure": "park",
        "@geometry": "center"
      },
      "geometry": {
        "type": "Point",
        "coordinates": [
          72.9235997,
          19.0572564
        ]
      },
      "id": "way/626243843"
    },
    {
      "type": "Feature",
      "properties": {
        "@id": "way/626348957",
        "leisure": "park",
        "name": "Ashok Kamte Manoranjan Udyan Govandi",
        "name:etymology:wikidata": "Q4805748",
        "@geometry": "center"
      },
      "geometry": {
        "type": "Point",
        "coordinates": [
          72.9125999,
          19.0630166
        ]
      },
      "id": "way/626348957"
    },
    {
      "type": "Feature",
      "properties": {
        "@id": "way/626348961",
        "leisure": "park",
        "name": "Siddharth Garden",
        "@geometry": "center"
      },
      "geometry": {
        "type": "Point",
        "coordinates": [
          72.9125006,
          19.0581035
        ]
      },
      "id": "way/626348961"
    },
    {
      "type": "Feature",
      "properties": {
        "@id": "way/627262082",
        "alt_name": "Vallabhbhai Park",
        "leisure": "park",
        "name": "Vallabhai park",
        "opening_hours": "6:00-11:00, 16:00-21:00",
        "@geometry": "center"
      },
      "geometry": {
        "type": "Point",
        "coordinates": [
          72.8439259,
          19.1111933
        ]
      },
      "id": "way/627262082"
    },
    {
      "type": "Feature",
      "properties": {
        "@id": "way/627613001",
        "leisure": "park",
        "name": "Johnson & Johnson Garden",
        "@geometry": "center"
      },
      "geometry": {
        "type": "Point",
        "coordinates": [
          72.9431053,
          19.1768811
        ]
      },
      "id": "way/627613001"
    },
    {
      "type": "Feature",
      "properties": {
        "@id": "way/628785882",
        "leisure": "park",
        "@geometry": "center"
      },
      "geometry": {
        "type": "Point",
        "coordinates": [
          72.8720382,
          19.114379
        ]
      },
      "id": "way/628785882"
    },
    {
      "type": "Feature",
      "properties": {
        "@id": "way/628887315",
        "leisure": "park",
        "name": "Picnic Point Garden",
        "@geometry": "center"
      },
      "geometry": {
        "type": "Point",
        "coordinates": [
          72.8825015,
          19.1371344
        ]
      },
      "id": "way/628887315"
    },
    {
      "type": "Feature",
      "properties": {
        "@id": "way/632157135",
        "leisure": "park",
        "name": "Shree Raghvendra Swami Dhyan Udyan",
        "@geometry": "center"
      },
      "geometry": {
        "type": "Point",
        "coordinates": [
          72.9416388,
          19.1635592
        ]
      },
      "id": "way/632157135"
    },
    {
      "type": "Feature",
      "properties": {
        "@id": "way/634135517",
        "leisure": "park",
        "@geometry": "center"
      },
      "geometry": {
        "type": "Point",
        "coordinates": [
          72.8547023,
          19.2336142
        ]
      },
      "id": "way/634135517"
    },
    {
      "type": "Feature",
      "properties": {
        "@id": "way/634147839",
        "leisure": "park",
        "@geometry": "center"
      },
      "geometry": {
        "type": "Point",
        "coordinates": [
          72.853684,
          19.2450231
        ]
      },
      "id": "way/634147839"
    },
    {
      "type": "Feature",
      "properties": {
        "@id": "way/634349553",
        "leisure": "park",
        "@geometry": "center"
      },
      "geometry": {
        "type": "Point",
        "coordinates": [
          72.8413464,
          19.0984879
        ]
      },
      "id": "way/634349553"
    },
    {
      "type": "Feature",
      "properties": {
        "@id": "way/634349554",
        "addr:city": "Vile Parle West",
        "addr:postcode": "400056",
        "addr:street": "Sarojani Path",
        "leisure": "park",
        "opening_hours": "Mo-Sa 08:00-20:00",
        "@geometry": "center"
      },
      "geometry": {
        "type": "Point",
        "coordinates": [
          72.8420421,
          19.0987957
        ]
      },
      "id": "way/634349554"
    },
    {
      "type": "Feature",
      "properties": {
        "@id": "way/635156304",
        "leisure": "park",
        "name": "BMC Park",
        "@geometry": "center"
      },
      "geometry": {
        "type": "Point",
        "coordinates": [
          72.8503487,
          19.2432705
        ]
      },
      "id": "way/635156304"
    },
    {
      "type": "Feature",
      "properties": {
        "@id": "way/635577424",
        "leisure": "park",
        "@geometry": "center"
      },
      "geometry": {
        "type": "Point",
        "coordinates": [
          72.9015951,
          19.1209793
        ]
      },
      "id": "way/635577424"
    },
    {
      "type": "Feature",
      "properties": {
        "@id": "way/640010797",
        "access": "yes",
        "leisure": "garden",
        "name": "Villagers gardern",
        "@geometry": "center"
      },
      "geometry": {
        "type": "Point",
        "coordinates": [
          72.8830881,
          19.0813894
        ]
      },
      "id": "way/640010797"
    },
    {
      "type": "Feature",
      "properties": {
        "@id": "way/640014015",
        "leisure": "park",
        "name": "Village Park",
        "opening_hours": "24/7",
        "@geometry": "center"
      },
      "geometry": {
        "type": "Point",
        "coordinates": [
          72.88277,
          19.0810543
        ]
      },
      "id": "way/640014015"
    },
    {
      "type": "Feature",
      "properties": {
        "@id": "way/643077464",
        "leisure": "garden",
        "@geometry": "center"
      },
      "geometry": {
        "type": "Point",
        "coordinates": [
          72.9358248,
          19.1654296
        ]
      },
      "id": "way/643077464"
    },
    {
      "type": "Feature",
      "properties": {
        "@id": "way/643686510",
        "leisure": "park",
        "name": "Sector-6 Park",
        "@geometry": "center"
      },
      "geometry": {
        "type": "Point",
        "coordinates": [
          73.0088891,
          19.0444432
        ]
      },
      "id": "way/643686510"
    },
    {
      "type": "Feature",
      "properties": {
        "@id": "way/643690922",
        "leisure": "park",
        "@geometry": "center"
      },
      "geometry": {
        "type": "Point",
        "coordinates": [
          73.0734382,
          19.0456897
        ]
      },
      "id": "way/643690922"
    },
    {
      "type": "Feature",
      "properties": {
        "@id": "way/646194701",
        "addr:city": "Mumbai",
        "addr:postcode": "400019",
        "addr:street": "Lady Jehangir Road",
        "leisure": "park",
        "name": "Garden C, Five Gardens",
        "@geometry": "center"
      },
      "geometry": {
        "type": "Point",
        "coordinates": [
          72.8543897,
          19.0203317
        ]
      },
      "id": "way/646194701"
    },
    {
      "type": "Feature",
      "properties": {
        "@id": "way/646750393",
        "leisure": "park",
        "name": "Swatantra Veer Sawarkar Park",
        "name:etymology:wikidata": "Q471040",
        "@geometry": "center"
      },
      "geometry": {
        "type": "Point",
        "coordinates": [
          73.0425976,
          19.0344799
        ]
      },
      "id": "way/646750393"
    },
    {
      "type": "Feature",
      "properties": {
        "@id": "way/646750394",
        "leisure": "park",
        "@geometry": "center"
      },
      "geometry": {
        "type": "Point",
        "coordinates": [
          73.0450489,
          19.034125
        ]
      },
      "id": "way/646750394"
    },
    {
      "type": "Feature",
      "properties": {
        "@id": "way/646769600",
        "leisure": "park",
        "@geometry": "center"
      },
      "geometry": {
        "type": "Point",
        "coordinates": [
          73.0442781,
          19.0311943
        ]
      },
      "id": "way/646769600"
    },
    {
      "type": "Feature",
      "properties": {
        "@id": "way/651873449",
        "access": "private",
        "garden:type": "residential",
        "leisure": "garden",
        "@geometry": "center"
      },
      "geometry": {
        "type": "Point",
        "coordinates": [
          73.0163345,
          19.0139877
        ]
      },
      "id": "way/651873449"
    },
    {
      "type": "Feature",
      "properties": {
        "@id": "way/652174240",
        "access": "private",
        "leisure": "garden",
        "@geometry": "center"
      },
      "geometry": {
        "type": "Point",
        "coordinates": [
          73.0165452,
          19.0215613
        ]
      },
      "id": "way/652174240"
    },
    {
      "type": "Feature",
      "properties": {
        "@id": "way/657891918",
        "leisure": "park",
        "name": "Public Park",
        "@geometry": "center"
      },
      "geometry": {
        "type": "Point",
        "coordinates": [
          72.8499508,
          19.3010343
        ]
      },
      "id": "way/657891918"
    },
    {
      "type": "Feature",
      "properties": {
        "@id": "way/659519544",
        "leisure": "garden",
        "@geometry": "center"
      },
      "geometry": {
        "type": "Point",
        "coordinates": [
          73.0084167,
          19.0779078
        ]
      },
      "id": "way/659519544"
    },
    {
      "type": "Feature",
      "properties": {
        "@id": "way/659519545",
        "leisure": "park",
        "name": "Mathadi Park",
        "@geometry": "center"
      },
      "geometry": {
        "type": "Point",
        "coordinates": [
          73.0094708,
          19.0778241
        ]
      },
      "id": "way/659519545"
    },
    {
      "type": "Feature",
      "properties": {
        "@id": "way/659519546",
        "leisure": "garden",
        "@geometry": "center"
      },
      "geometry": {
        "type": "Point",
        "coordinates": [
          73.0127795,
          19.0775441
        ]
      },
      "id": "way/659519546"
    },
    {
      "type": "Feature",
      "properties": {
        "@id": "way/659519549",
        "leisure": "park",
        "@geometry": "center"
      },
      "geometry": {
        "type": "Point",
        "coordinates": [
          73.0138761,
          19.0774455
        ]
      },
      "id": "way/659519549"
    },
    {
      "type": "Feature",
      "properties": {
        "@id": "way/659520674",
        "leisure": "park",
        "@geometry": "center"
      },
      "geometry": {
        "type": "Point",
        "coordinates": [
          73.0143651,
          19.0735827
        ]
      },
      "id": "way/659520674"
    },
    {
      "type": "Feature",
      "properties": {
        "@id": "way/659520899",
        "leisure": "garden",
        "@geometry": "center"
      },
      "geometry": {
        "type": "Point",
        "coordinates": [
          73.0108702,
          19.077704
        ]
      },
      "id": "way/659520899"
    },
    {
      "type": "Feature",
      "properties": {
        "@id": "way/661389366",
        "leisure": "park",
        "@geometry": "center"
      },
      "geometry": {
        "type": "Point",
        "coordinates": [
          73.1317103,
          19.2476423
        ]
      },
      "id": "way/661389366"
    },
    {
      "type": "Feature",
      "properties": {
        "@id": "way/661389367",
        "leisure": "park",
        "@geometry": "center"
      },
      "geometry": {
        "type": "Point",
        "coordinates": [
          73.1329083,
          19.2471881
        ]
      },
      "id": "way/661389367"
    },
    {
      "type": "Feature",
      "properties": {
        "@id": "way/661389368",
        "leisure": "park",
        "@geometry": "center"
      },
      "geometry": {
        "type": "Point",
        "coordinates": [
          73.1328897,
          19.2457528
        ]
      },
      "id": "way/661389368"
    },
    {
      "type": "Feature",
      "properties": {
        "@id": "way/661389369",
        "leisure": "park",
        "@geometry": "center"
      },
      "geometry": {
        "type": "Point",
        "coordinates": [
          73.1326334,
          19.2446818
        ]
      },
      "id": "way/661389369"
    },
    {
      "type": "Feature",
      "properties": {
        "@id": "way/661389370",
        "leisure": "park",
        "@geometry": "center"
      },
      "geometry": {
        "type": "Point",
        "coordinates": [
          73.1314511,
          19.2445212
        ]
      },
      "id": "way/661389370"
    },
    {
      "type": "Feature",
      "properties": {
        "@id": "way/661389371",
        "leisure": "park",
        "@geometry": "center"
      },
      "geometry": {
        "type": "Point",
        "coordinates": [
          73.1301225,
          19.2444927
        ]
      },
      "id": "way/661389371"
    },
    {
      "type": "Feature",
      "properties": {
        "@id": "way/661389373",
        "leisure": "park",
        "@geometry": "center"
      },
      "geometry": {
        "type": "Point",
        "coordinates": [
          73.1298894,
          19.2450579
        ]
      },
      "id": "way/661389373"
    },
    {
      "type": "Feature",
      "properties": {
        "@id": "way/661389376",
        "leisure": "park",
        "@geometry": "center"
      },
      "geometry": {
        "type": "Point",
        "coordinates": [
          73.1303489,
          19.2463882
        ]
      },
      "id": "way/661389376"
    },
    {
      "type": "Feature",
      "properties": {
        "@id": "way/661389378",
        "leisure": "park",
        "@geometry": "center"
      },
      "geometry": {
        "type": "Point",
        "coordinates": [
          73.130516,
          19.2474077
        ]
      },
      "id": "way/661389378"
    },
    {
      "type": "Feature",
      "properties": {
        "@id": "way/662725595",
        "leisure": "park",
        "name": "Ekta Ground",
        "opening_hours": "Mo-Su 6:00-20:00",
        "@geometry": "center"
      },
      "geometry": {
        "type": "Point",
        "coordinates": [
          72.8457069,
          19.2187324
        ]
      },
      "id": "way/662725595"
    },
    {
      "type": "Feature",
      "properties": {
        "@id": "way/666847437",
        "leisure": "garden",
        "@geometry": "center"
      },
      "geometry": {
        "type": "Point",
        "coordinates": [
          73.0232875,
          19.0225018
        ]
      },
      "id": "way/666847437"
    },
    {
      "type": "Feature",
      "properties": {
        "@id": "way/666847481",
        "leisure": "garden",
        "@geometry": "center"
      },
      "geometry": {
        "type": "Point",
        "coordinates": [
          73.0230069,
          19.0224264
        ]
      },
      "id": "way/666847481"
    },
    {
      "type": "Feature",
      "properties": {
        "@id": "way/667024817",
        "leisure": "park",
        "@geometry": "center"
      },
      "geometry": {
        "type": "Point",
        "coordinates": [
          72.9358507,
          19.1732359
        ]
      },
      "id": "way/667024817"
    },
    {
      "type": "Feature",
      "properties": {
        "@id": "way/667150164",
        "leisure": "park",
        "name": "Kids Park",
        "opening_hours": "Mo-Fr 08:00-17:00",
        "@geometry": "center"
      },
      "geometry": {
        "type": "Point",
        "coordinates": [
          72.9355495,
          19.1659835
        ]
      },
      "id": "way/667150164"
    },
    {
      "type": "Feature",
      "properties": {
        "@id": "way/667167841",
        "leisure": "park",
        "name": "BMC Garden",
        "@geometry": "center"
      },
      "geometry": {
        "type": "Point",
        "coordinates": [
          72.9338993,
          19.1745243
        ]
      },
      "id": "way/667167841"
    },
    {
      "type": "Feature",
      "properties": {
        "@id": "way/669392130",
        "leisure": "park",
        "name": "Linear Park by Lodha",
        "@geometry": "center"
      },
      "geometry": {
        "type": "Point",
        "coordinates": [
          72.827149,
          19.0016349
        ]
      },
      "id": "way/669392130"
    },
    {
      "type": "Feature",
      "properties": {
        "@id": "way/675093587",
        "leisure": "park",
        "name": "Lions Garden",
        "operator": "Brihanmumbai Municipal Corporation",
        "@geometry": "center"
      },
      "geometry": {
        "type": "Point",
        "coordinates": [
          72.9059524,
          19.0762999
        ]
      },
      "id": "way/675093587"
    },
    {
      "type": "Feature",
      "properties": {
        "@id": "way/678334167",
        "leisure": "park",
        "name": "Niranjanlal Dalmiya Udyan",
        "@geometry": "center"
      },
      "geometry": {
        "type": "Point",
        "coordinates": [
          72.9779788,
          19.1821196
        ]
      },
      "id": "way/678334167"
    },
    {
      "type": "Feature",
      "properties": {
        "@id": "way/678369738",
        "leisure": "park",
        "name": "Ashok Nagar BMC Park",
        "@geometry": "center"
      },
      "geometry": {
        "type": "Point",
        "coordinates": [
          72.8554343,
          19.1990755
        ]
      },
      "id": "way/678369738"
    },
    {
      "type": "Feature",
      "properties": {
        "@id": "way/678369951",
        "leisure": "park",
        "name": "BMC recreational park",
        "@geometry": "center"
      },
      "geometry": {
        "type": "Point",
        "coordinates": [
          72.8550877,
          19.1969339
        ]
      },
      "id": "way/678369951"
    },
    {
      "type": "Feature",
      "properties": {
        "@id": "way/678370106",
        "leisure": "park",
        "name": "Swayambhu playground",
        "@geometry": "center"
      },
      "geometry": {
        "type": "Point",
        "coordinates": [
          72.8557301,
          19.1966052
        ]
      },
      "id": "way/678370106"
    },
    {
      "type": "Feature",
      "properties": {
        "@id": "way/678370272",
        "leisure": "park",
        "name": "Punkyashloka Ahilyabai Holkar Udyaan",
        "name:etymology:wikidata": "Q2722727",
        "@geometry": "center"
      },
      "geometry": {
        "type": "Point",
        "coordinates": [
          72.8578138,
          19.2001465
        ]
      },
      "id": "way/678370272"
    },
    {
      "type": "Feature",
      "properties": {
        "@id": "way/678371201",
        "leisure": "park",
        "name": "Jogging Park",
        "@geometry": "center"
      },
      "geometry": {
        "type": "Point",
        "coordinates": [
          72.8561116,
          19.2038221
        ]
      },
      "id": "way/678371201"
    },
    {
      "type": "Feature",
      "properties": {
        "@id": "way/678372312",
        "leisure": "park",
        "@geometry": "center"
      },
      "geometry": {
        "type": "Point",
        "coordinates": [
          72.8554621,
          19.1979698
        ]
      },
      "id": "way/678372312"
    },
    {
      "type": "Feature",
      "properties": {
        "@id": "way/678372518",
        "leisure": "park",
        "name": "Nana nani park",
        "@geometry": "center"
      },
      "geometry": {
        "type": "Point",
        "coordinates": [
          72.8566957,
          19.1993796
        ]
      },
      "id": "way/678372518"
    },
    {
      "type": "Feature",
      "properties": {
        "@id": "way/682058290",
        "addr:city": "Ghatkopar West, Mumbai",
        "addr:housenumber": "Garden Road",
        "addr:postcode": "400086",
        "addr:street": "LBS Marg",
        "leisure": "park",
        "name": "Shreyas Garden Park",
        "opening_hours": "Mo-Su 08:00-22:00",
        "operator": "BMC",
        "@geometry": "center"
      },
      "geometry": {
        "type": "Point",
        "coordinates": [
          72.9131611,
          19.0947118
        ]
      },
      "id": "way/682058290"
    },
    {
      "type": "Feature",
      "properties": {
        "@id": "way/682572535",
        "leisure": "park",
        "name": "Kirol Garden",
        "@geometry": "center"
      },
      "geometry": {
        "type": "Point",
        "coordinates": [
          72.8973119,
          19.0804161
        ]
      },
      "id": "way/682572535"
    },
    {
      "type": "Feature",
      "properties": {
        "@id": "way/682717213",
        "addr:city": "Dombivli (East)",
        "addr:housenumber": "Behnabai Garden",
        "addr:postcode": "421201",
        "addr:street": "Sunil Nagar",
        "leisure": "park",
        "name": "Bahinabai Garden",
        "name:mr": "बहिणाबाई उद्यान",
        "opening_hours": "Mo-Su 06:00-20:00",
        "operator": "KDMC",
        "@geometry": "center"
      },
      "geometry": {
        "type": "Point",
        "coordinates": [
          73.0869723,
          19.2052717
        ]
      },
      "id": "way/682717213"
    },
    {
      "type": "Feature",
      "properties": {
        "@id": "way/686890147",
        "leisure": "park",
        "@geometry": "center"
      },
      "geometry": {
        "type": "Point",
        "coordinates": [
          73.0795408,
          19.0469695
        ]
      },
      "id": "way/686890147"
    },
    {
      "type": "Feature",
      "properties": {
        "@id": "way/686895593",
        "addr:city": "Navi Mumbai",
        "addr:postcode": "410210",
        "addr:street": "sector 18",
        "description": "A place where people go to walk on a walking track, kids play football, couples sit to talk by the lake and strays dogs are petted by humans. Great park and lake!",
        "dog": "yes",
        "leisure": "park",
        "name": "Kharghar Park",
        "opening_hours": "24/7",
        "operator": "Public",
        "smoking": "yes",
        "@geometry": "center"
      },
      "geometry": {
        "type": "Point",
        "coordinates": [
          73.0792674,
          19.0466939
        ]
      },
      "id": "way/686895593"
    },
    {
      "type": "Feature",
      "properties": {
        "@id": "way/687028222",
        "leisure": "garden",
        "@geometry": "center"
      },
      "geometry": {
        "type": "Point",
        "coordinates": [
          72.8196526,
          19.1292551
        ]
      },
      "id": "way/687028222"
    },
    {
      "type": "Feature",
      "properties": {
        "@id": "way/687028223",
        "leisure": "garden",
        "@geometry": "center"
      },
      "geometry": {
        "type": "Point",
        "coordinates": [
          72.8240363,
          19.1211139
        ]
      },
      "id": "way/687028223"
    },
    {
      "type": "Feature",
      "properties": {
        "@id": "way/687720400",
        "check_date": "2025-05-22",
        "garden:type": "botanical",
        "leisure": "garden",
        "name": "Dattaji Salvi Botanical Garden",
        "opening_hours": "06:30-09:30",
        "@geometry": "center"
      },
      "geometry": {
        "type": "Point",
        "coordinates": [
          72.9671293,
          19.1806895
        ]
      },
      "id": "way/687720400"
    },
    {
      "type": "Feature",
      "properties": {
        "@id": "way/690846326",
        "addr:city": "Thane",
        "addr:postcode": "400610",
        "dog": "leashed",
        "leisure": "park",
        "name": "Solitaire Towers Garden",
        "opening_hours": "24/7",
        "operator": "NIRLAC Solitaire",
        "smoking": "no",
        "@geometry": "center"
      },
      "geometry": {
        "type": "Point",
        "coordinates": [
          72.9755899,
          19.2336142
        ]
      },
      "id": "way/690846326"
    },
    {
      "type": "Feature",
      "properties": {
        "@id": "way/700634718",
        "leisure": "park",
        "name": "Joggers Park",
        "operator": "Local",
        "@geometry": "center"
      },
      "geometry": {
        "type": "Point",
        "coordinates": [
          72.8492155,
          19.0027207
        ]
      },
      "id": "way/700634718"
    },
    {
      "type": "Feature",
      "properties": {
        "@id": "way/700635434",
        "leisure": "park",
        "name": "Local Park",
        "operator": "Tata",
        "@geometry": "center"
      },
      "geometry": {
        "type": "Point",
        "coordinates": [
          72.8458155,
          19.0032697
        ]
      },
      "id": "way/700635434"
    },
    {
      "type": "Feature",
      "properties": {
        "@id": "way/707832924",
        "layer": "0",
        "leisure": "park",
        "name": "SIES Lawn",
        "@geometry": "center"
      },
      "geometry": {
        "type": "Point",
        "coordinates": [
          73.0234734,
          19.0433264
        ]
      },
      "id": "way/707832924"
    },
    {
      "type": "Feature",
      "properties": {
        "@id": "way/714721856",
        "dog": "no",
        "leisure": "park",
        "name": "Bhagwan Gautam Buddha Udyan",
        "name:etymology:wikidata": "Q9441",
        "name:hi": "भगवान गौतम बुद्ध उद्यान",
        "opening_hours": "06:00-12:00, 15:00-21:00",
        "@geometry": "center"
      },
      "geometry": {
        "type": "Point",
        "coordinates": [
          72.815075,
          19.008494
        ]
      },
      "id": "way/714721856"
    },
    {
      "type": "Feature",
      "properties": {
        "@id": "way/715266950",
        "addr:city": "THANE",
        "addr:housenumber": "2",
        "addr:postcode": "400610",
        "addr:street": "Upvan Lake Road",
        "leisure": "park",
        "name": "Sangeetkar Shrinivas Khale udyan",
        "name:etymology:wikidata": "Q14475843",
        "opening_hours": "Mon-Sun 05:15-21:15",
        "@geometry": "center"
      },
      "geometry": {
        "type": "Point",
        "coordinates": [
          72.9580016,
          19.2213876
        ]
      },
      "id": "way/715266950"
    },
    {
      "type": "Feature",
      "properties": {
        "@id": "way/720182703",
        "leisure": "park",
        "name": "Rajawadi Joggers Park",
        "@geometry": "center"
      },
      "geometry": {
        "type": "Point",
        "coordinates": [
          72.9004216,
          19.0788463
        ]
      },
      "id": "way/720182703"
    },
    {
      "type": "Feature",
      "properties": {
        "@id": "way/723479874",
        "leisure": "park",
        "@geometry": "center"
      },
      "geometry": {
        "type": "Point",
        "coordinates": [
          72.9267223,
          19.1542087
        ]
      },
      "id": "way/723479874"
    },
    {
      "type": "Feature",
      "properties": {
        "@id": "way/723516622",
        "leisure": "park",
        "@geometry": "center"
      },
      "geometry": {
        "type": "Point",
        "coordinates": [
          72.9136687,
          19.1321577
        ]
      },
      "id": "way/723516622"
    },
    {
      "type": "Feature",
      "properties": {
        "@id": "way/724497456",
        "description": "Municipal Garden and Jogging track",
        "leisure": "park",
        "name": "Municipal Garden",
        "operator": "Municipal Corporation",
        "@geometry": "center"
      },
      "geometry": {
        "type": "Point",
        "coordinates": [
          72.837326,
          19.2179437
        ]
      },
      "id": "way/724497456"
    },
    {
      "type": "Feature",
      "properties": {
        "@id": "way/724497457",
        "description": "Jogger's Park, maintained by Municipal Corporation",
        "leisure": "park",
        "name": "Jogger's Park",
        "@geometry": "center"
      },
      "geometry": {
        "type": "Point",
        "coordinates": [
          72.8387825,
          19.2179736
        ]
      },
      "id": "way/724497457"
    },
    {
      "type": "Feature",
      "properties": {
        "@id": "way/724497458",
        "leisure": "park",
        "name": "Brihanmumbai Mahanagar Palika Manoranjan Maidan",
        "name:hi": "Brihanmumbai Mahanagar Palika Manoranjan Maidan",
        "operator": "Municipal Corporation",
        "@geometry": "center"
      },
      "geometry": {
        "type": "Point",
        "coordinates": [
          72.8388423,
          19.2177898
        ]
      },
      "id": "way/724497458"
    },
    {
      "type": "Feature",
      "properties": {
        "@id": "way/725445816",
        "leisure": "park",
        "@geometry": "center"
      },
      "geometry": {
        "type": "Point",
        "coordinates": [
          72.985155,
          19.2152715
        ]
      },
      "id": "way/725445816"
    },
    {
      "type": "Feature",
      "properties": {
        "@id": "way/725787244",
        "leisure": "park",
        "name": "Memonwada Playground",
        "@geometry": "center"
      },
      "geometry": {
        "type": "Point",
        "coordinates": [
          72.832623,
          18.957439
        ]
      },
      "id": "way/725787244"
    },
    {
      "type": "Feature",
      "properties": {
        "@id": "way/727612384",
        "leisure": "park",
        "@geometry": "center"
      },
      "geometry": {
        "type": "Point",
        "coordinates": [
          72.8278453,
          18.9187767
        ]
      },
      "id": "way/727612384"
    },
    {
      "type": "Feature",
      "properties": {
        "@id": "way/727741293",
        "leisure": "park",
        "name": "Ganesh Visharjan Talao Park",
        "@geometry": "center"
      },
      "geometry": {
        "type": "Point",
        "coordinates": [
          72.9919861,
          19.1453551
        ]
      },
      "id": "way/727741293"
    },
    {
      "type": "Feature",
      "properties": {
        "@id": "way/728261586",
        "dog": "leashed",
        "leisure": "park",
        "name": "Fulpakhru Park",
        "opening_hours": "24/7",
        "operator": "Shivsena Sangh.",
        "@geometry": "center"
      },
      "geometry": {
        "type": "Point",
        "coordinates": [
          72.8665994,
          19.2220831
        ]
      },
      "id": "way/728261586"
    },
    {
      "type": "Feature",
      "properties": {
        "@id": "way/728304081",
        "leisure": "park",
        "name": "At lake park",
        "@geometry": "center"
      },
      "geometry": {
        "type": "Point",
        "coordinates": [
          72.8498603,
          19.299011
        ]
      },
      "id": "way/728304081"
    },
    {
      "type": "Feature",
      "properties": {
        "@id": "way/728305384",
        "leisure": "park",
        "@geometry": "center"
      },
      "geometry": {
        "type": "Point",
        "coordinates": [
          72.8507024,
          19.3100214
        ]
      },
      "id": "way/728305384"
    },
    {
      "type": "Feature",
      "properties": {
        "@id": "way/728404619",
        "leisure": "park",
        "name": "Nagar Bhavan",
        "@geometry": "center"
      },
      "geometry": {
        "type": "Point",
        "coordinates": [
          72.8491755,
          19.2993765
        ]
      },
      "id": "way/728404619"
    },
    {
      "type": "Feature",
      "properties": {
        "@id": "way/728836889",
        "addr:city": "Mumbai",
        "addr:postcode": "400092",
        "addr:street": "Shimpoli Road",
        "leisure": "park",
        "name": "Civic Park",
        "opening_hours": "Mo-Su 06:00-23:00",
        "@geometry": "center"
      },
      "geometry": {
        "type": "Point",
        "coordinates": [
          72.8488973,
          19.2230836
        ]
      },
      "id": "way/728836889"
    },
    {
      "type": "Feature",
      "properties": {
        "@id": "way/728836890",
        "addr:city": "Mumbai",
        "addr:district": "Mumbai",
        "addr:housenumber": "12",
        "addr:postcode": "400092",
        "addr:street": "Shimpoli Road",
        "dog": "leashed",
        "leisure": "park",
        "name": "BMC Sadguru Shree Wamanrao Pai Manoranjan Udyan Kastur Park",
        "opening_hours": "Mo-Su 08:00-22:00",
        "@geometry": "center"
      },
      "geometry": {
        "type": "Point",
        "coordinates": [
          72.8458758,
          19.2249299
        ]
      },
      "id": "way/728836890"
    },
    {
      "type": "Feature",
      "properties": {
        "@id": "way/729365469",
        "leisure": "park",
        "name": "BMC PARK AND GARDEN",
        "@geometry": "center"
      },
      "geometry": {
        "type": "Point",
        "coordinates": [
          72.8414248,
          19.2154595
        ]
      },
      "id": "way/729365469"
    },
    {
      "type": "Feature",
      "properties": {
        "@id": "way/729980783",
        "leisure": "park",
        "name": "Shri Golwalkar Guruji Udyan",
        "@geometry": "center"
      },
      "geometry": {
        "type": "Point",
        "coordinates": [
          72.8452003,
          19.215456
        ]
      },
      "id": "way/729980783"
    },
    {
      "type": "Feature",
      "properties": {
        "@id": "way/729980784",
        "leisure": "park",
        "name": "Nana Nani Park",
        "operator": "BMC",
        "@geometry": "center"
      },
      "geometry": {
        "type": "Point",
        "coordinates": [
          72.8264755,
          19.212977
        ]
      },
      "id": "way/729980784"
    },
    {
      "type": "Feature",
      "properties": {
        "@id": "way/729980787",
        "leisure": "park",
        "@geometry": "center"
      },
      "geometry": {
        "type": "Point",
        "coordinates": [
          72.8432934,
          19.2132604
        ]
      },
      "id": "way/729980787"
    },
    {
      "type": "Feature",
      "properties": {
        "@id": "way/742699141",
        "leisure": "park",
        "name": "Palm Garden",
        "@geometry": "center"
      },
      "geometry": {
        "type": "Point",
        "coordinates": [
          72.8219735,
          19.1977161
        ]
      },
      "id": "way/742699141"
    },
    {
      "type": "Feature",
      "properties": {
        "@id": "way/745967240",
        "leisure": "garden",
        "name": "KDMC playground",
        "@geometry": "center"
      },
      "geometry": {
        "type": "Point",
        "coordinates": [
          73.0800946,
          19.2257291
        ]
      },
      "id": "way/745967240"
    },
    {
      "type": "Feature",
      "properties": {
        "@id": "way/745967241",
        "leisure": "garden",
        "name": "Mhatre garden",
        "@geometry": "center"
      },
      "geometry": {
        "type": "Point",
        "coordinates": [
          73.0803463,
          19.2280571
        ]
      },
      "id": "way/745967241"
    },
    {
      "type": "Feature",
      "properties": {
        "@id": "way/745967242",
        "leisure": "park",
        "name": "Shivaji",
        "@geometry": "center"
      },
      "geometry": {
        "type": "Point",
        "coordinates": [
          73.0790582,
          19.2282959
        ]
      },
      "id": "way/745967242"
    },
    {
      "type": "Feature",
      "properties": {
        "@id": "way/745967243",
        "leisure": "garden",
        "@geometry": "center"
      },
      "geometry": {
        "type": "Point",
        "coordinates": [
          73.0792914,
          19.2281217
        ]
      },
      "id": "way/745967243"
    },
    {
      "type": "Feature",
      "properties": {
        "@id": "way/745970515",
        "leisure": "park",
        "@geometry": "center"
      },
      "geometry": {
        "type": "Point",
        "coordinates": [
          72.8701807,
          19.283835
        ]
      },
      "id": "way/745970515"
    },
    {
      "type": "Feature",
      "properties": {
        "@id": "way/746574059",
        "addr:city": "Mumbai",
        "addr:postcode": "400070",
        "addr:street": "Premier Road",
        "description": "The park is open to people of all ages and is frequented by people particularly in the mornings when it is cool",
        "dog": "no",
        "ele": "0",
        "leisure": "park",
        "name": "Mother Teresa Brihanmumbai Mahanagarpalika Udyan",
        "name:etymology:wikidata": "Q30547",
        "opening_hours": "Mo-Su 06:00-12:00,15:00-21:00",
        "operator": "Brihanmumbai Municipal Corporation",
        "@geometry": "center"
      },
      "geometry": {
        "type": "Point",
        "coordinates": [
          72.8850282,
          19.0821001
        ]
      },
      "id": "way/746574059"
    },
    {
      "type": "Feature",
      "properties": {
        "@id": "way/746582668",
        "addr:city": "Kurla West, Mumbai",
        "addr:postcode": "400070",
        "leisure": "park",
        "name": "Mahanagarpalika Udyan",
        "opening_hours": "sunrise-sunset",
        "operator": "Brihanmumbai Municipal Corporation",
        "@geometry": "center"
      },
      "geometry": {
        "type": "Point",
        "coordinates": [
          72.8847325,
          19.0778488
        ]
      },
      "id": "way/746582668"
    },
    {
      "type": "Feature",
      "properties": {
        "@id": "way/746615681",
        "leisure": "park",
        "@geometry": "center"
      },
      "geometry": {
        "type": "Point",
        "coordinates": [
          73.0309546,
          19.0090583
        ]
      },
      "id": "way/746615681"
    },
    {
      "type": "Feature",
      "properties": {
        "@id": "way/746955455",
        "addr:city": "Thankurli(E),Dist Thane",
        "addr:postcode": "421201",
        "addr:street": "MIDC Road",
        "description": "Small park for Elderly and Women",
        "leisure": "park",
        "name": "Aaji Ajoba Udyan",
        "opening_hours": "24/7",
        "@geometry": "center"
      },
      "geometry": {
        "type": "Point",
        "coordinates": [
          73.1006874,
          19.2206086
        ]
      },
      "id": "way/746955455"
    },
    {
      "type": "Feature",
      "properties": {
        "@id": "way/748690657",
        "leisure": "park",
        "name": "MIDC Garden",
        "@geometry": "center"
      },
      "geometry": {
        "type": "Point",
        "coordinates": [
          72.955552,
          19.1888831
        ]
      },
      "id": "way/748690657"
    },
    {
      "type": "Feature",
      "properties": {
        "@id": "way/748894235",
        "leisure": "park",
        "name": "Hajuri Garden",
        "@geometry": "center"
      },
      "geometry": {
        "type": "Point",
        "coordinates": [
          72.9567131,
          19.1946485
        ]
      },
      "id": "way/748894235"
    },
    {
      "type": "Feature",
      "properties": {
        "@id": "way/749128446",
        "leisure": "park",
        "@geometry": "center"
      },
      "geometry": {
        "type": "Point",
        "coordinates": [
          73.0234483,
          19.0404673
        ]
      },
      "id": "way/749128446"
    },
    {
      "type": "Feature",
      "properties": {
        "@id": "way/749128447",
        "leisure": "park",
        "@geometry": "center"
      },
      "geometry": {
        "type": "Point",
        "coordinates": [
          73.0238794,
          19.0400948
        ]
      },
      "id": "way/749128447"
    },
    {
      "type": "Feature",
      "properties": {
        "@id": "way/749128450",
        "leisure": "park",
        "@geometry": "center"
      },
      "geometry": {
        "type": "Point",
        "coordinates": [
          73.0249792,
          19.0391804
        ]
      },
      "id": "way/749128450"
    },
    {
      "type": "Feature",
      "properties": {
        "@id": "way/749128451",
        "leisure": "park",
        "@geometry": "center"
      },
      "geometry": {
        "type": "Point",
        "coordinates": [
          73.0255142,
          19.0387328
        ]
      },
      "id": "way/749128451"
    },
    {
      "type": "Feature",
      "properties": {
        "@id": "way/749128727",
        "leisure": "park",
        "name": "Rotary Park",
        "opening_hours": "24/7",
        "operator": "Rotary Club",
        "@geometry": "center"
      },
      "geometry": {
        "type": "Point",
        "coordinates": [
          73.1041028,
          19.2130929
        ]
      },
      "id": "way/749128727"
    },
    {
      "type": "Feature",
      "properties": {
        "@id": "way/749129038",
        "leisure": "park",
        "name": "Saro Plaza Garden area",
        "opening_hours": "24/7",
        "operator": "Saro Plaza Co-op Society",
        "@geometry": "center"
      },
      "geometry": {
        "type": "Point",
        "coordinates": [
          73.1004753,
          19.2210465
        ]
      },
      "id": "way/749129038"
    },
    {
      "type": "Feature",
      "properties": {
        "@id": "way/753507990",
        "leisure": "park",
        "name": "mhada recreation ground",
        "@geometry": "center"
      },
      "geometry": {
        "type": "Point",
        "coordinates": [
          72.8309862,
          19.2225358
        ]
      },
      "id": "way/753507990"
    },
    {
      "type": "Feature",
      "properties": {
        "@id": "way/753880846",
        "leisure": "park",
        "ownership": "municipal",
        "@geometry": "center"
      },
      "geometry": {
        "type": "Point",
        "coordinates": [
          72.8215881,
          18.923785
        ]
      },
      "id": "way/753880846"
    },
    {
      "type": "Feature",
      "properties": {
        "@id": "way/754371095",
        "leisure": "park",
        "name": "Divya Joggers Park",
        "@geometry": "center"
      },
      "geometry": {
        "type": "Point",
        "coordinates": [
          72.8220208,
          19.199032
        ]
      },
      "id": "way/754371095"
    },
    {
      "type": "Feature",
      "properties": {
        "@id": "way/755251590",
        "leisure": "park",
        "name": "Public park",
        "@geometry": "center"
      },
      "geometry": {
        "type": "Point",
        "coordinates": [
          73.0733532,
          19.2198793
        ]
      },
      "id": "way/755251590"
    },
    {
      "type": "Feature",
      "properties": {
        "@id": "way/755806909",
        "addr:city": "Kandivali (West)",
        "addr:postcode": "400103",
        "addr:street": "Shankar Lane",
        "leisure": "park",
        "name": "Sardar Vallabhai Patel Garden",
        "name:etymology:wikidata": "Q9455",
        "opening_hours": "sunrise-sunset",
        "@geometry": "center"
      },
      "geometry": {
        "type": "Point",
        "coordinates": [
          72.8453911,
          19.1993511
        ]
      },
      "id": "way/755806909"
    },
    {
      "type": "Feature",
      "properties": {
        "@id": "way/757647449",
        "leisure": "park",
        "name": "Joggers Park",
        "@geometry": "center"
      },
      "geometry": {
        "type": "Point",
        "coordinates": [
          72.8936422,
          19.0942888
        ]
      },
      "id": "way/757647449"
    },
    {
      "type": "Feature",
      "properties": {
        "@id": "way/757846292",
        "leisure": "park",
        "@geometry": "center"
      },
      "geometry": {
        "type": "Point",
        "coordinates": [
          72.8744527,
          19.2878055
        ]
      },
      "id": "way/757846292"
    },
    {
      "type": "Feature",
      "properties": {
        "@id": "way/758559013",
        "leisure": "park",
        "name": "Evershine Dream Park",
        "wheelchair": "no",
        "@geometry": "center"
      },
      "geometry": {
        "type": "Point",
        "coordinates": [
          72.8755961,
          19.2126475
        ]
      },
      "id": "way/758559013"
    },
    {
      "type": "Feature",
      "properties": {
        "@id": "way/762069544",
        "access": "yes",
        "leisure": "garden",
        "name": "Hindu Ma Samiti Garden",
        "@geometry": "center"
      },
      "geometry": {
        "type": "Point",
        "coordinates": [
          72.8509435,
          19.0248706
        ]
      },
      "id": "way/762069544"
    },
    {
      "type": "Feature",
      "properties": {
        "@id": "way/762783930",
        "addr:city": "mumbai",
        "addr:postcode": "400097",
        "addr:street": "Western Express Highway",
        "leisure": "park",
        "name": "Baba Shaheb Bhimrao Ambedkar Park",
        "name:etymology:wikidata": "Q231690",
        "opening_hours": "Mo-Su 09:00-22:00",
        "@geometry": "center"
      },
      "geometry": {
        "type": "Point",
        "coordinates": [
          72.8592574,
          19.1852487
        ]
      },
      "id": "way/762783930"
    },
    {
      "type": "Feature",
      "properties": {
        "@id": "way/762784899",
        "addr:city": "Mumbai",
        "addr:postcode": "400067",
        "addr:street": "Kaviyatri Meena Suthar Marg",
        "leisure": "park",
        "name": "BMC garden",
        "opening_hours": "Mo-Sa 08:00-21:00",
        "@geometry": "center"
      },
      "geometry": {
        "type": "Point",
        "coordinates": [
          72.8448115,
          19.2038664
        ]
      },
      "id": "way/762784899"
    },
    {
      "type": "Feature",
      "properties": {
        "@id": "way/763602104",
        "leisure": "park",
        "name": "Gigaplex Garden",
        "@geometry": "center"
      },
      "geometry": {
        "type": "Point",
        "coordinates": [
          72.992536,
          19.1748672
        ]
      },
      "id": "way/763602104"
    },
    {
      "type": "Feature",
      "properties": {
        "@id": "way/766361968",
        "description": "this is gol garden and it is very old garden around 30 to 40 year old park this",
        "leisure": "park",
        "name": "Gol Garden",
        "@geometry": "center"
      },
      "geometry": {
        "type": "Point",
        "coordinates": [
          72.8349449,
          19.0900054
        ]
      },
      "id": "way/766361968"
    },
    {
      "type": "Feature",
      "properties": {
        "@id": "way/783083045",
        "addr:city": "Mumbai",
        "addr:postcode": "400049",
        "addr:street": "Vidyanidhi Marg",
        "leisure": "park",
        "name": "Kishore Kumar Park",
        "operator": "Municipal Corporation of Greater Mumbai",
        "operator:type": "government",
        "@geometry": "center"
      },
      "geometry": {
        "type": "Point",
        "coordinates": [
          72.8328959,
          19.1110506
        ]
      },
      "id": "way/783083045"
    },
    {
      "type": "Feature",
      "properties": {
        "@id": "way/783094890",
        "leisure": "park",
        "name": "MRF Ground",
        "@geometry": "center"
      },
      "geometry": {
        "type": "Point",
        "coordinates": [
          72.827469,
          19.1429922
        ]
      },
      "id": "way/783094890"
    },
    {
      "type": "Feature",
      "properties": {
        "@id": "way/783097751",
        "leisure": "park",
        "name": "Walawalkar Udyan",
        "@geometry": "center"
      },
      "geometry": {
        "type": "Point",
        "coordinates": [
          72.8228265,
          19.1407977
        ]
      },
      "id": "way/783097751"
    },
    {
      "type": "Feature",
      "properties": {
        "@id": "way/784014944",
        "leisure": "park",
        "@geometry": "center"
      },
      "geometry": {
        "type": "Point",
        "coordinates": [
          72.9383854,
          19.1481015
        ]
      },
      "id": "way/784014944"
    },
    {
      "type": "Feature",
      "properties": {
        "@id": "way/785582536",
        "description": "This is a open garden/park for all residentials.",
        "leisure": "park",
        "@geometry": "center"
      },
      "geometry": {
        "type": "Point",
        "coordinates": [
          72.9952635,
          19.1548082
        ]
      },
      "id": "way/785582536"
    },
    {
      "type": "Feature",
      "properties": {
        "@id": "way/785583637",
        "leisure": "park",
        "@geometry": "center"
      },
      "geometry": {
        "type": "Point",
        "coordinates": [
          72.9955614,
          19.1529234
        ]
      },
      "id": "way/785583637"
    },
    {
      "type": "Feature",
      "properties": {
        "@id": "way/785602854",
        "description": "This is a Opern park for all public. Good place for morning walk, Chilendren playor just chilling.",
        "leisure": "park",
        "name": "Chinchwali Garden",
        "surface": "grass",
        "@geometry": "center"
      },
      "geometry": {
        "type": "Point",
        "coordinates": [
          72.9958872,
          19.14929
        ]
      },
      "id": "way/785602854"
    },
    {
      "type": "Feature",
      "properties": {
        "@id": "way/785641248",
        "leisure": "park",
        "@geometry": "center"
      },
      "geometry": {
        "type": "Point",
        "coordinates": [
          72.9994045,
          19.1502349
        ]
      },
      "id": "way/785641248"
    },
    {
      "type": "Feature",
      "properties": {
        "@id": "way/785643363",
        "description": "Community Park",
        "leisure": "park",
        "name": "Annasaheb Patil Garden",
        "operator": "Navi Mumbai Mahanagar Corporation",
        "surface": "grass",
        "@geometry": "center"
      },
      "geometry": {
        "type": "Point",
        "coordinates": [
          72.9940635,
          19.1490397
        ]
      },
      "id": "way/785643363"
    },
    {
      "type": "Feature",
      "properties": {
        "@id": "way/785898680",
        "leisure": "park",
        "@geometry": "center"
      },
      "geometry": {
        "type": "Point",
        "coordinates": [
          72.8344864,
          19.2159361
        ]
      },
      "id": "way/785898680"
    },
    {
      "type": "Feature",
      "properties": {
        "@id": "way/786325963",
        "leisure": "park",
        "name": "BMC Dadoji Kondev Playground",
        "opening_hours": "5:30-19:45",
        "@geometry": "center"
      },
      "geometry": {
        "type": "Point",
        "coordinates": [
          72.8719532,
          19.2124602
        ]
      },
      "id": "way/786325963"
    },
    {
      "type": "Feature",
      "properties": {
        "@id": "way/786327606",
        "leisure": "park",
        "name": "TBAF joggers park",
        "opening_hours": "06:00-11:00,17:00-21:00",
        "@geometry": "center"
      },
      "geometry": {
        "type": "Point",
        "coordinates": [
          72.8723403,
          19.2097737
        ]
      },
      "id": "way/786327606"
    },
    {
      "type": "Feature",
      "properties": {
        "@id": "way/786333343",
        "leisure": "park",
        "name": "Oberoi Gardens Main Garden",
        "@geometry": "center"
      },
      "geometry": {
        "type": "Point",
        "coordinates": [
          72.8697873,
          19.2099169
        ]
      },
      "id": "way/786333343"
    },
    {
      "type": "Feature",
      "properties": {
        "@id": "way/786919122",
        "leisure": "park",
        "name": "Mcgm playground at thakur village",
        "@geometry": "center"
      },
      "geometry": {
        "type": "Point",
        "coordinates": [
          72.8758826,
          19.2062787
        ]
      },
      "id": "way/786919122"
    },
    {
      "type": "Feature",
      "properties": {
        "@id": "way/792511402",
        "leisure": "park",
        "name": "Children Knowledge & Forest Park",
        "@geometry": "center"
      },
      "geometry": {
        "type": "Point",
        "coordinates": [
          72.8290814,
          19.1132267
        ]
      },
      "id": "way/792511402"
    },
    {
      "type": "Feature",
      "properties": {
        "@id": "way/805879986",
        "leisure": "park",
        "name": "Ganesh Maidan",
        "@geometry": "center"
      },
      "geometry": {
        "type": "Point",
        "coordinates": [
          72.8323706,
          19.2253436
        ]
      },
      "id": "way/805879986"
    },
    {
      "type": "Feature",
      "properties": {
        "@id": "way/806093575",
        "layer": "0",
        "leisure": "park",
        "@geometry": "center"
      },
      "geometry": {
        "type": "Point",
        "coordinates": [
          73.022822,
          19.0422812
        ]
      },
      "id": "way/806093575"
    },
    {
      "type": "Feature",
      "properties": {
        "@id": "way/807444542",
        "leisure": "park",
        "name": "Udyan",
        "@geometry": "center"
      },
      "geometry": {
        "type": "Point",
        "coordinates": [
          72.8327288,
          19.2213987
        ]
      },
      "id": "way/807444542"
    },
    {
      "type": "Feature",
      "properties": {
        "@id": "way/807486130",
        "leisure": "garden",
        "name": "community garden",
        "@geometry": "center"
      },
      "geometry": {
        "type": "Point",
        "coordinates": [
          72.8317884,
          19.2217472
        ]
      },
      "id": "way/807486130"
    },
    {
      "type": "Feature",
      "properties": {
        "@id": "way/807703054",
        "leisure": "park",
        "name": "Recreational Park",
        "surface": "grass",
        "@geometry": "center"
      },
      "geometry": {
        "type": "Point",
        "coordinates": [
          72.8381641,
          19.2211746
        ]
      },
      "id": "way/807703054"
    },
    {
      "type": "Feature",
      "properties": {
        "@id": "way/809038377",
        "inscription": "Memorial of former Prime Minister Lt. Atal Bihari Bajpayee",
        "leisure": "park",
        "material": "concrete",
        "memorial": "garden",
        "name": "Atal Bihari Vajpayee Park",
        "name:etymology:wikidata": "Q233289",
        "opening_hours": "Mo-closed, Tu-Fr 16:00-20:00, Sa-Su 10:00-13:00, 16:00-20:00",
        "operator": "Atal Park",
        "@geometry": "center"
      },
      "geometry": {
        "type": "Point",
        "coordinates": [
          72.8428632,
          19.2235364
        ]
      },
      "id": "way/809038377"
    },
    {
      "type": "Feature",
      "properties": {
        "@id": "way/810192693",
        "leisure": "park",
        "name": "BMC Playground",
        "@geometry": "center"
      },
      "geometry": {
        "type": "Point",
        "coordinates": [
          72.8490129,
          19.2460029
        ]
      },
      "id": "way/810192693"
    },
    {
      "type": "Feature",
      "properties": {
        "@id": "way/810193990",
        "leisure": "park",
        "name": "BMC Fish Park",
        "@geometry": "center"
      },
      "geometry": {
        "type": "Point",
        "coordinates": [
          72.8461986,
          19.2484141
        ]
      },
      "id": "way/810193990"
    },
    {
      "type": "Feature",
      "properties": {
        "@id": "way/810194994",
        "leisure": "park",
        "name": "BMC Park",
        "@geometry": "center"
      },
      "geometry": {
        "type": "Point",
        "coordinates": [
          72.8493595,
          19.2526522
        ]
      },
      "id": "way/810194994"
    },
    {
      "type": "Feature",
      "properties": {
        "@id": "way/810194995",
        "leisure": "park",
        "name": "Rock Park",
        "@geometry": "center"
      },
      "geometry": {
        "type": "Point",
        "coordinates": [
          72.8486283,
          19.2532242
        ]
      },
      "id": "way/810194995"
    },
    {
      "type": "Feature",
      "properties": {
        "@id": "way/810196911",
        "leisure": "park",
        "name": "BMC Park",
        "@geometry": "center"
      },
      "geometry": {
        "type": "Point",
        "coordinates": [
          72.8463078,
          19.2442639
        ]
      },
      "id": "way/810196911"
    },
    {
      "type": "Feature",
      "properties": {
        "@id": "way/810196912",
        "leisure": "park",
        "name": "BMC Park",
        "@geometry": "center"
      },
      "geometry": {
        "type": "Point",
        "coordinates": [
          72.8484261,
          19.2511683
        ]
      },
      "id": "way/810196912"
    },
    {
      "type": "Feature",
      "properties": {
        "@id": "way/810196913",
        "leisure": "park",
        "name": "BMC Navagaon Park",
        "@geometry": "center"
      },
      "geometry": {
        "type": "Point",
        "coordinates": [
          72.8502091,
          19.2547892
        ]
      },
      "id": "way/810196913"
    },
    {
      "type": "Feature",
      "properties": {
        "@id": "way/810196914",
        "leisure": "park",
        "name": "BMC Kaderpada Park",
        "@geometry": "center"
      },
      "geometry": {
        "type": "Point",
        "coordinates": [
          72.8508729,
          19.2552778
        ]
      },
      "id": "way/810196914"
    },
    {
      "type": "Feature",
      "properties": {
        "@id": "way/810408512",
        "leisure": "park",
        "name": "Vilasrao Deshmukh Park",
        "name:etymology:wikidata": "Q982817",
        "@geometry": "center"
      },
      "geometry": {
        "type": "Point",
        "coordinates": [
          72.8756231,
          19.1983925
        ]
      },
      "id": "way/810408512"
    },
    {
      "type": "Feature",
      "properties": {
        "@id": "way/810414417",
        "access": "yes",
        "fee": "no",
        "garden:type": "municipal",
        "leisure": "park",
        "name": "BMC Garden",
        "@geometry": "center"
      },
      "geometry": {
        "type": "Point",
        "coordinates": [
          72.8790701,
          19.2062322
        ]
      },
      "id": "way/810414417"
    },
    {
      "type": "Feature",
      "properties": {
        "@id": "way/810414418",
        "access": "yes",
        "fee": "no",
        "garden:type": "municipal",
        "leisure": "park",
        "name": "BMC Garden",
        "@geometry": "center"
      },
      "geometry": {
        "type": "Point",
        "coordinates": [
          72.8800786,
          19.2070969
        ]
      },
      "id": "way/810414418"
    },
    {
      "type": "Feature",
      "properties": {
        "@id": "way/810415420",
        "leisure": "park",
        "name": "Gundecha Park",
        "@geometry": "center"
      },
      "geometry": {
        "type": "Point",
        "coordinates": [
          72.8770786,
          19.2123567
        ]
      },
      "id": "way/810415420"
    },
    {
      "type": "Feature",
      "properties": {
        "@id": "way/813507042",
        "leisure": "park",
        "name": "Chhatrapati Shivaji Udyan Park",
        "name:etymology:wikidata": "Q239505",
        "source": "https://www.openstreetmap.org/note/2218362 and PN",
        "@geometry": "center"
      },
      "geometry": {
        "type": "Point",
        "coordinates": [
          72.8590036,
          19.1296119
        ]
      },
      "id": "way/813507042"
    },
    {
      "type": "Feature",
      "properties": {
        "@id": "way/814291128",
        "addr:city": "Mumbai",
        "addr:postcode": "400076",
        "addr:street": "Off Powai Internal Road",
        "leisure": "park",
        "name": "Shri Harishchandra Sharma Playground",
        "opening_hours": "24/7",
        "@geometry": "center"
      },
      "geometry": {
        "type": "Point",
        "coordinates": [
          72.9172522,
          19.1230317
        ]
      },
      "id": "way/814291128"
    },
    {
      "type": "Feature",
      "properties": {
        "@id": "way/814291129",
        "addr:city": "Mumbai",
        "addr:postcode": "400076",
        "addr:street": "Hare Krishna Road",
        "leisure": "park",
        "name": "Cinema Ground",
        "opening_hours": "24/7",
        "@geometry": "center"
      },
      "geometry": {
        "type": "Point",
        "coordinates": [
          72.9176499,
          19.1247642
        ]
      },
      "id": "way/814291129"
    },
    {
      "type": "Feature",
      "properties": {
        "@id": "way/814291130",
        "addr:city": "Mumbai",
        "addr:postcode": "400076",
        "addr:street": "Padmavathi Devi Marg",
        "leisure": "park",
        "name": "Sharma Garden",
        "opening_hours": "Mo-Su 07:00-22:00",
        "operator": "Municipal Corporation Greater Mumbai",
        "operator:type": "public",
        "@geometry": "center"
      },
      "geometry": {
        "type": "Point",
        "coordinates": [
          72.9186299,
          19.1244611
        ]
      },
      "id": "way/814291130"
    },
    {
      "type": "Feature",
      "properties": {
        "@id": "way/814514185",
        "leisure": "park",
        "@geometry": "center"
      },
      "geometry": {
        "type": "Point",
        "coordinates": [
          73.0106182,
          19.0218821
        ]
      },
      "id": "way/814514185"
    },
    {
      "type": "Feature",
      "properties": {
        "@id": "way/814596951",
        "leisure": "park",
        "name": "MHADA Playground",
        "@geometry": "center"
      },
      "geometry": {
        "type": "Point",
        "coordinates": [
          72.8342549,
          19.2205125
        ]
      },
      "id": "way/814596951"
    },
    {
      "type": "Feature",
      "properties": {
        "@id": "way/814661377",
        "leisure": "park",
        "name": "Rani Laxmi Bai Park",
        "name:etymology:wikidata": "Q181878",
        "@geometry": "center"
      },
      "geometry": {
        "type": "Point",
        "coordinates": [
          72.8411886,
          19.239627
        ]
      },
      "id": "way/814661377"
    },
    {
      "type": "Feature",
      "properties": {
        "@id": "way/816431597",
        "leisure": "garden",
        "@geometry": "center"
      },
      "geometry": {
        "type": "Point",
        "coordinates": [
          72.9247955,
          19.0381134
        ]
      },
      "id": "way/816431597"
    },
    {
      "type": "Feature",
      "properties": {
        "@id": "way/817154079",
        "leisure": "park",
        "name": "Gorai Udyan",
        "opening_hours": "sunrise-sunset",
        "opening_hours:covid19": "off",
        "@geometry": "center"
      },
      "geometry": {
        "type": "Point",
        "coordinates": [
          72.8311753,
          19.2262701
        ]
      },
      "id": "way/817154079"
    },
    {
      "type": "Feature",
      "properties": {
        "@id": "way/821152072",
        "leisure": "park",
        "name": "Gaurav Garden Park",
        "operator": "Gaurav Builders",
        "@geometry": "center"
      },
      "geometry": {
        "type": "Point",
        "coordinates": [
          72.8332671,
          19.2141587
        ]
      },
      "id": "way/821152072"
    },
    {
      "type": "Feature",
      "properties": {
        "@id": "way/821152074",
        "leisure": "park",
        "name": "BMC Park",
        "operator": "Brihanmumbai Muncipal Corporation",
        "@geometry": "center"
      },
      "geometry": {
        "type": "Point",
        "coordinates": [
          72.8433241,
          19.2179731
        ]
      },
      "id": "way/821152074"
    },
    {
      "type": "Feature",
      "properties": {
        "@id": "way/821248092",
        "addr:city": "charkop tourson road",
        "addr:district": "mumbai",
        "addr:housenumber": "sec 08",
        "addr:postcode": "400067",
        "addr:street": "Turzon Road",
        "leisure": "park",
        "name": "Shree Duttguru Sangharsh Park",
        "opening_hours": "sunrise-sunset",
        "operator": "BMC",
        "operator:type": "government",
        "@geometry": "center"
      },
      "geometry": {
        "type": "Point",
        "coordinates": [
          72.8183172,
          19.2165643
        ]
      },
      "id": "way/821248092"
    },
    {
      "type": "Feature",
      "properties": {
        "@id": "way/821564071",
        "leisure": "park",
        "name": "BMC Playground",
        "@geometry": "center"
      },
      "geometry": {
        "type": "Point",
        "coordinates": [
          72.8628733,
          19.2127054
        ]
      },
      "id": "way/821564071"
    },
    {
      "type": "Feature",
      "properties": {
        "@id": "way/821600341",
        "leisure": "park",
        "name": "Pramod Navalkar Udyan",
        "name:hi": "Kala Patthar Poisar Ground",
        "@geometry": "center"
      },
      "geometry": {
        "type": "Point",
        "coordinates": [
          72.8600254,
          19.2082918
        ]
      },
      "id": "way/821600341"
    },
    {
      "type": "Feature",
      "properties": {
        "@id": "way/822770827",
        "leisure": "park",
        "name": "मुंबई महापालिका गार्डन",
        "opening_hours": "sunrise-sunset",
        "operator": "BMC",
        "@geometry": "center"
      },
      "geometry": {
        "type": "Point",
        "coordinates": [
          72.8640131,
          19.136958
        ]
      },
      "id": "way/822770827"
    },
    {
      "type": "Feature",
      "properties": {
        "@id": "way/822770828",
        "description": "Small park made by BMC",
        "leisure": "park",
        "name": "Vijay Salaskar park",
        "name:etymology:wikidata": "Q7929201",
        "opening_hours": "24/7",
        "operator": "BMC",
        "@geometry": "center"
      },
      "geometry": {
        "type": "Point",
        "coordinates": [
          72.8657142,
          19.1375115
        ]
      },
      "id": "way/822770828"
    },
    {
      "type": "Feature",
      "properties": {
        "@id": "way/822774096",
        "leisure": "park",
        "name": "Shree Swami Samarth Udyan",
        "opening_hours": "24/7",
        "operator": "BMC",
        "@geometry": "center"
      },
      "geometry": {
        "type": "Point",
        "coordinates": [
          72.8642134,
          19.1311083
        ]
      },
      "id": "way/822774096"
    },
    {
      "type": "Feature",
      "properties": {
        "@id": "way/822774097",
        "leisure": "park",
        "name": "Lalji Mehrotra Technical Playground",
        "operator": "BMC",
        "@geometry": "center"
      },
      "geometry": {
        "type": "Point",
        "coordinates": [
          72.8635205,
          19.1315859
        ]
      },
      "id": "way/822774097"
    },
    {
      "type": "Feature",
      "properties": {
        "@id": "way/822774098",
        "leisure": "park",
        "name": "Children playground",
        "@geometry": "center"
      },
      "geometry": {
        "type": "Point",
        "coordinates": [
          72.863397,
          19.1324091
        ]
      },
      "id": "way/822774098"
    },
    {
      "type": "Feature",
      "properties": {
        "@id": "way/822774545",
        "leisure": "park",
        "name": "Swapnapurti Ganesh Playground",
        "operator": "BMC",
        "@geometry": "center"
      },
      "geometry": {
        "type": "Point",
        "coordinates": [
          72.8648061,
          19.1347992
        ]
      },
      "id": "way/822774545"
    },
    {
      "type": "Feature",
      "properties": {
        "@id": "way/822774546",
        "leisure": "park",
        "name": "Major Unikrishnan Udyan",
        "name:etymology:wikidata": "Q3345102",
        "operator": "BMC",
        "@geometry": "center"
      },
      "geometry": {
        "type": "Point",
        "coordinates": [
          72.8650541,
          19.1356702
        ]
      },
      "id": "way/822774546"
    },
    {
      "type": "Feature",
      "properties": {
        "@id": "way/822774547",
        "leisure": "park",
        "name": "Rajeshwar society park",
        "operator": "Rajeshwar society",
        "@geometry": "center"
      },
      "geometry": {
        "type": "Point",
        "coordinates": [
          72.8631094,
          19.1400208
        ]
      },
      "id": "way/822774547"
    },
    {
      "type": "Feature",
      "properties": {
        "@id": "way/822774548",
        "leisure": "park",
        "name": "Takshila Park",
        "operator": "Takshila Building",
        "@geometry": "center"
      },
      "geometry": {
        "type": "Point",
        "coordinates": [
          72.8683138,
          19.1315161
        ]
      },
      "id": "way/822774548"
    },
    {
      "type": "Feature",
      "properties": {
        "@id": "way/823584108",
        "addr:city": "Mumbai",
        "addr:housenumber": "Opp. durga nagar",
        "addr:postcode": "400060",
        "addr:street": "Jogeshwari Vikhroli Link Road",
        "leisure": "park",
        "name": "MMRDA GROUND",
        "opening_hours": "24/7",
        "operator": "MMRDA",
        "@geometry": "center"
      },
      "geometry": {
        "type": "Point",
        "coordinates": [
          72.8718325,
          19.1377551
        ]
      },
      "id": "way/823584108"
    },
    {
      "type": "Feature",
      "properties": {
        "@id": "way/825118116",
        "leisure": "park",
        "@geometry": "center"
      },
      "geometry": {
        "type": "Point",
        "coordinates": [
          72.9940863,
          19.0652884
        ]
      },
      "id": "way/825118116"
    },
    {
      "type": "Feature",
      "properties": {
        "@id": "way/825118117",
        "leisure": "park",
        "@geometry": "center"
      },
      "geometry": {
        "type": "Point",
        "coordinates": [
          72.9961525,
          19.0636207
        ]
      },
      "id": "way/825118117"
    },
    {
      "type": "Feature",
      "properties": {
        "@id": "way/825118122",
        "leisure": "park",
        "name": "Sensory Park",
        "wheelchair": "yes",
        "@geometry": "center"
      },
      "geometry": {
        "type": "Point",
        "coordinates": [
          73.014787,
          19.057292
        ]
      },
      "id": "way/825118122"
    },
    {
      "type": "Feature",
      "properties": {
        "@id": "way/826421856",
        "leisure": "park",
        "name": "Ganesh maidan",
        "opening_hours": "24/7",
        "operator": "Local Corporator",
        "@geometry": "center"
      },
      "geometry": {
        "type": "Point",
        "coordinates": [
          72.8631456,
          19.1331956
        ]
      },
      "id": "way/826421856"
    },
    {
      "type": "Feature",
      "properties": {
        "@id": "way/826422663",
        "leisure": "park",
        "name": "MHADA Play Ground",
        "opening_hours": "24/7",
        "operator": "local govt",
        "@geometry": "center"
      },
      "geometry": {
        "type": "Point",
        "coordinates": [
          72.867606,
          19.1330284
        ]
      },
      "id": "way/826422663"
    },
    {
      "type": "Feature",
      "properties": {
        "@id": "way/826425461",
        "leisure": "park",
        "name": "Ganesh Maidan",
        "opening_hours": "24/7",
        "@geometry": "center"
      },
      "geometry": {
        "type": "Point",
        "coordinates": [
          72.8614336,
          19.1342598
        ]
      },
      "id": "way/826425461"
    },
    {
      "type": "Feature",
      "properties": {
        "@id": "way/826472411",
        "leisure": "park",
        "name": "Dyna Play Ground",
        "opening_hours": "24/7",
        "@geometry": "center"
      },
      "geometry": {
        "type": "Point",
        "coordinates": [
          72.8606535,
          19.1363064
        ]
      },
      "id": "way/826472411"
    },
    {
      "type": "Feature",
      "properties": {
        "@id": "way/827280982",
        "leisure": "park",
        "@geometry": "center"
      },
      "geometry": {
        "type": "Point",
        "coordinates": [
          73.006935,
          19.0669074
        ]
      },
      "id": "way/827280982"
    },
    {
      "type": "Feature",
      "properties": {
        "@id": "way/827899827",
        "leisure": "park",
        "@geometry": "center"
      },
      "geometry": {
        "type": "Point",
        "coordinates": [
          72.9881527,
          19.0698838
        ]
      },
      "id": "way/827899827"
    },
    {
      "type": "Feature",
      "properties": {
        "@id": "way/827899838",
        "leisure": "park",
        "@geometry": "center"
      },
      "geometry": {
        "type": "Point",
        "coordinates": [
          73.0199382,
          19.0597399
        ]
      },
      "id": "way/827899838"
    },
    {
      "type": "Feature",
      "properties": {
        "@id": "way/827899844",
        "leisure": "park",
        "@geometry": "center"
      },
      "geometry": {
        "type": "Point",
        "coordinates": [
          73.0219393,
          19.0417808
        ]
      },
      "id": "way/827899844"
    },
    {
      "type": "Feature",
      "properties": {
        "@id": "way/828076217",
        "access": "private",
        "leisure": "park",
        "@geometry": "center"
      },
      "geometry": {
        "type": "Point",
        "coordinates": [
          73.021799,
          19.0220337
        ]
      },
      "id": "way/828076217"
    },
    {
      "type": "Feature",
      "properties": {
        "@id": "way/835846781",
        "garden:type": "private",
        "leisure": "garden",
        "@geometry": "center"
      },
      "geometry": {
        "type": "Point",
        "coordinates": [
          73.0312631,
          19.0080875
        ]
      },
      "id": "way/835846781"
    },
    {
      "type": "Feature",
      "properties": {
        "@id": "way/835846782",
        "garden:type": "private",
        "leisure": "garden",
        "@geometry": "center"
      },
      "geometry": {
        "type": "Point",
        "coordinates": [
          73.030598,
          19.007765
        ]
      },
      "id": "way/835846782"
    },
    {
      "type": "Feature",
      "properties": {
        "@id": "way/835846783",
        "garden:type": "private",
        "leisure": "garden",
        "@geometry": "center"
      },
      "geometry": {
        "type": "Point",
        "coordinates": [
          73.0301393,
          19.0086036
        ]
      },
      "id": "way/835846783"
    },
    {
      "type": "Feature",
      "properties": {
        "@id": "way/835846792",
        "garden:type": "residential",
        "leisure": "garden",
        "@geometry": "center"
      },
      "geometry": {
        "type": "Point",
        "coordinates": [
          73.0353248,
          19.0123062
        ]
      },
      "id": "way/835846792"
    },
    {
      "type": "Feature",
      "properties": {
        "@id": "way/837015661",
        "addr:city": "Mumbai",
        "addr:housenumber": "Dinkar Garden",
        "addr:postcode": "400055",
        "addr:street": "Road No 9",
        "description": "Dinkar Garden situated near V N Desai Hospital is an old park in the Neighborhood where there are slides for children to play , an open gym for exercise and walking path for adults to walk.",
        "leisure": "park",
        "name": "Dinkar Park",
        "opening_hours": "Mo-Su 07:00-23:00",
        "operator": "Bhavik Bhoot",
        "operator:type": "public",
        "source": "Dinkar Garden",
        "@geometry": "center"
      },
      "geometry": {
        "type": "Point",
        "coordinates": [
          72.8440679,
          19.0789734
        ]
      },
      "id": "way/837015661"
    },
    {
      "type": "Feature",
      "properties": {
        "@id": "way/837859198",
        "leisure": "park",
        "name": "park 2",
        "@geometry": "center"
      },
      "geometry": {
        "type": "Point",
        "coordinates": [
          72.8859827,
          19.0744586
        ]
      },
      "id": "way/837859198"
    },
    {
      "type": "Feature",
      "properties": {
        "@id": "way/839610736",
        "addr:city": "Mumbai",
        "addr:postcode": "401107",
        "leisure": "park",
        "name": "Sarvoday Playground",
        "opening_hours": "Mo-Su 08:00-22:00",
        "operator": "Unknown",
        "@geometry": "center"
      },
      "geometry": {
        "type": "Point",
        "coordinates": [
          72.8588254,
          19.2943512
        ]
      },
      "id": "way/839610736"
    },
    {
      "type": "Feature",
      "properties": {
        "@id": "way/839612594",
        "addr:postcode": "401101",
        "leisure": "park",
        "name": "Maxus Playground",
        "opening_hours": "Mo-Su 08:00-22:00",
        "@geometry": "center"
      },
      "geometry": {
        "type": "Point",
        "coordinates": [
          72.8486324,
          19.2953433
        ]
      },
      "id": "way/839612594"
    },
    {
      "type": "Feature",
      "properties": {
        "@id": "way/841259715",
        "leisure": "park",
        "name": "Rani Laxmibai Garden",
        "name:etymology:wikidata": "Q181878",
        "@geometry": "center"
      },
      "geometry": {
        "type": "Point",
        "coordinates": [
          73.1433441,
          19.2417643
        ]
      },
      "id": "way/841259715"
    },
    {
      "type": "Feature",
      "properties": {
        "@id": "way/841262058",
        "leisure": "park",
        "name": "Shree Swami Samartha Udyan (New KDMC Park)",
        "name:etymology:wikidata": "Q7230699",
        "@geometry": "center"
      },
      "geometry": {
        "type": "Point",
        "coordinates": [
          73.1427379,
          19.2467518
        ]
      },
      "id": "way/841262058"
    },
    {
      "type": "Feature",
      "properties": {
        "@id": "way/841273317",
        "leisure": "park",
        "name": "Sai Udyan (Rosalie - KDMC Garden)",
        "@geometry": "center"
      },
      "geometry": {
        "type": "Point",
        "coordinates": [
          73.1439187,
          19.2616192
        ]
      },
      "id": "way/841273317"
    },
    {
      "type": "Feature",
      "properties": {
        "@id": "way/842100220",
        "leisure": "park",
        "name": "childrens park",
        "@geometry": "center"
      },
      "geometry": {
        "type": "Point",
        "coordinates": [
          72.9794906,
          19.254703
        ]
      },
      "id": "way/842100220"
    },
    {
      "type": "Feature",
      "properties": {
        "@id": "way/842100222",
        "leisure": "park",
        "name": "Hiranandani Hills",
        "@geometry": "center"
      },
      "geometry": {
        "type": "Point",
        "coordinates": [
          72.9777639,
          19.2536794
        ]
      },
      "id": "way/842100222"
    },
    {
      "type": "Feature",
      "properties": {
        "@id": "way/842100223",
        "leisure": "park",
        "name": "Cricket ground",
        "@geometry": "center"
      },
      "geometry": {
        "type": "Point",
        "coordinates": [
          72.9820659,
          19.2556752
        ]
      },
      "id": "way/842100223"
    },
    {
      "type": "Feature",
      "properties": {
        "@id": "way/842108303",
        "leisure": "park",
        "name": "park2",
        "@geometry": "center"
      },
      "geometry": {
        "type": "Point",
        "coordinates": [
          72.9796943,
          19.2552652
        ]
      },
      "id": "way/842108303"
    },
    {
      "type": "Feature",
      "properties": {
        "@id": "way/842112082",
        "leisure": "park",
        "name": "Westview Park",
        "operator": "TMC",
        "@geometry": "center"
      },
      "geometry": {
        "type": "Point",
        "coordinates": [
          72.981589,
          19.2602955
        ]
      },
      "id": "way/842112082"
    },
    {
      "type": "Feature",
      "properties": {
        "@id": "way/842116997",
        "addr:city": "Thane",
        "addr:district": "Thane",
        "addr:housenumber": "Villa Royale",
        "addr:postcode": "400607",
        "addr:street": "Hiranandani Estate",
        "leisure": "park",
        "@geometry": "center"
      },
      "geometry": {
        "type": "Point",
        "coordinates": [
          72.9871981,
          19.2555877
        ]
      },
      "id": "way/842116997"
    },
    {
      "type": "Feature",
      "properties": {
        "@id": "way/842116999",
        "leisure": "park",
        "@geometry": "center"
      },
      "geometry": {
        "type": "Point",
        "coordinates": [
          72.9808716,
          19.2546064
        ]
      },
      "id": "way/842116999"
    },
    {
      "type": "Feature",
      "properties": {
        "@id": "way/842117002",
        "leisure": "park",
        "@geometry": "center"
      },
      "geometry": {
        "type": "Point",
        "coordinates": [
          72.9829794,
          19.2575229
        ]
      },
      "id": "way/842117002"
    },
    {
      "type": "Feature",
      "properties": {
        "@id": "way/842117006",
        "leisure": "park",
        "@geometry": "center"
      },
      "geometry": {
        "type": "Point",
        "coordinates": [
          72.9772349,
          19.2433115
        ]
      },
      "id": "way/842117006"
    },
    {
      "type": "Feature",
      "properties": {
        "@id": "way/842117654",
        "leisure": "park",
        "name": "couples park",
        "@geometry": "center"
      },
      "geometry": {
        "type": "Point",
        "coordinates": [
          72.9801497,
          19.2548875
        ]
      },
      "id": "way/842117654"
    },
    {
      "type": "Feature",
      "properties": {
        "@id": "way/842564003",
        "leisure": "park",
        "name": "Yashwantrao Chavan Ground (Maxi Ground)",
        "name:etymology:wikidata": "Q1764541",
        "@geometry": "center"
      },
      "geometry": {
        "type": "Point",
        "coordinates": [
          73.139933,
          19.2417784
        ]
      },
      "id": "way/842564003"
    },
    {
      "type": "Feature",
      "properties": {
        "@id": "way/842565000",
        "leisure": "park",
        "name": "Anandwan Udyan (KDMC Ground)",
        "@geometry": "center"
      },
      "geometry": {
        "type": "Point",
        "coordinates": [
          73.1379295,
          19.2458212
        ]
      },
      "id": "way/842565000"
    },
    {
      "type": "Feature",
      "properties": {
        "@id": "way/842565524",
        "leisure": "park",
        "name": "Wayale Nagar Ground",
        "@geometry": "center"
      },
      "geometry": {
        "type": "Point",
        "coordinates": [
          73.1326147,
          19.2556235
        ]
      },
      "id": "way/842565524"
    },
    {
      "type": "Feature",
      "properties": {
        "@id": "way/842567819",
        "leisure": "park",
        "name": "Dr. Nanasaheb Dharmadhikari Krida Sankul (Mhasoba Maidan)",
        "name:etymology:wikidata": "Q6962286",
        "@geometry": "center"
      },
      "geometry": {
        "type": "Point",
        "coordinates": [
          73.1433341,
          19.2467999
        ]
      },
      "id": "way/842567819"
    },
    {
      "type": "Feature",
      "properties": {
        "@id": "way/844884684",
        "addr:city": "Mumbai",
        "addr:postcode": "400053",
        "leisure": "park",
        "name": "Serenity Play Area",
        "@geometry": "center"
      },
      "geometry": {
        "type": "Point",
        "coordinates": [
          72.8344532,
          19.1483189
        ]
      },
      "id": "way/844884684"
    },
    {
      "type": "Feature",
      "properties": {
        "@id": "way/846523477",
        "leisure": "park",
        "name": "Haji Umar Local Park",
        "@geometry": "center"
      },
      "geometry": {
        "type": "Point",
        "coordinates": [
          72.8461093,
          19.1359804
        ]
      },
      "id": "way/846523477"
    },
    {
      "type": "Feature",
      "properties": {
        "@id": "way/846531087",
        "leisure": "park",
        "name": "BMC Park",
        "name:en": "BMC Park",
        "@geometry": "center"
      },
      "geometry": {
        "type": "Point",
        "coordinates": [
          72.8469826,
          19.1423913
        ]
      },
      "id": "way/846531087"
    },
    {
      "type": "Feature",
      "properties": {
        "@id": "way/846604986",
        "leisure": "park",
        "name": "TMC Biodiversity Park",
        "@geometry": "center"
      },
      "geometry": {
        "type": "Point",
        "coordinates": [
          72.9640033,
          19.2665376
        ]
      },
      "id": "way/846604986"
    },
    {
      "type": "Feature",
      "properties": {
        "@id": "way/847389384",
        "addr:city": "Mumbai",
        "addr:postcode": "400054",
        "addr:street": "Talmaki Road",
        "leisure": "park",
        "name": "Saraswat Park",
        "opening_hours": "Mo-Sa 08:00-20:00",
        "opening_hours:covid19": "closed",
        "operator": "Saraswat Park",
        "@geometry": "center"
      },
      "geometry": {
        "type": "Point",
        "coordinates": [
          72.8333405,
          19.0809888
        ]
      },
      "id": "way/847389384"
    },
    {
      "type": "Feature",
      "properties": {
        "@id": "way/847390846",
        "addr:city": "Mumbai",
        "addr:postcode": "400054",
        "addr:street": "Nivas Road",
        "leisure": "park",
        "name": "Triangular Park",
        "@geometry": "center"
      },
      "geometry": {
        "type": "Point",
        "coordinates": [
          72.8327734,
          19.0815011
        ]
      },
      "id": "way/847390846"
    },
    {
      "type": "Feature",
      "properties": {
        "@id": "way/852044762",
        "leisure": "garden",
        "name": "Woods",
        "@geometry": "center"
      },
      "geometry": {
        "type": "Point",
        "coordinates": [
          72.8316224,
          18.943202
        ]
      },
      "id": "way/852044762"
    },
    {
      "type": "Feature",
      "properties": {
        "@id": "way/852330965",
        "addr:city": "mumbai",
        "addr:district": "maharshtra",
        "addr:postcode": "400104",
        "addr:street": "Mahatma Gandhi Road",
        "dog": "yes",
        "leisure": "park",
        "name": "Rajiv gandhi park",
        "name:etymology:wikidata": "Q4593",
        "opening_hours": "Mo-Fr 08:00-17:00",
        "@geometry": "center"
      },
      "geometry": {
        "type": "Point",
        "coordinates": [
          72.8362586,
          19.1622054
        ]
      },
      "id": "way/852330965"
    },
    {
      "type": "Feature",
      "properties": {
        "@id": "way/853331530",
        "leisure": "park",
        "name": "Gurudev Ravindranath Tagore Udyan Park",
        "name:etymology:wikidata": "Q7241",
        "@geometry": "center"
      },
      "geometry": {
        "type": "Point",
        "coordinates": [
          72.9334175,
          19.1132033
        ]
      },
      "id": "way/853331530"
    },
    {
      "type": "Feature",
      "properties": {
        "@id": "way/853334264",
        "landuse": "recreation_ground",
        "leisure": "park",
        "name": "Sambhaji Maidan",
        "@geometry": "center"
      },
      "geometry": {
        "type": "Point",
        "coordinates": [
          72.9385852,
          19.1163685
        ]
      },
      "id": "way/853334264"
    },
    {
      "type": "Feature",
      "properties": {
        "@id": "way/853492002",
        "leisure": "park",
        "name": "Ravindra Mhatre Park",
        "@geometry": "center"
      },
      "geometry": {
        "type": "Point",
        "coordinates": [
          72.9389762,
          19.1193374
        ]
      },
      "id": "way/853492002"
    },
    {
      "type": "Feature",
      "properties": {
        "@id": "way/853494694",
        "leisure": "park",
        "@geometry": "center"
      },
      "geometry": {
        "type": "Point",
        "coordinates": [
          72.9345218,
          19.120241
        ]
      },
      "id": "way/853494694"
    },
    {
      "type": "Feature",
      "properties": {
        "@id": "way/858949791",
        "addr:city": "pune",
        "addr:housenumber": "45",
        "addr:postcode": "411042",
        "addr:street": "camp",
        "leisure": "park",
        "name": "J J garden",
        "opening_hours": "Mo-Sa 08:00-20:00",
        "opening_hours:covid19": "off",
        "@geometry": "center"
      },
      "geometry": {
        "type": "Point",
        "coordinates": [
          72.8249867,
          19.0737809
        ]
      },
      "id": "way/858949791"
    },
    {
      "type": "Feature",
      "properties": {
        "@id": "way/860399834",
        "leisure": "park",
        "name": "BMC Park",
        "@geometry": "center"
      },
      "geometry": {
        "type": "Point",
        "coordinates": [
          72.8240749,
          19.2168386
        ]
      },
      "id": "way/860399834"
    },
    {
      "type": "Feature",
      "properties": {
        "@id": "way/860412164",
        "leisure": "park",
        "@geometry": "center"
      },
      "geometry": {
        "type": "Point",
        "coordinates": [
          72.8571003,
          19.1469939
        ]
      },
      "id": "way/860412164"
    },
    {
      "type": "Feature",
      "properties": {
        "@id": "way/861126911",
        "leisure": "park",
        "@geometry": "center"
      },
      "geometry": {
        "type": "Point",
        "coordinates": [
          72.8252223,
          19.2004127
        ]
      },
      "id": "way/861126911"
    },
    {
      "type": "Feature",
      "properties": {
        "@id": "way/861130591",
        "leisure": "park",
        "@geometry": "center"
      },
      "geometry": {
        "type": "Point",
        "coordinates": [
          72.8243394,
          19.2017704
        ]
      },
      "id": "way/861130591"
    },
    {
      "type": "Feature",
      "properties": {
        "@id": "way/861130990",
        "leisure": "park",
        "@geometry": "center"
      },
      "geometry": {
        "type": "Point",
        "coordinates": [
          72.8272665,
          19.198306
        ]
      },
      "id": "way/861130990"
    },
    {
      "type": "Feature",
      "properties": {
        "@id": "way/861131963",
        "leisure": "park",
        "@geometry": "center"
      },
      "geometry": {
        "type": "Point",
        "coordinates": [
          72.8272582,
          19.2012488
        ]
      },
      "id": "way/861131963"
    },
    {
      "type": "Feature",
      "properties": {
        "@id": "way/861131964",
        "leisure": "park",
        "@geometry": "center"
      },
      "geometry": {
        "type": "Point",
        "coordinates": [
          72.8234764,
          19.2025235
        ]
      },
      "id": "way/861131964"
    },
    {
      "type": "Feature",
      "properties": {
        "@id": "way/862911959",
        "leisure": "park",
        "@geometry": "center"
      },
      "geometry": {
        "type": "Point",
        "coordinates": [
          72.9107642,
          19.0807437
        ]
      },
      "id": "way/862911959"
    },
    {
      "type": "Feature",
      "properties": {
        "@id": "way/876030083",
        "addr:city": "Mumbai",
        "addr:postcode": "400102",
        "alt_name": "Oshiwara Garden",
        "dog": "yes",
        "leisure": "park",
        "name": "Bharat Ratan Maulana Abul Kalam Azad Udyan",
        "name:etymology:wikidata": "Q196617",
        "opening_hours": "Mo-Su 09:00-21:00",
        "operator": "changez multani",
        "@geometry": "center"
      },
      "geometry": {
        "type": "Point",
        "coordinates": [
          72.8455301,
          19.1470421
        ]
      },
      "id": "way/876030083"
    },
    {
      "type": "Feature",
      "properties": {
        "@id": "way/888547414",
        "addr:city": "Mumbai",
        "addr:housenumber": "345",
        "addr:postcode": "400064",
        "addr:street": "Adarsha Dughdalaya Road",
        "leisure": "park",
        "name": "Adarsh garden",
        "opening_hours": "sunrise-sunset",
        "operator": "BMC",
        "@geometry": "center"
      },
      "geometry": {
        "type": "Point",
        "coordinates": [
          72.8436753,
          19.1960451
        ]
      },
      "id": "way/888547414"
    },
    {
      "type": "Feature",
      "properties": {
        "@id": "way/892149681",
        "access": "private",
        "addr:city": "Thane",
        "addr:postcode": "400610",
        "addr:street": "Patlipada",
        "leisure": "park",
        "name": "Upper Park",
        "@geometry": "center"
      },
      "geometry": {
        "type": "Point",
        "coordinates": [
          72.9707819,
          19.2435267
        ]
      },
      "id": "way/892149681"
    },
    {
      "type": "Feature",
      "properties": {
        "@id": "way/892256759",
        "access": "yes",
        "addr:city": "Thane",
        "addr:postcode": "400610",
        "addr:street": "Patlipada",
        "alt_name": "Pramod Mahajan Neesarg Udyan",
        "leisure": "park",
        "name": "Pramod Mahajan Nature Garden",
        "name:etymology:wikidata": "Q7238271",
        "operator": "TMC",
        "@geometry": "center"
      },
      "geometry": {
        "type": "Point",
        "coordinates": [
          72.9670573,
          19.2427605
        ]
      },
      "id": "way/892256759"
    },
    {
      "type": "Feature",
      "properties": {
        "@id": "way/892256770",
        "access": "yes",
        "addr:city": "Thane",
        "addr:postcode": "400610",
        "addr:street": "Patlipada",
        "leisure": "park",
        "name": "TMC Garden",
        "operator": "TMC",
        "@geometry": "center"
      },
      "geometry": {
        "type": "Point",
        "coordinates": [
          72.96494,
          19.2366658
        ]
      },
      "id": "way/892256770"
    },
    {
      "type": "Feature",
      "properties": {
        "@id": "way/892398829",
        "access": "private",
        "addr:city": "Thane",
        "addr:postcode": "400610",
        "addr:street": "Patlipada",
        "leisure": "park",
        "name": "Lower Park",
        "@geometry": "center"
      },
      "geometry": {
        "type": "Point",
        "coordinates": [
          72.9708729,
          19.2423624
        ]
      },
      "id": "way/892398829"
    },
    {
      "type": "Feature",
      "properties": {
        "@id": "way/894906313",
        "leisure": "garden",
        "@geometry": "center"
      },
      "geometry": {
        "type": "Point",
        "coordinates": [
          72.925076,
          19.0425196
        ]
      },
      "id": "way/894906313"
    },
    {
      "type": "Feature",
      "properties": {
        "@id": "way/894906316",
        "leisure": "garden",
        "@geometry": "center"
      },
      "geometry": {
        "type": "Point",
        "coordinates": [
          72.9250465,
          19.0421912
        ]
      },
      "id": "way/894906316"
    },
    {
      "type": "Feature",
      "properties": {
        "@id": "way/895006983",
        "leisure": "park",
        "@geometry": "center"
      },
      "geometry": {
        "type": "Point",
        "coordinates": [
          72.968294,
          19.2315047
        ]
      },
      "id": "way/895006983"
    },
    {
      "type": "Feature",
      "properties": {
        "@id": "way/895603658",
        "leisure": "garden",
        "@geometry": "center"
      },
      "geometry": {
        "type": "Point",
        "coordinates": [
          72.9688192,
          19.2317446
        ]
      },
      "id": "way/895603658"
    },
    {
      "type": "Feature",
      "properties": {
        "@id": "way/895612484",
        "leisure": "park",
        "@geometry": "center"
      },
      "geometry": {
        "type": "Point",
        "coordinates": [
          72.9712168,
          19.2440726
        ]
      },
      "id": "way/895612484"
    },
    {
      "type": "Feature",
      "properties": {
        "@id": "way/895612498",
        "leisure": "park",
        "@geometry": "center"
      },
      "geometry": {
        "type": "Point",
        "coordinates": [
          72.9708146,
          19.2414474
        ]
      },
      "id": "way/895612498"
    },
    {
      "type": "Feature",
      "properties": {
        "@id": "way/895767714",
        "access": "private",
        "leisure": "park",
        "@geometry": "center"
      },
      "geometry": {
        "type": "Point",
        "coordinates": [
          72.9717003,
          19.2435322
        ]
      },
      "id": "way/895767714"
    },
    {
      "type": "Feature",
      "properties": {
        "@id": "way/895799170",
        "leisure": "park",
        "@geometry": "center"
      },
      "geometry": {
        "type": "Point",
        "coordinates": [
          72.8631779,
          19.1092374
        ]
      },
      "id": "way/895799170"
    },
    {
      "type": "Feature",
      "properties": {
        "@id": "way/895799171",
        "leisure": "park",
        "@geometry": "center"
      },
      "geometry": {
        "type": "Point",
        "coordinates": [
          72.8636249,
          19.1088229
        ]
      },
      "id": "way/895799171"
    },
    {
      "type": "Feature",
      "properties": {
        "@id": "way/895937294",
        "addr:city": "Mumbai",
        "addr:postcode": "400071",
        "addr:street": "Sindhi Society Road Number 1",
        "leisure": "park",
        "name": "sindhi society gymkhana",
        "@geometry": "center"
      },
      "geometry": {
        "type": "Point",
        "coordinates": [
          72.89083,
          19.0508546
        ]
      },
      "id": "way/895937294"
    },
    {
      "type": "Feature",
      "properties": {
        "@id": "way/896204128",
        "landuse": "grass",
        "leisure": "garden",
        "@geometry": "center"
      },
      "geometry": {
        "type": "Point",
        "coordinates": [
          72.974459,
          19.1751088
        ]
      },
      "id": "way/896204128"
    },
    {
      "type": "Feature",
      "properties": {
        "@id": "way/896204129",
        "landcover": "greenery",
        "leisure": "garden",
        "@geometry": "center"
      },
      "geometry": {
        "type": "Point",
        "coordinates": [
          72.9741027,
          19.1753572
        ]
      },
      "id": "way/896204129"
    },
    {
      "type": "Feature",
      "properties": {
        "@id": "way/898507836",
        "landuse": "grass",
        "leisure": "park",
        "name": "Butterfly Park",
        "operator": "TMC",
        "@geometry": "center"
      },
      "geometry": {
        "type": "Point",
        "coordinates": [
          72.9677827,
          19.2441596
        ]
      },
      "id": "way/898507836"
    },
    {
      "type": "Feature",
      "properties": {
        "@id": "way/901213452",
        "leisure": "park",
        "name": "V.A.Buva Udyan",
        "@geometry": "center"
      },
      "geometry": {
        "type": "Point",
        "coordinates": [
          73.1483312,
          19.2430341
        ]
      },
      "id": "way/901213452"
    },
    {
      "type": "Feature",
      "properties": {
        "@id": "way/901620768",
        "addr:city": "navi mumbai",
        "addr:housenumber": "garden",
        "addr:postcode": "410209",
        "addr:street": "sector 31",
        "leisure": "park",
        "name": "garden",
        "@geometry": "center"
      },
      "geometry": {
        "type": "Point",
        "coordinates": [
          73.0898949,
          19.011882
        ]
      },
      "id": "way/901620768"
    },
    {
      "type": "Feature",
      "properties": {
        "@id": "way/904636029",
        "addr:city": "Mumbai",
        "addr:postcode": "400064",
        "addr:street": "J Dsuoza Road",
        "description": "playground, ground for senior citizens",
        "leisure": "park",
        "name": "Fr. Salvador Rodrigues Ground",
        "opening_hours": "Mo-Sa 08:00-20:00",
        "operator": "BMC",
        "source": "local knowledge",
        "@geometry": "center"
      },
      "geometry": {
        "type": "Point",
        "coordinates": [
          72.8405706,
          19.1946177
        ]
      },
      "id": "way/904636029"
    },
    {
      "type": "Feature",
      "properties": {
        "@id": "way/904650525",
        "description": "PARK FOR CHILDREN",
        "leisure": "park",
        "name": "ASMITA JYOTI PARK",
        "@geometry": "center"
      },
      "geometry": {
        "type": "Point",
        "coordinates": [
          72.8253255,
          19.1969786
        ]
      },
      "id": "way/904650525"
    },
    {
      "type": "Feature",
      "properties": {
        "@id": "way/905716256",
        "fee": "no",
        "leisure": "park",
        "name": "Dispensary Ground",
        "wheelchair": "yes",
        "@geometry": "center"
      },
      "geometry": {
        "type": "Point",
        "coordinates": [
          72.9332119,
          19.0400887
        ]
      },
      "id": "way/905716256"
    },
    {
      "type": "Feature",
      "properties": {
        "@id": "way/905716267",
        "fee": "no",
        "garden:type": "community",
        "leisure": "garden",
        "name": "Western Sector Circle",
        "@geometry": "center"
      },
      "geometry": {
        "type": "Point",
        "coordinates": [
          72.9136762,
          19.040152
        ]
      },
      "id": "way/905716267"
    },
    {
      "type": "Feature",
      "properties": {
        "@id": "way/908077100",
        "leisure": "park",
        "@geometry": "center"
      },
      "geometry": {
        "type": "Point",
        "coordinates": [
          72.8381004,
          19.221868
        ]
      },
      "id": "way/908077100"
    },
    {
      "type": "Feature",
      "properties": {
        "@id": "way/909478809",
        "leisure": "park",
        "@geometry": "center"
      },
      "geometry": {
        "type": "Point",
        "coordinates": [
          72.8261241,
          19.0823204
        ]
      },
      "id": "way/909478809"
    },
    {
      "type": "Feature",
      "properties": {
        "@id": "way/909874963",
        "leisure": "park",
        "name": "BMC park",
        "opening_hours:covid19": "restricted",
        "@geometry": "center"
      },
      "geometry": {
        "type": "Point",
        "coordinates": [
          72.8416203,
          19.1328077
        ]
      },
      "id": "way/909874963"
    },
    {
      "type": "Feature",
      "properties": {
        "@id": "way/910330085",
        "addr:postcode": "400097",
        "leisure": "park",
        "name": "pradhnya ground",
        "opening_hours": "24/7",
        "@geometry": "center"
      },
      "geometry": {
        "type": "Point",
        "coordinates": [
          72.8570275,
          19.1892465
        ]
      },
      "id": "way/910330085"
    },
    {
      "type": "Feature",
      "properties": {
        "@id": "way/910948562",
        "leisure": "park",
        "@geometry": "center"
      },
      "geometry": {
        "type": "Point",
        "coordinates": [
          72.9645724,
          19.2243331
        ]
      },
      "id": "way/910948562"
    },
    {
      "type": "Feature",
      "properties": {
        "@id": "way/911450883",
        "leisure": "park",
        "name": "Bhurabhai Arogya Bhuvan Ground",
        "opening_hours": "24/7",
        "@geometry": "center"
      },
      "geometry": {
        "type": "Point",
        "coordinates": [
          72.8447672,
          19.201181
        ]
      },
      "id": "way/911450883"
    },
    {
      "type": "Feature",
      "properties": {
        "@id": "way/911451399",
        "leisure": "park",
        "name": "aarogyam dhanasampada",
        "opening_hours": "Mo-Su 6:00-10:00",
        "operator": "muncipal corporation",
        "@geometry": "center"
      },
      "geometry": {
        "type": "Point",
        "coordinates": [
          72.8396779,
          19.1888153
        ]
      },
      "id": "way/911451399"
    },
    {
      "type": "Feature",
      "properties": {
        "@id": "way/912616618",
        "leisure": "garden",
        "@geometry": "center"
      },
      "geometry": {
        "type": "Point",
        "coordinates": [
          72.9707686,
          19.2437382
        ]
      },
      "id": "way/912616618"
    },
    {
      "type": "Feature",
      "properties": {
        "@id": "way/913802715",
        "leisure": "park",
        "@geometry": "center"
      },
      "geometry": {
        "type": "Point",
        "coordinates": [
          72.8234212,
          19.0544827
        ]
      },
      "id": "way/913802715"
    },
    {
      "type": "Feature",
      "properties": {
        "@id": "way/914435985",
        "leisure": "park",
        "@geometry": "center"
      },
      "geometry": {
        "type": "Point",
        "coordinates": [
          72.9706785,
          19.2408833
        ]
      },
      "id": "way/914435985"
    },
    {
      "type": "Feature",
      "properties": {
        "@id": "way/914530383",
        "leisure": "park",
        "@geometry": "center"
      },
      "geometry": {
        "type": "Point",
        "coordinates": [
          72.9645645,
          19.2255389
        ]
      },
      "id": "way/914530383"
    },
    {
      "type": "Feature",
      "properties": {
        "@id": "way/915321021",
        "addr:city": "Thane",
        "addr:country": "IN",
        "addr:hamlet": "Kalpataru Parkcity",
        "addr:postcode": "400607",
        "addr:street": "Kolshet Road",
        "alt_name": "Thane Grand Central Park",
        "contact:instagram": "namogcp",
        "email": "support@gcpthane.com",
        "fee": "yes",
        "leisure": "park",
        "loc_name": "Kalpataru Grand Central Park",
        "min_age": "12",
        "name": "NaMo Grand Central Park",
        "opening_hours": "Tu-Su 06:00-11:00,13:00-21:00",
        "phone": "+91 7208820740",
        "start_date": "2024-02-09",
        "website": "https://www.namograndcentralpark.com/",
        "@geometry": "center"
      },
      "geometry": {
        "type": "Point",
        "coordinates": [
          72.9903164,
          19.2283919
        ]
      },
      "id": "way/915321021"
    },
    {
      "type": "Feature",
      "properties": {
        "@id": "way/915321028",
        "leisure": "park",
        "opening_hours": "Mo-Su 08:00-20:00",
        "@geometry": "center"
      },
      "geometry": {
        "type": "Point",
        "coordinates": [
          72.9841754,
          19.2307668
        ]
      },
      "id": "way/915321028"
    },
    {
      "type": "Feature",
      "properties": {
        "@id": "way/915562610",
        "leisure": "park",
        "@geometry": "center"
      },
      "geometry": {
        "type": "Point",
        "coordinates": [
          72.9877568,
          19.2221467
        ]
      },
      "id": "way/915562610"
    },
    {
      "type": "Feature",
      "properties": {
        "@id": "way/915562618",
        "leisure": "park",
        "@geometry": "center"
      },
      "geometry": {
        "type": "Point",
        "coordinates": [
          72.9871988,
          19.2236587
        ]
      },
      "id": "way/915562618"
    },
    {
      "type": "Feature",
      "properties": {
        "@id": "way/915562657",
        "leisure": "park",
        "@geometry": "center"
      },
      "geometry": {
        "type": "Point",
        "coordinates": [
          72.9843707,
          19.223222
        ]
      },
      "id": "way/915562657"
    },
    {
      "type": "Feature",
      "properties": {
        "@id": "way/915755312",
        "leisure": "park",
        "@geometry": "center"
      },
      "geometry": {
        "type": "Point",
        "coordinates": [
          72.9808325,
          19.2234833
        ]
      },
      "id": "way/915755312"
    },
    {
      "type": "Feature",
      "properties": {
        "@id": "way/915755324",
        "leisure": "park",
        "@geometry": "center"
      },
      "geometry": {
        "type": "Point",
        "coordinates": [
          72.9754895,
          19.2200723
        ]
      },
      "id": "way/915755324"
    },
    {
      "type": "Feature",
      "properties": {
        "@id": "way/915775527",
        "leisure": "park",
        "@geometry": "center"
      },
      "geometry": {
        "type": "Point",
        "coordinates": [
          72.9924074,
          19.217999
        ]
      },
      "id": "way/915775527"
    },
    {
      "type": "Feature",
      "properties": {
        "@id": "way/915775538",
        "leisure": "park",
        "@geometry": "center"
      },
      "geometry": {
        "type": "Point",
        "coordinates": [
          72.9910921,
          19.2169034
        ]
      },
      "id": "way/915775538"
    },
    {
      "type": "Feature",
      "properties": {
        "@id": "way/916534427",
        "leisure": "park",
        "@geometry": "center"
      },
      "geometry": {
        "type": "Point",
        "coordinates": [
          72.9867962,
          19.2282521
        ]
      },
      "id": "way/916534427"
    },
    {
      "type": "Feature",
      "properties": {
        "@id": "way/916534428",
        "leisure": "park",
        "@geometry": "center"
      },
      "geometry": {
        "type": "Point",
        "coordinates": [
          72.988801,
          19.2287231
        ]
      },
      "id": "way/916534428"
    },
    {
      "type": "Feature",
      "properties": {
        "@id": "way/916911015",
        "leisure": "park",
        "@geometry": "center"
      },
      "geometry": {
        "type": "Point",
        "coordinates": [
          72.9629499,
          19.2670662
        ]
      },
      "id": "way/916911015"
    },
    {
      "type": "Feature",
      "properties": {
        "@id": "way/918005270",
        "access": "private",
        "leisure": "park",
        "@geometry": "center"
      },
      "geometry": {
        "type": "Point",
        "coordinates": [
          72.9655337,
          19.224036
        ]
      },
      "id": "way/918005270"
    },
    {
      "type": "Feature",
      "properties": {
        "@id": "way/918014112",
        "access": "private",
        "leisure": "park",
        "@geometry": "center"
      },
      "geometry": {
        "type": "Point",
        "coordinates": [
          72.9631625,
          19.2243984
        ]
      },
      "id": "way/918014112"
    },
    {
      "type": "Feature",
      "properties": {
        "@id": "way/918360096",
        "leisure": "park",
        "@geometry": "center"
      },
      "geometry": {
        "type": "Point",
        "coordinates": [
          72.9674754,
          19.2210503
        ]
      },
      "id": "way/918360096"
    },
    {
      "type": "Feature",
      "properties": {
        "@id": "way/918360106",
        "leisure": "park",
        "@geometry": "center"
      },
      "geometry": {
        "type": "Point",
        "coordinates": [
          72.9657849,
          19.2214034
        ]
      },
      "id": "way/918360106"
    },
    {
      "type": "Feature",
      "properties": {
        "@id": "way/918556674",
        "access": "private",
        "leisure": "park",
        "@geometry": "center"
      },
      "geometry": {
        "type": "Point",
        "coordinates": [
          72.9559033,
          19.2834467
        ]
      },
      "id": "way/918556674"
    },
    {
      "type": "Feature",
      "properties": {
        "@id": "way/918556675",
        "access": "private",
        "leisure": "park",
        "@geometry": "center"
      },
      "geometry": {
        "type": "Point",
        "coordinates": [
          72.9540137,
          19.2832733
        ]
      },
      "id": "way/918556675"
    },
    {
      "type": "Feature",
      "properties": {
        "@id": "way/918556678",
        "access": "private",
        "leisure": "park",
        "@geometry": "center"
      },
      "geometry": {
        "type": "Point",
        "coordinates": [
          72.9551148,
          19.2865616
        ]
      },
      "id": "way/918556678"
    },
    {
      "type": "Feature",
      "properties": {
        "@id": "way/918556679",
        "access": "private",
        "leisure": "park",
        "@geometry": "center"
      },
      "geometry": {
        "type": "Point",
        "coordinates": [
          72.9555733,
          19.2858771
        ]
      },
      "id": "way/918556679"
    },
    {
      "type": "Feature",
      "properties": {
        "@id": "way/918556683",
        "barrier": "wall",
        "leisure": "park",
        "name": "TMC Community Park",
        "opening_hours": "Mo-Su 06:00-10:00, 16:00-20:00",
        "operator": "TMC",
        "@geometry": "center"
      },
      "geometry": {
        "type": "Point",
        "coordinates": [
          72.9653746,
          19.220694
        ]
      },
      "id": "way/918556683"
    },
    {
      "type": "Feature",
      "properties": {
        "@id": "way/918556689",
        "access": "private",
        "leisure": "park",
        "@geometry": "center"
      },
      "geometry": {
        "type": "Point",
        "coordinates": [
          72.964496,
          19.2208144
        ]
      },
      "id": "way/918556689"
    },
    {
      "type": "Feature",
      "properties": {
        "@id": "way/919145074",
        "leisure": "park",
        "@geometry": "center"
      },
      "geometry": {
        "type": "Point",
        "coordinates": [
          72.9666599,
          19.2227529
        ]
      },
      "id": "way/919145074"
    },
    {
      "type": "Feature",
      "properties": {
        "@id": "way/919626229",
        "leisure": "park",
        "name": "park 1",
        "@geometry": "center"
      },
      "geometry": {
        "type": "Point",
        "coordinates": [
          72.91014,
          19.0809367
        ]
      },
      "id": "way/919626229"
    },
    {
      "type": "Feature",
      "properties": {
        "@id": "way/920676168",
        "access": "private",
        "garden:type": "private",
        "leisure": "park",
        "@geometry": "center"
      },
      "geometry": {
        "type": "Point",
        "coordinates": [
          72.967135,
          19.2354871
        ]
      },
      "id": "way/920676168"
    },
    {
      "type": "Feature",
      "properties": {
        "@id": "way/920865783",
        "access": "private",
        "garden:type": "private",
        "leisure": "garden",
        "@geometry": "center"
      },
      "geometry": {
        "type": "Point",
        "coordinates": [
          72.962152,
          19.2231018
        ]
      },
      "id": "way/920865783"
    },
    {
      "type": "Feature",
      "properties": {
        "@id": "way/920865784",
        "access": "private",
        "garden:type": "private",
        "leisure": "garden",
        "@geometry": "center"
      },
      "geometry": {
        "type": "Point",
        "coordinates": [
          72.9617599,
          19.2229089
        ]
      },
      "id": "way/920865784"
    },
    {
      "type": "Feature",
      "properties": {
        "@id": "way/920865787",
        "access": "private",
        "garden:type": "private",
        "leisure": "garden",
        "@geometry": "center"
      },
      "geometry": {
        "type": "Point",
        "coordinates": [
          72.9632931,
          19.2224735
        ]
      },
      "id": "way/920865787"
    },
    {
      "type": "Feature",
      "properties": {
        "@id": "way/920871964",
        "access": "private",
        "garden:type": "private",
        "leisure": "park",
        "@geometry": "center"
      },
      "geometry": {
        "type": "Point",
        "coordinates": [
          72.9669837,
          19.232566
        ]
      },
      "id": "way/920871964"
    },
    {
      "type": "Feature",
      "properties": {
        "@id": "way/920871965",
        "access": "private",
        "garden:type": "private",
        "leisure": "park",
        "@geometry": "center"
      },
      "geometry": {
        "type": "Point",
        "coordinates": [
          72.9676209,
          19.2319227
        ]
      },
      "id": "way/920871965"
    },
    {
      "type": "Feature",
      "properties": {
        "@id": "way/920871966",
        "access": "private",
        "garden:type": "private",
        "leisure": "park",
        "@geometry": "center"
      },
      "geometry": {
        "type": "Point",
        "coordinates": [
          72.9668369,
          19.2320535
        ]
      },
      "id": "way/920871966"
    },
    {
      "type": "Feature",
      "properties": {
        "@id": "way/920981331",
        "access": "private",
        "leisure": "park",
        "@geometry": "center"
      },
      "geometry": {
        "type": "Point",
        "coordinates": [
          72.9757272,
          19.2273688
        ]
      },
      "id": "way/920981331"
    },
    {
      "type": "Feature",
      "properties": {
        "@id": "way/920997421",
        "access": "private",
        "leisure": "park",
        "@geometry": "center"
      },
      "geometry": {
        "type": "Point",
        "coordinates": [
          72.9606646,
          19.2060823
        ]
      },
      "id": "way/920997421"
    },
    {
      "type": "Feature",
      "properties": {
        "@id": "way/920997424",
        "access": "private",
        "leisure": "park",
        "@geometry": "center"
      },
      "geometry": {
        "type": "Point",
        "coordinates": [
          72.9592814,
          19.205678
        ]
      },
      "id": "way/920997424"
    },
    {
      "type": "Feature",
      "properties": {
        "@id": "way/921026416",
        "access": "private",
        "leisure": "park",
        "@geometry": "center"
      },
      "geometry": {
        "type": "Point",
        "coordinates": [
          72.9710162,
          19.237656
        ]
      },
      "id": "way/921026416"
    },
    {
      "type": "Feature",
      "properties": {
        "@id": "way/921026417",
        "leisure": "park",
        "@geometry": "center"
      },
      "geometry": {
        "type": "Point",
        "coordinates": [
          72.971266,
          19.2371788
        ]
      },
      "id": "way/921026417"
    },
    {
      "type": "Feature",
      "properties": {
        "@id": "way/921071513",
        "leisure": "park",
        "@geometry": "center"
      },
      "geometry": {
        "type": "Point",
        "coordinates": [
          72.9590688,
          19.2106202
        ]
      },
      "id": "way/921071513"
    },
    {
      "type": "Feature",
      "properties": {
        "@id": "way/921071514",
        "leisure": "park",
        "@geometry": "center"
      },
      "geometry": {
        "type": "Point",
        "coordinates": [
          72.9603278,
          19.21149
        ]
      },
      "id": "way/921071514"
    },
    {
      "type": "Feature",
      "properties": {
        "@id": "way/921076604",
        "leisure": "park",
        "@geometry": "center"
      },
      "geometry": {
        "type": "Point",
        "coordinates": [
          72.9603709,
          19.2188502
        ]
      },
      "id": "way/921076604"
    },
    {
      "type": "Feature",
      "properties": {
        "@id": "way/921085889",
        "leisure": "park",
        "@geometry": "center"
      },
      "geometry": {
        "type": "Point",
        "coordinates": [
          72.9691764,
          19.2212297
        ]
      },
      "id": "way/921085889"
    },
    {
      "type": "Feature",
      "properties": {
        "@id": "way/921285429",
        "access": "private",
        "leisure": "park",
        "@geometry": "center"
      },
      "geometry": {
        "type": "Point",
        "coordinates": [
          72.9619863,
          19.2188519
        ]
      },
      "id": "way/921285429"
    },
    {
      "type": "Feature",
      "properties": {
        "@id": "way/922187393",
        "leisure": "park",
        "@geometry": "center"
      },
      "geometry": {
        "type": "Point",
        "coordinates": [
          72.9754449,
          19.212911
        ]
      },
      "id": "way/922187393"
    },
    {
      "type": "Feature",
      "properties": {
        "@id": "way/922187401",
        "leisure": "park",
        "@geometry": "center"
      },
      "geometry": {
        "type": "Point",
        "coordinates": [
          72.9710184,
          19.2194306
        ]
      },
      "id": "way/922187401"
    },
    {
      "type": "Feature",
      "properties": {
        "@id": "way/922315050",
        "leisure": "park",
        "@geometry": "center"
      },
      "geometry": {
        "type": "Point",
        "coordinates": [
          72.9871486,
          19.2338734
        ]
      },
      "id": "way/922315050"
    },
    {
      "type": "Feature",
      "properties": {
        "@id": "way/922334232",
        "leisure": "park",
        "@geometry": "center"
      },
      "geometry": {
        "type": "Point",
        "coordinates": [
          72.9858096,
          19.2324192
        ]
      },
      "id": "way/922334232"
    },
    {
      "type": "Feature",
      "properties": {
        "@id": "way/922334233",
        "leisure": "park",
        "@geometry": "center"
      },
      "geometry": {
        "type": "Point",
        "coordinates": [
          72.9848482,
          19.2325795
        ]
      },
      "id": "way/922334233"
    },
    {
      "type": "Feature",
      "properties": {
        "@id": "way/922334239",
        "leisure": "park",
        "@geometry": "center"
      },
      "geometry": {
        "type": "Point",
        "coordinates": [
          72.987127,
          19.2332528
        ]
      },
      "id": "way/922334239"
    },
    {
      "type": "Feature",
      "properties": {
        "@id": "way/922334240",
        "leisure": "park",
        "@geometry": "center"
      },
      "geometry": {
        "type": "Point",
        "coordinates": [
          72.9863949,
          19.2333342
        ]
      },
      "id": "way/922334240"
    },
    {
      "type": "Feature",
      "properties": {
        "@id": "way/922334242",
        "leisure": "park",
        "@geometry": "center"
      },
      "geometry": {
        "type": "Point",
        "coordinates": [
          72.9862602,
          19.2343039
        ]
      },
      "id": "way/922334242"
    },
    {
      "type": "Feature",
      "properties": {
        "@id": "way/922334244",
        "leisure": "park",
        "@geometry": "center"
      },
      "geometry": {
        "type": "Point",
        "coordinates": [
          72.9869689,
          19.2344958
        ]
      },
      "id": "way/922334244"
    },
    {
      "type": "Feature",
      "properties": {
        "@id": "way/922334246",
        "leisure": "park",
        "@geometry": "center"
      },
      "geometry": {
        "type": "Point",
        "coordinates": [
          72.9867802,
          19.2351292
        ]
      },
      "id": "way/922334246"
    },
    {
      "type": "Feature",
      "properties": {
        "@id": "way/922334248",
        "leisure": "park",
        "@geometry": "center"
      },
      "geometry": {
        "type": "Point",
        "coordinates": [
          72.9860716,
          19.2349373
        ]
      },
      "id": "way/922334248"
    },
    {
      "type": "Feature",
      "properties": {
        "@id": "way/922334254",
        "leisure": "park",
        "@geometry": "center"
      },
      "geometry": {
        "type": "Point",
        "coordinates": [
          72.9899262,
          19.2339318
        ]
      },
      "id": "way/922334254"
    },
    {
      "type": "Feature",
      "properties": {
        "@id": "way/922334255",
        "leisure": "park",
        "@geometry": "center"
      },
      "geometry": {
        "type": "Point",
        "coordinates": [
          72.990429,
          19.2335623
        ]
      },
      "id": "way/922334255"
    },
    {
      "type": "Feature",
      "properties": {
        "@id": "way/922334256",
        "leisure": "park",
        "@geometry": "center"
      },
      "geometry": {
        "type": "Point",
        "coordinates": [
          72.990724,
          19.2332827
        ]
      },
      "id": "way/922334256"
    },
    {
      "type": "Feature",
      "properties": {
        "@id": "way/922843143",
        "leisure": "park",
        "@geometry": "center"
      },
      "geometry": {
        "type": "Point",
        "coordinates": [
          72.8515018,
          19.0580154
        ]
      },
      "id": "way/922843143"
    },
    {
      "type": "Feature",
      "properties": {
        "@id": "way/922843158",
        "access": "private",
        "addr:city": "Bombay",
        "addr:postcode": "400051",
        "addr:street": "Nanasaheb Dharmadhikari Marg",
        "leisure": "park",
        "@geometry": "center"
      },
      "geometry": {
        "type": "Point",
        "coordinates": [
          72.8488311,
          19.0574378
        ]
      },
      "id": "way/922843158"
    },
    {
      "type": "Feature",
      "properties": {
        "@id": "way/923192626",
        "addr:city": "Mumbai",
        "addr:postcode": "400051",
        "addr:street": "Nanasaheb Dharmadhikari Marg",
        "architect": "Kalpataru",
        "leisure": "park",
        "@geometry": "center"
      },
      "geometry": {
        "type": "Point",
        "coordinates": [
          72.8516633,
          19.0594797
        ]
      },
      "id": "way/923192626"
    },
    {
      "type": "Feature",
      "properties": {
        "@id": "way/923350070",
        "leisure": "park",
        "@geometry": "center"
      },
      "geometry": {
        "type": "Point",
        "coordinates": [
          72.9764409,
          19.2284472
        ]
      },
      "id": "way/923350070"
    },
    {
      "type": "Feature",
      "properties": {
        "@id": "way/923350127",
        "leisure": "park",
        "@geometry": "center"
      },
      "geometry": {
        "type": "Point",
        "coordinates": [
          72.7955877,
          19.149461
        ]
      },
      "id": "way/923350127"
    },
    {
      "type": "Feature",
      "properties": {
        "@id": "way/923350128",
        "leisure": "park",
        "@geometry": "center"
      },
      "geometry": {
        "type": "Point",
        "coordinates": [
          72.7965699,
          19.1504815
        ]
      },
      "id": "way/923350128"
    },
    {
      "type": "Feature",
      "properties": {
        "@id": "way/923350130",
        "leisure": "park",
        "@geometry": "center"
      },
      "geometry": {
        "type": "Point",
        "coordinates": [
          72.7962515,
          19.1471429
        ]
      },
      "id": "way/923350130"
    },
    {
      "type": "Feature",
      "properties": {
        "@id": "way/923350136",
        "leisure": "park",
        "@geometry": "center"
      },
      "geometry": {
        "type": "Point",
        "coordinates": [
          72.7947963,
          19.1477876
        ]
      },
      "id": "way/923350136"
    },
    {
      "type": "Feature",
      "properties": {
        "@id": "way/923350137",
        "leisure": "park",
        "@geometry": "center"
      },
      "geometry": {
        "type": "Point",
        "coordinates": [
          72.7949183,
          19.1465521
        ]
      },
      "id": "way/923350137"
    },
    {
      "type": "Feature",
      "properties": {
        "@id": "way/923629528",
        "leisure": "park",
        "@geometry": "center"
      },
      "geometry": {
        "type": "Point",
        "coordinates": [
          72.9852058,
          19.2134766
        ]
      },
      "id": "way/923629528"
    },
    {
      "type": "Feature",
      "properties": {
        "@id": "way/923629531",
        "addr:city": "Thane",
        "addr:street": "Eastern Express Highway",
        "leisure": "park",
        "@geometry": "center"
      },
      "geometry": {
        "type": "Point",
        "coordinates": [
          72.9906121,
          19.2156428
        ]
      },
      "id": "way/923629531"
    },
    {
      "type": "Feature",
      "properties": {
        "@id": "way/923629549",
        "leisure": "park",
        "@geometry": "center"
      },
      "geometry": {
        "type": "Point",
        "coordinates": [
          72.9881839,
          19.2124681
        ]
      },
      "id": "way/923629549"
    },
    {
      "type": "Feature",
      "properties": {
        "@id": "way/923795328",
        "access": "private",
        "addr:city": "Thane",
        "addr:postcode": "400601",
        "addr:street": "Eastern Express Highway",
        "leisure": "park",
        "@geometry": "center"
      },
      "geometry": {
        "type": "Point",
        "coordinates": [
          72.9838248,
          19.2118912
        ]
      },
      "id": "way/923795328"
    },
    {
      "type": "Feature",
      "properties": {
        "@id": "way/923901192",
        "floor": "7",
        "leisure": "park",
        "location": "roof",
        "operator": "Lodha",
        "operator:type": "private",
        "@geometry": "center"
      },
      "geometry": {
        "type": "Point",
        "coordinates": [
          72.8299815,
          19.0042215
        ]
      },
      "id": "way/923901192"
    },
    {
      "type": "Feature",
      "properties": {
        "@id": "way/923901211",
        "leisure": "park",
        "@geometry": "center"
      },
      "geometry": {
        "type": "Point",
        "coordinates": [
          72.8404777,
          19.0014288
        ]
      },
      "id": "way/923901211"
    },
    {
      "type": "Feature",
      "properties": {
        "@id": "way/924125623",
        "addr:city": "Mumbai",
        "addr:street": "Jerbai Wadia Marg",
        "leisure": "park",
        "@geometry": "center"
      },
      "geometry": {
        "type": "Point",
        "coordinates": [
          72.8498185,
          19.0037301
        ]
      },
      "id": "way/924125623"
    },
    {
      "type": "Feature",
      "properties": {
        "@id": "way/924175831",
        "leisure": "park",
        "@geometry": "center"
      },
      "geometry": {
        "type": "Point",
        "coordinates": [
          72.9677995,
          19.1981306
        ]
      },
      "id": "way/924175831"
    },
    {
      "type": "Feature",
      "properties": {
        "@id": "way/924439406",
        "leisure": "park",
        "name": "Maasaheb Meenatai Thackarey Botanical Garden",
        "name:etymology:wikidata": "Q22081679",
        "@geometry": "center"
      },
      "geometry": {
        "type": "Point",
        "coordinates": [
          72.8801526,
          19.0514408
        ]
      },
      "id": "way/924439406"
    },
    {
      "type": "Feature",
      "properties": {
        "@id": "way/924453797",
        "addr:city": "Mumbai",
        "addr:postcode": "400018",
        "addr:street": "Ganapatrao Kadam Marg",
        "leisure": "park",
        "@geometry": "center"
      },
      "geometry": {
        "type": "Point",
        "coordinates": [
          72.8206016,
          18.9981251
        ]
      },
      "id": "way/924453797"
    },
    {
      "type": "Feature",
      "properties": {
        "@id": "way/925251502",
        "leisure": "park",
        "@geometry": "center"
      },
      "geometry": {
        "type": "Point",
        "coordinates": [
          72.8774696,
          19.1777264
        ]
      },
      "id": "way/925251502"
    },
    {
      "type": "Feature",
      "properties": {
        "@id": "way/925591590",
        "leisure": "park",
        "@geometry": "center"
      },
      "geometry": {
        "type": "Point",
        "coordinates": [
          72.9738673,
          19.2643487
        ]
      },
      "id": "way/925591590"
    },
    {
      "type": "Feature",
      "properties": {
        "@id": "way/925846444",
        "leisure": "park",
        "name": "Poddar Park",
        "operator": "BMC",
        "@geometry": "center"
      },
      "geometry": {
        "type": "Point",
        "coordinates": [
          72.8501119,
          19.185152
        ]
      },
      "id": "way/925846444"
    },
    {
      "type": "Feature",
      "properties": {
        "@id": "way/926323156",
        "leisure": "park",
        "@geometry": "center"
      },
      "geometry": {
        "type": "Point",
        "coordinates": [
          72.9663096,
          19.260174
        ]
      },
      "id": "way/926323156"
    },
    {
      "type": "Feature",
      "properties": {
        "@id": "way/926323177",
        "leisure": "park",
        "@geometry": "center"
      },
      "geometry": {
        "type": "Point",
        "coordinates": [
          72.980711,
          19.2429224
        ]
      },
      "id": "way/926323177"
    },
    {
      "type": "Feature",
      "properties": {
        "@id": "way/926837839",
        "leisure": "park",
        "@geometry": "center"
      },
      "geometry": {
        "type": "Point",
        "coordinates": [
          72.979271,
          19.2297071
        ]
      },
      "id": "way/926837839"
    },
    {
      "type": "Feature",
      "properties": {
        "@id": "way/926837846",
        "leisure": "park",
        "@geometry": "center"
      },
      "geometry": {
        "type": "Point",
        "coordinates": [
          72.9786891,
          19.2281582
        ]
      },
      "id": "way/926837846"
    },
    {
      "type": "Feature",
      "properties": {
        "@id": "way/926837850",
        "leisure": "park",
        "@geometry": "center"
      },
      "geometry": {
        "type": "Point",
        "coordinates": [
          72.9786647,
          19.227637
        ]
      },
      "id": "way/926837850"
    },
    {
      "type": "Feature",
      "properties": {
        "@id": "way/926837855",
        "leisure": "park",
        "@geometry": "center"
      },
      "geometry": {
        "type": "Point",
        "coordinates": [
          72.978026,
          19.2288221
        ]
      },
      "id": "way/926837855"
    },
    {
      "type": "Feature",
      "properties": {
        "@id": "way/926844455",
        "leisure": "park",
        "@geometry": "center"
      },
      "geometry": {
        "type": "Point",
        "coordinates": [
          72.9852635,
          19.2130287
        ]
      },
      "id": "way/926844455"
    },
    {
      "type": "Feature",
      "properties": {
        "@id": "way/926844460",
        "leisure": "park",
        "@geometry": "center"
      },
      "geometry": {
        "type": "Point",
        "coordinates": [
          72.9822581,
          19.2158609
        ]
      },
      "id": "way/926844460"
    },
    {
      "type": "Feature",
      "properties": {
        "@id": "way/927828505",
        "leisure": "park",
        "@geometry": "center"
      },
      "geometry": {
        "type": "Point",
        "coordinates": [
          72.8679476,
          19.2771872
        ]
      },
      "id": "way/927828505"
    },
    {
      "type": "Feature",
      "properties": {
        "@id": "way/927828510",
        "leisure": "park",
        "@geometry": "center"
      },
      "geometry": {
        "type": "Point",
        "coordinates": [
          72.8684558,
          19.2767615
        ]
      },
      "id": "way/927828510"
    },
    {
      "type": "Feature",
      "properties": {
        "@id": "way/927828523",
        "leisure": "park",
        "@geometry": "center"
      },
      "geometry": {
        "type": "Point",
        "coordinates": [
          72.8707991,
          19.2746039
        ]
      },
      "id": "way/927828523"
    },
    {
      "type": "Feature",
      "properties": {
        "@id": "way/927828533",
        "leisure": "park",
        "@geometry": "center"
      },
      "geometry": {
        "type": "Point",
        "coordinates": [
          72.8835861,
          19.2827428
        ]
      },
      "id": "way/927828533"
    },
    {
      "type": "Feature",
      "properties": {
        "@id": "way/927828565",
        "leisure": "park",
        "@geometry": "center"
      },
      "geometry": {
        "type": "Point",
        "coordinates": [
          72.9663539,
          19.2584239
        ]
      },
      "id": "way/927828565"
    },
    {
      "type": "Feature",
      "properties": {
        "@id": "way/928814544",
        "leisure": "park",
        "@geometry": "center"
      },
      "geometry": {
        "type": "Point",
        "coordinates": [
          72.9669864,
          19.2721301
        ]
      },
      "id": "way/928814544"
    },
    {
      "type": "Feature",
      "properties": {
        "@id": "way/928814545",
        "leisure": "park",
        "@geometry": "center"
      },
      "geometry": {
        "type": "Point",
        "coordinates": [
          72.9675304,
          19.2723258
        ]
      },
      "id": "way/928814545"
    },
    {
      "type": "Feature",
      "properties": {
        "@id": "way/928814550",
        "leisure": "park",
        "@geometry": "center"
      },
      "geometry": {
        "type": "Point",
        "coordinates": [
          72.9779152,
          19.2588612
        ]
      },
      "id": "way/928814550"
    },
    {
      "type": "Feature",
      "properties": {
        "@id": "way/928814555",
        "leisure": "park",
        "@geometry": "center"
      },
      "geometry": {
        "type": "Point",
        "coordinates": [
          72.9776048,
          19.2587844
        ]
      },
      "id": "way/928814555"
    },
    {
      "type": "Feature",
      "properties": {
        "@id": "way/928824957",
        "leisure": "park",
        "@geometry": "center"
      },
      "geometry": {
        "type": "Point",
        "coordinates": [
          72.9537753,
          19.2794264
        ]
      },
      "id": "way/928824957"
    },
    {
      "type": "Feature",
      "properties": {
        "@id": "way/929121998",
        "leisure": "park",
        "@geometry": "center"
      },
      "geometry": {
        "type": "Point",
        "coordinates": [
          72.9633757,
          19.2676569
        ]
      },
      "id": "way/929121998"
    },
    {
      "type": "Feature",
      "properties": {
        "@id": "way/929126028",
        "leisure": "park",
        "@geometry": "center"
      },
      "geometry": {
        "type": "Point",
        "coordinates": [
          72.9620578,
          19.2684024
        ]
      },
      "id": "way/929126028"
    },
    {
      "type": "Feature",
      "properties": {
        "@id": "way/929237249",
        "leisure": "park",
        "@geometry": "center"
      },
      "geometry": {
        "type": "Point",
        "coordinates": [
          72.9658113,
          19.2666353
        ]
      },
      "id": "way/929237249"
    },
    {
      "type": "Feature",
      "properties": {
        "@id": "way/929667112",
        "leisure": "park",
        "@geometry": "center"
      },
      "geometry": {
        "type": "Point",
        "coordinates": [
          72.9778501,
          19.2627217
        ]
      },
      "id": "way/929667112"
    },
    {
      "type": "Feature",
      "properties": {
        "@id": "way/929667114",
        "leisure": "park",
        "@geometry": "center"
      },
      "geometry": {
        "type": "Point",
        "coordinates": [
          72.9780989,
          19.2619393
        ]
      },
      "id": "way/929667114"
    },
    {
      "type": "Feature",
      "properties": {
        "@id": "way/929667119",
        "leisure": "park",
        "@geometry": "center"
      },
      "geometry": {
        "type": "Point",
        "coordinates": [
          72.9766184,
          19.2628206
        ]
      },
      "id": "way/929667119"
    },
    {
      "type": "Feature",
      "properties": {
        "@id": "way/929667122",
        "access": "yes",
        "addr:city": "Thane",
        "addr:street": "Waghbil road",
        "dog": "leashed",
        "leisure": "park",
        "name": "Ram murti park",
        "opening_hours": "Mo-Sa 08:00-20:00",
        "operator": "ram mathur",
        "operator:type": "public",
        "@geometry": "center"
      },
      "geometry": {
        "type": "Point",
        "coordinates": [
          72.9764677,
          19.2622513
        ]
      },
      "id": "way/929667122"
    },
    {
      "type": "Feature",
      "properties": {
        "@id": "way/929679760",
        "leisure": "park",
        "@geometry": "center"
      },
      "geometry": {
        "type": "Point",
        "coordinates": [
          72.9705791,
          19.2595801
        ]
      },
      "id": "way/929679760"
    },
    {
      "type": "Feature",
      "properties": {
        "@id": "way/929679761",
        "leisure": "park",
        "@geometry": "center"
      },
      "geometry": {
        "type": "Point",
        "coordinates": [
          72.9708817,
          19.2600995
        ]
      },
      "id": "way/929679761"
    },
    {
      "type": "Feature",
      "properties": {
        "@id": "way/930562765",
        "leisure": "park",
        "@geometry": "center"
      },
      "geometry": {
        "type": "Point",
        "coordinates": [
          72.9844603,
          19.2479453
        ]
      },
      "id": "way/930562765"
    },
    {
      "type": "Feature",
      "properties": {
        "@id": "way/930562766",
        "leisure": "park",
        "@geometry": "center"
      },
      "geometry": {
        "type": "Point",
        "coordinates": [
          72.98527,
          19.249223
        ]
      },
      "id": "way/930562766"
    },
    {
      "type": "Feature",
      "properties": {
        "@id": "way/930917968",
        "leisure": "park",
        "name": "Nana Phadke Krida Sankul",
        "@geometry": "center"
      },
      "geometry": {
        "type": "Point",
        "coordinates": [
          73.1239841,
          19.2473044
        ]
      },
      "id": "way/930917968"
    },
    {
      "type": "Feature",
      "properties": {
        "@id": "way/930917969",
        "leisure": "park",
        "name": "Dr. Nanasaheb Dharmadhikari Udyan",
        "name:etymology:wikidata": "Q6962286",
        "@geometry": "center"
      },
      "geometry": {
        "type": "Point",
        "coordinates": [
          73.1286869,
          19.2580153
        ]
      },
      "id": "way/930917969"
    },
    {
      "type": "Feature",
      "properties": {
        "@id": "way/930962801",
        "leisure": "park",
        "name": "Nana Nani Park",
        "@geometry": "center"
      },
      "geometry": {
        "type": "Point",
        "coordinates": [
          73.1290462,
          19.2375529
        ]
      },
      "id": "way/930962801"
    },
    {
      "type": "Feature",
      "properties": {
        "@id": "way/930962802",
        "leisure": "park",
        "name": "Mahatma Jyotiba Phule Udyan",
        "name:etymology:wikidata": "Q314394",
        "@geometry": "center"
      },
      "geometry": {
        "type": "Point",
        "coordinates": [
          73.1451987,
          19.2512016
        ]
      },
      "id": "way/930962802"
    },
    {
      "type": "Feature",
      "properties": {
        "@id": "way/930962803",
        "leisure": "park",
        "name": "Dharmaveer Open Gym",
        "@geometry": "center"
      },
      "geometry": {
        "type": "Point",
        "coordinates": [
          73.148357,
          19.2433186
        ]
      },
      "id": "way/930962803"
    },
    {
      "type": "Feature",
      "properties": {
        "@id": "way/930962805",
        "leisure": "park",
        "name": "Anand Dighe Garden",
        "@geometry": "center"
      },
      "geometry": {
        "type": "Point",
        "coordinates": [
          73.1475898,
          19.2472145
        ]
      },
      "id": "way/930962805"
    },
    {
      "type": "Feature",
      "properties": {
        "@id": "way/930962806",
        "leisure": "park",
        "name": "Nana Nani Park",
        "@geometry": "center"
      },
      "geometry": {
        "type": "Point",
        "coordinates": [
          73.1471429,
          19.2471261
        ]
      },
      "id": "way/930962806"
    },
    {
      "type": "Feature",
      "properties": {
        "@id": "way/930971237",
        "leisure": "park",
        "@geometry": "center"
      },
      "geometry": {
        "type": "Point",
        "coordinates": [
          72.9588677,
          19.2641889
        ]
      },
      "id": "way/930971237"
    },
    {
      "type": "Feature",
      "properties": {
        "@id": "way/930971239",
        "leisure": "park",
        "@geometry": "center"
      },
      "geometry": {
        "type": "Point",
        "coordinates": [
          72.9603781,
          19.264098
        ]
      },
      "id": "way/930971239"
    },
    {
      "type": "Feature",
      "properties": {
        "@id": "way/930971240",
        "leisure": "park",
        "@geometry": "center"
      },
      "geometry": {
        "type": "Point",
        "coordinates": [
          72.9605799,
          19.2644571
        ]
      },
      "id": "way/930971240"
    },
    {
      "type": "Feature",
      "properties": {
        "@id": "way/931947198",
        "leisure": "park",
        "@geometry": "center"
      },
      "geometry": {
        "type": "Point",
        "coordinates": [
          72.9847226,
          19.2075062
        ]
      },
      "id": "way/931947198"
    },
    {
      "type": "Feature",
      "properties": {
        "@id": "way/931947199",
        "leisure": "park",
        "@geometry": "center"
      },
      "geometry": {
        "type": "Point",
        "coordinates": [
          72.9847759,
          19.207091
        ]
      },
      "id": "way/931947199"
    },
    {
      "type": "Feature",
      "properties": {
        "@id": "way/931947200",
        "leisure": "park",
        "@geometry": "center"
      },
      "geometry": {
        "type": "Point",
        "coordinates": [
          72.9846321,
          19.2081519
        ]
      },
      "id": "way/931947200"
    },
    {
      "type": "Feature",
      "properties": {
        "@id": "way/931947201",
        "leisure": "park",
        "@geometry": "center"
      },
      "geometry": {
        "type": "Point",
        "coordinates": [
          72.9845012,
          19.2090018
        ]
      },
      "id": "way/931947201"
    },
    {
      "type": "Feature",
      "properties": {
        "@id": "way/931947202",
        "leisure": "park",
        "@geometry": "center"
      },
      "geometry": {
        "type": "Point",
        "coordinates": [
          72.9844114,
          19.2096505
        ]
      },
      "id": "way/931947202"
    },
    {
      "type": "Feature",
      "properties": {
        "@id": "way/931947203",
        "leisure": "park",
        "@geometry": "center"
      },
      "geometry": {
        "type": "Point",
        "coordinates": [
          72.984853,
          19.2066528
        ]
      },
      "id": "way/931947203"
    },
    {
      "type": "Feature",
      "properties": {
        "@id": "way/931950692",
        "leisure": "park",
        "@geometry": "center"
      },
      "geometry": {
        "type": "Point",
        "coordinates": [
          72.9827942,
          19.2093179
        ]
      },
      "id": "way/931950692"
    },
    {
      "type": "Feature",
      "properties": {
        "@id": "way/931950693",
        "leisure": "park",
        "@geometry": "center"
      },
      "geometry": {
        "type": "Point",
        "coordinates": [
          72.9817621,
          19.2102637
        ]
      },
      "id": "way/931950693"
    },
    {
      "type": "Feature",
      "properties": {
        "@id": "way/932447404",
        "leisure": "park",
        "name": "Nandibaba Park",
        "@geometry": "center"
      },
      "geometry": {
        "type": "Point",
        "coordinates": [
          72.9794304,
          19.2255925
        ]
      },
      "id": "way/932447404"
    },
    {
      "type": "Feature",
      "properties": {
        "@id": "way/932784140",
        "leisure": "park",
        "@geometry": "center"
      },
      "geometry": {
        "type": "Point",
        "coordinates": [
          72.9755181,
          19.2322366
        ]
      },
      "id": "way/932784140"
    },
    {
      "type": "Feature",
      "properties": {
        "@id": "way/932784141",
        "leisure": "park",
        "@geometry": "center"
      },
      "geometry": {
        "type": "Point",
        "coordinates": [
          72.9758554,
          19.2327561
        ]
      },
      "id": "way/932784141"
    },
    {
      "type": "Feature",
      "properties": {
        "@id": "way/933788378",
        "leisure": "park",
        "@geometry": "center"
      },
      "geometry": {
        "type": "Point",
        "coordinates": [
          72.8388865,
          19.2166515
        ]
      },
      "id": "way/933788378"
    },
    {
      "type": "Feature",
      "properties": {
        "@id": "way/933788379",
        "leisure": "park",
        "@geometry": "center"
      },
      "geometry": {
        "type": "Point",
        "coordinates": [
          72.8392957,
          19.2172301
        ]
      },
      "id": "way/933788379"
    },
    {
      "type": "Feature",
      "properties": {
        "@id": "way/933788385",
        "leisure": "park",
        "@geometry": "center"
      },
      "geometry": {
        "type": "Point",
        "coordinates": [
          72.8416233,
          19.1734683
        ]
      },
      "id": "way/933788385"
    },
    {
      "type": "Feature",
      "properties": {
        "@id": "way/933788391",
        "leisure": "park",
        "@geometry": "center"
      },
      "geometry": {
        "type": "Point",
        "coordinates": [
          72.8382295,
          19.1727707
        ]
      },
      "id": "way/933788391"
    },
    {
      "type": "Feature",
      "properties": {
        "@id": "way/933788392",
        "leisure": "park",
        "@geometry": "center"
      },
      "geometry": {
        "type": "Point",
        "coordinates": [
          72.8382429,
          19.1730989
        ]
      },
      "id": "way/933788392"
    },
    {
      "type": "Feature",
      "properties": {
        "@id": "way/933788393",
        "leisure": "park",
        "@geometry": "center"
      },
      "geometry": {
        "type": "Point",
        "coordinates": [
          72.8387625,
          19.1724636
        ]
      },
      "id": "way/933788393"
    },
    {
      "type": "Feature",
      "properties": {
        "@id": "way/933788399",
        "leisure": "park",
        "@geometry": "center"
      },
      "geometry": {
        "type": "Point",
        "coordinates": [
          72.841503,
          19.1571205
        ]
      },
      "id": "way/933788399"
    },
    {
      "type": "Feature",
      "properties": {
        "@id": "way/933788411",
        "access": "private",
        "fee": "no",
        "garden:type": "residential",
        "layer": "1",
        "leisure": "garden",
        "location": "roof",
        "@geometry": "center"
      },
      "geometry": {
        "type": "Point",
        "coordinates": [
          72.8308287,
          19.010652
        ]
      },
      "id": "way/933788411"
    },
    {
      "type": "Feature",
      "properties": {
        "@id": "way/933788424",
        "leisure": "park",
        "@geometry": "center"
      },
      "geometry": {
        "type": "Point",
        "coordinates": [
          72.8450242,
          19.141091
        ]
      },
      "id": "way/933788424"
    },
    {
      "type": "Feature",
      "properties": {
        "@id": "way/933788425",
        "leisure": "park",
        "@geometry": "center"
      },
      "geometry": {
        "type": "Point",
        "coordinates": [
          72.8446912,
          19.1414076
        ]
      },
      "id": "way/933788425"
    },
    {
      "type": "Feature",
      "properties": {
        "@id": "way/933788426",
        "leisure": "park",
        "@geometry": "center"
      },
      "geometry": {
        "type": "Point",
        "coordinates": [
          72.8452653,
          19.1415851
        ]
      },
      "id": "way/933788426"
    },
    {
      "type": "Feature",
      "properties": {
        "@id": "way/933788427",
        "leisure": "park",
        "@geometry": "center"
      },
      "geometry": {
        "type": "Point",
        "coordinates": [
          72.8449065,
          19.1419066
        ]
      },
      "id": "way/933788427"
    },
    {
      "type": "Feature",
      "properties": {
        "@id": "way/933788428",
        "leisure": "park",
        "@geometry": "center"
      },
      "geometry": {
        "type": "Point",
        "coordinates": [
          72.8443999,
          19.1410566
        ]
      },
      "id": "way/933788428"
    },
    {
      "type": "Feature",
      "properties": {
        "@id": "way/935051769",
        "leisure": "park",
        "@geometry": "center"
      },
      "geometry": {
        "type": "Point",
        "coordinates": [
          72.9390313,
          19.1568166
        ]
      },
      "id": "way/935051769"
    },
    {
      "type": "Feature",
      "properties": {
        "@id": "way/935051770",
        "leisure": "park",
        "@geometry": "center"
      },
      "geometry": {
        "type": "Point",
        "coordinates": [
          72.9397587,
          19.1571055
        ]
      },
      "id": "way/935051770"
    },
    {
      "type": "Feature",
      "properties": {
        "@id": "way/935051784",
        "leisure": "park",
        "@geometry": "center"
      },
      "geometry": {
        "type": "Point",
        "coordinates": [
          72.9448792,
          19.1579336
        ]
      },
      "id": "way/935051784"
    },
    {
      "type": "Feature",
      "properties": {
        "@id": "way/935051789",
        "leisure": "park",
        "@geometry": "center"
      },
      "geometry": {
        "type": "Point",
        "coordinates": [
          72.9478596,
          19.1584888
        ]
      },
      "id": "way/935051789"
    },
    {
      "type": "Feature",
      "properties": {
        "@id": "way/935051793",
        "leisure": "park",
        "@geometry": "center"
      },
      "geometry": {
        "type": "Point",
        "coordinates": [
          72.947181,
          19.1592002
        ]
      },
      "id": "way/935051793"
    },
    {
      "type": "Feature",
      "properties": {
        "@id": "way/935051794",
        "leisure": "park",
        "@geometry": "center"
      },
      "geometry": {
        "type": "Point",
        "coordinates": [
          72.9473251,
          19.1595018
        ]
      },
      "id": "way/935051794"
    },
    {
      "type": "Feature",
      "properties": {
        "@id": "way/935051795",
        "leisure": "park",
        "@geometry": "center"
      },
      "geometry": {
        "type": "Point",
        "coordinates": [
          72.9476739,
          19.1591938
        ]
      },
      "id": "way/935051795"
    },
    {
      "type": "Feature",
      "properties": {
        "@id": "way/935051796",
        "leisure": "park",
        "@geometry": "center"
      },
      "geometry": {
        "type": "Point",
        "coordinates": [
          72.9480334,
          19.1588843
        ]
      },
      "id": "way/935051796"
    },
    {
      "type": "Feature",
      "properties": {
        "@id": "way/935074779",
        "leisure": "park",
        "@geometry": "center"
      },
      "geometry": {
        "type": "Point",
        "coordinates": [
          72.9170867,
          19.097306
        ]
      },
      "id": "way/935074779"
    },
    {
      "type": "Feature",
      "properties": {
        "@id": "way/935074780",
        "leisure": "park",
        "@geometry": "center"
      },
      "geometry": {
        "type": "Point",
        "coordinates": [
          72.917581,
          19.0967297
        ]
      },
      "id": "way/935074780"
    },
    {
      "type": "Feature",
      "properties": {
        "@id": "way/935074799",
        "leisure": "park",
        "@geometry": "center"
      },
      "geometry": {
        "type": "Point",
        "coordinates": [
          72.9202082,
          19.0979971
        ]
      },
      "id": "way/935074799"
    },
    {
      "type": "Feature",
      "properties": {
        "@id": "way/935074800",
        "leisure": "park",
        "@geometry": "center"
      },
      "geometry": {
        "type": "Point",
        "coordinates": [
          72.9194859,
          19.0982261
        ]
      },
      "id": "way/935074800"
    },
    {
      "type": "Feature",
      "properties": {
        "@id": "way/935074809",
        "leisure": "park",
        "@geometry": "center"
      },
      "geometry": {
        "type": "Point",
        "coordinates": [
          72.8425042,
          18.9988665
        ]
      },
      "id": "way/935074809"
    },
    {
      "type": "Feature",
      "properties": {
        "@id": "way/935083291",
        "leisure": "park",
        "@geometry": "center"
      },
      "geometry": {
        "type": "Point",
        "coordinates": [
          72.8559575,
          19.1537999
        ]
      },
      "id": "way/935083291"
    },
    {
      "type": "Feature",
      "properties": {
        "@id": "way/935083292",
        "leisure": "park",
        "@geometry": "center"
      },
      "geometry": {
        "type": "Point",
        "coordinates": [
          72.8555176,
          19.1539299
        ]
      },
      "id": "way/935083292"
    },
    {
      "type": "Feature",
      "properties": {
        "@id": "way/935083296",
        "leisure": "park",
        "@geometry": "center"
      },
      "geometry": {
        "type": "Point",
        "coordinates": [
          72.8404367,
          18.9918805
        ]
      },
      "id": "way/935083296"
    },
    {
      "type": "Feature",
      "properties": {
        "@id": "way/935392826",
        "leisure": "park",
        "name": "Lake Side Park",
        "@geometry": "center"
      },
      "geometry": {
        "type": "Point",
        "coordinates": [
          73.1144137,
          19.1659023
        ]
      },
      "id": "way/935392826"
    },
    {
      "type": "Feature",
      "properties": {
        "@id": "way/935392830",
        "leisure": "park",
        "@geometry": "center"
      },
      "geometry": {
        "type": "Point",
        "coordinates": [
          73.115719,
          19.1562993
        ]
      },
      "id": "way/935392830"
    },
    {
      "type": "Feature",
      "properties": {
        "@id": "way/935392856",
        "leisure": "park",
        "@geometry": "center"
      },
      "geometry": {
        "type": "Point",
        "coordinates": [
          73.1123596,
          19.1668375
        ]
      },
      "id": "way/935392856"
    },
    {
      "type": "Feature",
      "properties": {
        "@id": "way/935392867",
        "leisure": "park",
        "@geometry": "center"
      },
      "geometry": {
        "type": "Point",
        "coordinates": [
          73.1144868,
          19.1679165
        ]
      },
      "id": "way/935392867"
    },
    {
      "type": "Feature",
      "properties": {
        "@id": "way/935449381",
        "leisure": "park",
        "@geometry": "center"
      },
      "geometry": {
        "type": "Point",
        "coordinates": [
          73.120437,
          19.1599219
        ]
      },
      "id": "way/935449381"
    },
    {
      "type": "Feature",
      "properties": {
        "@id": "way/935449387",
        "leisure": "park",
        "name": "Palava Waterfront",
        "@geometry": "center"
      },
      "geometry": {
        "type": "Point",
        "coordinates": [
          73.1145825,
          19.1525428
        ]
      },
      "id": "way/935449387"
    },
    {
      "type": "Feature",
      "properties": {
        "@id": "way/935761710",
        "leisure": "park",
        "@geometry": "center"
      },
      "geometry": {
        "type": "Point",
        "coordinates": [
          73.0774498,
          19.1435767
        ]
      },
      "id": "way/935761710"
    },
    {
      "type": "Feature",
      "properties": {
        "@id": "way/935761711",
        "leisure": "park",
        "@geometry": "center"
      },
      "geometry": {
        "type": "Point",
        "coordinates": [
          73.0789779,
          19.1446196
        ]
      },
      "id": "way/935761711"
    },
    {
      "type": "Feature",
      "properties": {
        "@id": "way/935761712",
        "leisure": "park",
        "@geometry": "center"
      },
      "geometry": {
        "type": "Point",
        "coordinates": [
          73.0778119,
          19.1440242
        ]
      },
      "id": "way/935761712"
    },
    {
      "type": "Feature",
      "properties": {
        "@id": "way/935761713",
        "addr:city": "dombivali",
        "addr:district": "Thane",
        "addr:housenumber": "RiverScape",
        "addr:postcode": "421204",
        "addr:street": "RiverScape Internal Road",
        "dog": "yes",
        "leisure": "park",
        "opening_hours": "Mo-Fr 08:00-17:00",
        "@geometry": "center"
      },
      "geometry": {
        "type": "Point",
        "coordinates": [
          73.076955,
          19.1449123
        ]
      },
      "id": "way/935761713"
    },
    {
      "type": "Feature",
      "properties": {
        "@id": "way/935761714",
        "leisure": "park",
        "@geometry": "center"
      },
      "geometry": {
        "type": "Point",
        "coordinates": [
          73.0761046,
          19.1456458
        ]
      },
      "id": "way/935761714"
    },
    {
      "type": "Feature",
      "properties": {
        "@id": "way/935761715",
        "leisure": "park",
        "@geometry": "center"
      },
      "geometry": {
        "type": "Point",
        "coordinates": [
          73.0769053,
          19.1457877
        ]
      },
      "id": "way/935761715"
    },
    {
      "type": "Feature",
      "properties": {
        "@id": "way/935761716",
        "leisure": "park",
        "@geometry": "center"
      },
      "geometry": {
        "type": "Point",
        "coordinates": [
          73.0766934,
          19.1465187
        ]
      },
      "id": "way/935761716"
    },
    {
      "type": "Feature",
      "properties": {
        "@id": "way/935761717",
        "leisure": "park",
        "@geometry": "center"
      },
      "geometry": {
        "type": "Point",
        "coordinates": [
          73.0763835,
          19.1479714
        ]
      },
      "id": "way/935761717"
    },
    {
      "type": "Feature",
      "properties": {
        "@id": "way/935761718",
        "leisure": "park",
        "@geometry": "center"
      },
      "geometry": {
        "type": "Point",
        "coordinates": [
          73.078182,
          19.1459093
        ]
      },
      "id": "way/935761718"
    },
    {
      "type": "Feature",
      "properties": {
        "@id": "way/935761719",
        "leisure": "park",
        "@geometry": "center"
      },
      "geometry": {
        "type": "Point",
        "coordinates": [
          73.0777169,
          19.1510131
        ]
      },
      "id": "way/935761719"
    },
    {
      "type": "Feature",
      "properties": {
        "@id": "way/935761721",
        "leisure": "park",
        "@geometry": "center"
      },
      "geometry": {
        "type": "Point",
        "coordinates": [
          73.0782739,
          19.1494218
        ]
      },
      "id": "way/935761721"
    },
    {
      "type": "Feature",
      "properties": {
        "@id": "way/935761722",
        "leisure": "park",
        "@geometry": "center"
      },
      "geometry": {
        "type": "Point",
        "coordinates": [
          73.0783838,
          19.1504056
        ]
      },
      "id": "way/935761722"
    },
    {
      "type": "Feature",
      "properties": {
        "@id": "way/935761728",
        "leisure": "park",
        "@geometry": "center"
      },
      "geometry": {
        "type": "Point",
        "coordinates": [
          73.0728511,
          19.1641832
        ]
      },
      "id": "way/935761728"
    },
    {
      "type": "Feature",
      "properties": {
        "@id": "way/935761738",
        "leisure": "park",
        "@geometry": "center"
      },
      "geometry": {
        "type": "Point",
        "coordinates": [
          73.0711875,
          19.1699139
        ]
      },
      "id": "way/935761738"
    },
    {
      "type": "Feature",
      "properties": {
        "@id": "way/935761739",
        "leisure": "park",
        "@geometry": "center"
      },
      "geometry": {
        "type": "Point",
        "coordinates": [
          73.0726579,
          19.1682966
        ]
      },
      "id": "way/935761739"
    },
    {
      "type": "Feature",
      "properties": {
        "@id": "way/935761770",
        "leisure": "park",
        "@geometry": "center"
      },
      "geometry": {
        "type": "Point",
        "coordinates": [
          73.0738415,
          19.1659328
        ]
      },
      "id": "way/935761770"
    },
    {
      "type": "Feature",
      "properties": {
        "@id": "way/935761774",
        "leisure": "park",
        "@geometry": "center"
      },
      "geometry": {
        "type": "Point",
        "coordinates": [
          73.0744987,
          19.1664341
        ]
      },
      "id": "way/935761774"
    },
    {
      "type": "Feature",
      "properties": {
        "@id": "way/935761775",
        "leisure": "park",
        "@geometry": "center"
      },
      "geometry": {
        "type": "Point",
        "coordinates": [
          73.0731375,
          19.170324
        ]
      },
      "id": "way/935761775"
    },
    {
      "type": "Feature",
      "properties": {
        "@id": "way/935761776",
        "leisure": "park",
        "@geometry": "center"
      },
      "geometry": {
        "type": "Point",
        "coordinates": [
          73.0738189,
          19.1685809
        ]
      },
      "id": "way/935761776"
    },
    {
      "type": "Feature",
      "properties": {
        "@id": "way/935775461",
        "leisure": "park",
        "@geometry": "center"
      },
      "geometry": {
        "type": "Point",
        "coordinates": [
          73.0688012,
          19.1756241
        ]
      },
      "id": "way/935775461"
    },
    {
      "type": "Feature",
      "properties": {
        "@id": "way/935775464",
        "leisure": "park",
        "@geometry": "center"
      },
      "geometry": {
        "type": "Point",
        "coordinates": [
          73.069947,
          19.1742331
        ]
      },
      "id": "way/935775464"
    },
    {
      "type": "Feature",
      "properties": {
        "@id": "way/935775465",
        "leisure": "park",
        "@geometry": "center"
      },
      "geometry": {
        "type": "Point",
        "coordinates": [
          73.0702747,
          19.1745008
        ]
      },
      "id": "way/935775465"
    },
    {
      "type": "Feature",
      "properties": {
        "@id": "way/935800471",
        "leisure": "park",
        "@geometry": "center"
      },
      "geometry": {
        "type": "Point",
        "coordinates": [
          73.0805357,
          19.15035
        ]
      },
      "id": "way/935800471"
    },
    {
      "type": "Feature",
      "properties": {
        "@id": "way/935800472",
        "leisure": "park",
        "@geometry": "center"
      },
      "geometry": {
        "type": "Point",
        "coordinates": [
          73.0799624,
          19.1485936
        ]
      },
      "id": "way/935800472"
    },
    {
      "type": "Feature",
      "properties": {
        "@id": "way/935800473",
        "leisure": "park",
        "@geometry": "center"
      },
      "geometry": {
        "type": "Point",
        "coordinates": [
          73.0794966,
          19.1482095
        ]
      },
      "id": "way/935800473"
    },
    {
      "type": "Feature",
      "properties": {
        "@id": "way/935800474",
        "leisure": "park",
        "@geometry": "center"
      },
      "geometry": {
        "type": "Point",
        "coordinates": [
          73.0792536,
          19.1490064
        ]
      },
      "id": "way/935800474"
    },
    {
      "type": "Feature",
      "properties": {
        "@id": "way/935800475",
        "leisure": "park",
        "@geometry": "center"
      },
      "geometry": {
        "type": "Point",
        "coordinates": [
          73.0793582,
          19.1466324
        ]
      },
      "id": "way/935800475"
    },
    {
      "type": "Feature",
      "properties": {
        "@id": "way/935800476",
        "leisure": "park",
        "@geometry": "center"
      },
      "geometry": {
        "type": "Point",
        "coordinates": [
          73.0809041,
          19.1457849
        ]
      },
      "id": "way/935800476"
    },
    {
      "type": "Feature",
      "properties": {
        "@id": "way/935800477",
        "leisure": "park",
        "@geometry": "center"
      },
      "geometry": {
        "type": "Point",
        "coordinates": [
          73.0804368,
          19.1456291
        ]
      },
      "id": "way/935800477"
    },
    {
      "type": "Feature",
      "properties": {
        "@id": "way/935800478",
        "leisure": "park",
        "@geometry": "center"
      },
      "geometry": {
        "type": "Point",
        "coordinates": [
          73.0820339,
          19.1461922
        ]
      },
      "id": "way/935800478"
    },
    {
      "type": "Feature",
      "properties": {
        "@id": "way/935800479",
        "leisure": "park",
        "@geometry": "center"
      },
      "geometry": {
        "type": "Point",
        "coordinates": [
          73.081485,
          19.1477127
        ]
      },
      "id": "way/935800479"
    },
    {
      "type": "Feature",
      "properties": {
        "@id": "way/935805212",
        "leisure": "park",
        "@geometry": "center"
      },
      "geometry": {
        "type": "Point",
        "coordinates": [
          73.0775623,
          19.153773
        ]
      },
      "id": "way/935805212"
    },
    {
      "type": "Feature",
      "properties": {
        "@id": "way/935860074",
        "leisure": "park",
        "@geometry": "center"
      },
      "geometry": {
        "type": "Point",
        "coordinates": [
          73.0710504,
          19.1735272
        ]
      },
      "id": "way/935860074"
    },
    {
      "type": "Feature",
      "properties": {
        "@id": "way/936245104",
        "leisure": "park",
        "@geometry": "center"
      },
      "geometry": {
        "type": "Point",
        "coordinates": [
          73.0783653,
          19.15761
        ]
      },
      "id": "way/936245104"
    },
    {
      "type": "Feature",
      "properties": {
        "@id": "way/936253868",
        "addr:city": "Navi Mumbai",
        "addr:postcode": "400708",
        "addr:street": "Motiram Shankar Kotkar Marg",
        "leisure": "park",
        "name": "Dr. Babasaheb Ambedkar Udyan",
        "name:etymology:wikidata": "Q231690",
        "opening_hours": "sunrise-sunset",
        "operator": "NMMC",
        "source": "local knowledge",
        "@geometry": "center"
      },
      "geometry": {
        "type": "Point",
        "coordinates": [
          72.9972032,
          19.1628435
        ]
      },
      "id": "way/936253868"
    },
    {
      "type": "Feature",
      "properties": {
        "@id": "way/936724773",
        "leisure": "park",
        "@geometry": "center"
      },
      "geometry": {
        "type": "Point",
        "coordinates": [
          73.0765911,
          19.1514558
        ]
      },
      "id": "way/936724773"
    },
    {
      "type": "Feature",
      "properties": {
        "@id": "way/936724796",
        "leisure": "park",
        "@geometry": "center"
      },
      "geometry": {
        "type": "Point",
        "coordinates": [
          73.0752619,
          19.1520669
        ]
      },
      "id": "way/936724796"
    },
    {
      "type": "Feature",
      "properties": {
        "@id": "way/936724797",
        "leisure": "park",
        "@geometry": "center"
      },
      "geometry": {
        "type": "Point",
        "coordinates": [
          73.0760644,
          19.1524488
        ]
      },
      "id": "way/936724797"
    },
    {
      "type": "Feature",
      "properties": {
        "@id": "way/936724802",
        "leisure": "park",
        "@geometry": "center"
      },
      "geometry": {
        "type": "Point",
        "coordinates": [
          73.0757177,
          19.1550021
        ]
      },
      "id": "way/936724802"
    },
    {
      "type": "Feature",
      "properties": {
        "@id": "way/936724808",
        "leisure": "park",
        "@geometry": "center"
      },
      "geometry": {
        "type": "Point",
        "coordinates": [
          73.0782124,
          19.156252
        ]
      },
      "id": "way/936724808"
    },
    {
      "type": "Feature",
      "properties": {
        "@id": "way/936724816",
        "leisure": "park",
        "@geometry": "center"
      },
      "geometry": {
        "type": "Point",
        "coordinates": [
          73.0767719,
          19.1563498
        ]
      },
      "id": "way/936724816"
    },
    {
      "type": "Feature",
      "properties": {
        "@id": "way/936724820",
        "leisure": "park",
        "@geometry": "center"
      },
      "geometry": {
        "type": "Point",
        "coordinates": [
          73.0764307,
          19.1571051
        ]
      },
      "id": "way/936724820"
    },
    {
      "type": "Feature",
      "properties": {
        "@id": "way/936724821",
        "leisure": "park",
        "@geometry": "center"
      },
      "geometry": {
        "type": "Point",
        "coordinates": [
          73.0770476,
          19.1571309
        ]
      },
      "id": "way/936724821"
    },
    {
      "type": "Feature",
      "properties": {
        "@id": "way/936724825",
        "leisure": "park",
        "@geometry": "center"
      },
      "geometry": {
        "type": "Point",
        "coordinates": [
          73.0767808,
          19.1616765
        ]
      },
      "id": "way/936724825"
    },
    {
      "type": "Feature",
      "properties": {
        "@id": "way/936795319",
        "leisure": "park",
        "name": "Railway Ground",
        "operator": "Central Railway Parel Branch",
        "@geometry": "center"
      },
      "geometry": {
        "type": "Point",
        "coordinates": [
          72.8377105,
          19.0015273
        ]
      },
      "id": "way/936795319"
    },
    {
      "type": "Feature",
      "properties": {
        "@id": "way/937092479",
        "leisure": "park",
        "@geometry": "center"
      },
      "geometry": {
        "type": "Point",
        "coordinates": [
          72.9979166,
          19.1221451
        ]
      },
      "id": "way/937092479"
    },
    {
      "type": "Feature",
      "properties": {
        "@id": "way/937092480",
        "leisure": "park",
        "@geometry": "center"
      },
      "geometry": {
        "type": "Point",
        "coordinates": [
          72.9982036,
          19.1217944
        ]
      },
      "id": "way/937092480"
    },
    {
      "type": "Feature",
      "properties": {
        "@id": "way/937092482",
        "leisure": "park",
        "@geometry": "center"
      },
      "geometry": {
        "type": "Point",
        "coordinates": [
          72.9974798,
          19.1215912
        ]
      },
      "id": "way/937092482"
    },
    {
      "type": "Feature",
      "properties": {
        "@id": "way/937092503",
        "leisure": "park",
        "@geometry": "center"
      },
      "geometry": {
        "type": "Point",
        "coordinates": [
          72.9924392,
          19.1203622
        ]
      },
      "id": "way/937092503"
    },
    {
      "type": "Feature",
      "properties": {
        "@id": "way/937092506",
        "leisure": "park",
        "@geometry": "center"
      },
      "geometry": {
        "type": "Point",
        "coordinates": [
          72.9917118,
          19.1203941
        ]
      },
      "id": "way/937092506"
    },
    {
      "type": "Feature",
      "properties": {
        "@id": "way/937092509",
        "leisure": "park",
        "@geometry": "center"
      },
      "geometry": {
        "type": "Point",
        "coordinates": [
          72.9935052,
          19.1191378
        ]
      },
      "id": "way/937092509"
    },
    {
      "type": "Feature",
      "properties": {
        "@id": "way/937092511",
        "leisure": "park",
        "@geometry": "center"
      },
      "geometry": {
        "type": "Point",
        "coordinates": [
          72.9927249,
          19.118442
        ]
      },
      "id": "way/937092511"
    },
    {
      "type": "Feature",
      "properties": {
        "@id": "way/937119881",
        "leisure": "park",
        "@geometry": "center"
      },
      "geometry": {
        "type": "Point",
        "coordinates": [
          73.0113521,
          19.1265913
        ]
      },
      "id": "way/937119881"
    },
    {
      "type": "Feature",
      "properties": {
        "@id": "way/937119926",
        "leisure": "garden",
        "@geometry": "center"
      },
      "geometry": {
        "type": "Point",
        "coordinates": [
          73.0140531,
          19.1275873
        ]
      },
      "id": "way/937119926"
    },
    {
      "type": "Feature",
      "properties": {
        "@id": "way/938560890",
        "leisure": "park",
        "@geometry": "center"
      },
      "geometry": {
        "type": "Point",
        "coordinates": [
          72.9615381,
          19.2651103
        ]
      },
      "id": "way/938560890"
    },
    {
      "type": "Feature",
      "properties": {
        "@id": "way/938560891",
        "leisure": "park",
        "@geometry": "center"
      },
      "geometry": {
        "type": "Point",
        "coordinates": [
          72.9606032,
          19.2664655
        ]
      },
      "id": "way/938560891"
    },
    {
      "type": "Feature",
      "properties": {
        "@id": "way/938560892",
        "leisure": "park",
        "@geometry": "center"
      },
      "geometry": {
        "type": "Point",
        "coordinates": [
          72.9611978,
          19.2663415
        ]
      },
      "id": "way/938560892"
    },
    {
      "type": "Feature",
      "properties": {
        "@id": "way/943817079",
        "leisure": "park",
        "@geometry": "center"
      },
      "geometry": {
        "type": "Point",
        "coordinates": [
          72.959159,
          19.2202185
        ]
      },
      "id": "way/943817079"
    },
    {
      "type": "Feature",
      "properties": {
        "@id": "way/944086601",
        "leisure": "park",
        "@geometry": "center"
      },
      "geometry": {
        "type": "Point",
        "coordinates": [
          72.991661,
          19.2307633
        ]
      },
      "id": "way/944086601"
    },
    {
      "type": "Feature",
      "properties": {
        "@id": "way/944682449",
        "leisure": "park",
        "@geometry": "center"
      },
      "geometry": {
        "type": "Point",
        "coordinates": [
          72.962663,
          19.274943
        ]
      },
      "id": "way/944682449"
    },
    {
      "type": "Feature",
      "properties": {
        "@id": "way/944682450",
        "leisure": "park",
        "@geometry": "center"
      },
      "geometry": {
        "type": "Point",
        "coordinates": [
          72.9630624,
          19.2749833
        ]
      },
      "id": "way/944682450"
    },
    {
      "type": "Feature",
      "properties": {
        "@id": "way/944682457",
        "addr:city": "thane",
        "addr:district": "thane",
        "addr:housenumber": "567",
        "addr:postcode": "400615",
        "addr:street": "Puranik City Phase 2 Internal Road",
        "leisure": "park",
        "name": "Aaditya's Park",
        "opening_hours": "Mo-Su 08:00-22:00",
        "@geometry": "center"
      },
      "geometry": {
        "type": "Point",
        "coordinates": [
          72.9635622,
          19.2736472
        ]
      },
      "id": "way/944682457"
    },
    {
      "type": "Feature",
      "properties": {
        "@id": "way/944682458",
        "leisure": "park",
        "@geometry": "center"
      },
      "geometry": {
        "type": "Point",
        "coordinates": [
          72.9634427,
          19.274935
        ]
      },
      "id": "way/944682458"
    },
    {
      "type": "Feature",
      "properties": {
        "@id": "way/944682459",
        "leisure": "park",
        "@geometry": "center"
      },
      "geometry": {
        "type": "Point",
        "coordinates": [
          72.9628296,
          19.2741999
        ]
      },
      "id": "way/944682459"
    },
    {
      "type": "Feature",
      "properties": {
        "@id": "way/944682461",
        "leisure": "park",
        "@geometry": "center"
      },
      "geometry": {
        "type": "Point",
        "coordinates": [
          72.9648859,
          19.2760998
        ]
      },
      "id": "way/944682461"
    },
    {
      "type": "Feature",
      "properties": {
        "@id": "way/944682462",
        "leisure": "park",
        "@geometry": "center"
      },
      "geometry": {
        "type": "Point",
        "coordinates": [
          72.9645248,
          19.2762166
        ]
      },
      "id": "way/944682462"
    },
    {
      "type": "Feature",
      "properties": {
        "@id": "way/944682471",
        "leisure": "park",
        "@geometry": "center"
      },
      "geometry": {
        "type": "Point",
        "coordinates": [
          72.9655941,
          19.2776864
        ]
      },
      "id": "way/944682471"
    },
    {
      "type": "Feature",
      "properties": {
        "@id": "way/944682472",
        "leisure": "park",
        "@geometry": "center"
      },
      "geometry": {
        "type": "Point",
        "coordinates": [
          72.9654414,
          19.2772008
        ]
      },
      "id": "way/944682472"
    },
    {
      "type": "Feature",
      "properties": {
        "@id": "way/945059827",
        "leisure": "park",
        "@geometry": "center"
      },
      "geometry": {
        "type": "Point",
        "coordinates": [
          73.0752745,
          19.1789889
        ]
      },
      "id": "way/945059827"
    },
    {
      "type": "Feature",
      "properties": {
        "@id": "way/945059829",
        "leisure": "park",
        "@geometry": "center"
      },
      "geometry": {
        "type": "Point",
        "coordinates": [
          73.0753105,
          19.1870963
        ]
      },
      "id": "way/945059829"
    },
    {
      "type": "Feature",
      "properties": {
        "@id": "way/945059830",
        "leisure": "park",
        "@geometry": "center"
      },
      "geometry": {
        "type": "Point",
        "coordinates": [
          73.0751841,
          19.1860055
        ]
      },
      "id": "way/945059830"
    },
    {
      "type": "Feature",
      "properties": {
        "@id": "way/945059857",
        "leisure": "park",
        "@geometry": "center"
      },
      "geometry": {
        "type": "Point",
        "coordinates": [
          73.0856303,
          19.1832598
        ]
      },
      "id": "way/945059857"
    },
    {
      "type": "Feature",
      "properties": {
        "@id": "way/945059858",
        "leisure": "park",
        "@geometry": "center"
      },
      "geometry": {
        "type": "Point",
        "coordinates": [
          73.0873124,
          19.1848411
        ]
      },
      "id": "way/945059858"
    },
    {
      "type": "Feature",
      "properties": {
        "@id": "way/945059859",
        "leisure": "park",
        "@geometry": "center"
      },
      "geometry": {
        "type": "Point",
        "coordinates": [
          73.0867329,
          19.184617
        ]
      },
      "id": "way/945059859"
    },
    {
      "type": "Feature",
      "properties": {
        "@id": "way/945059860",
        "leisure": "park",
        "@geometry": "center"
      },
      "geometry": {
        "type": "Point",
        "coordinates": [
          73.0861834,
          19.1843829
        ]
      },
      "id": "way/945059860"
    },
    {
      "type": "Feature",
      "properties": {
        "@id": "way/945059861",
        "leisure": "park",
        "@geometry": "center"
      },
      "geometry": {
        "type": "Point",
        "coordinates": [
          73.0832544,
          19.1833066
        ]
      },
      "id": "way/945059861"
    },
    {
      "type": "Feature",
      "properties": {
        "@id": "way/945059862",
        "leisure": "park",
        "@geometry": "center"
      },
      "geometry": {
        "type": "Point",
        "coordinates": [
          73.0843254,
          19.1837548
        ]
      },
      "id": "way/945059862"
    },
    {
      "type": "Feature",
      "properties": {
        "@id": "way/945059863",
        "leisure": "park",
        "@geometry": "center"
      },
      "geometry": {
        "type": "Point",
        "coordinates": [
          73.084483,
          19.1823048
        ]
      },
      "id": "way/945059863"
    },
    {
      "type": "Feature",
      "properties": {
        "@id": "way/945059864",
        "leisure": "park",
        "@geometry": "center"
      },
      "geometry": {
        "type": "Point",
        "coordinates": [
          73.0861786,
          19.1820954
        ]
      },
      "id": "way/945059864"
    },
    {
      "type": "Feature",
      "properties": {
        "@id": "way/945059865",
        "leisure": "park",
        "@geometry": "center"
      },
      "geometry": {
        "type": "Point",
        "coordinates": [
          73.0874037,
          19.1819467
        ]
      },
      "id": "way/945059865"
    },
    {
      "type": "Feature",
      "properties": {
        "@id": "way/945059866",
        "leisure": "park",
        "@geometry": "center"
      },
      "geometry": {
        "type": "Point",
        "coordinates": [
          73.0867912,
          19.1820127
        ]
      },
      "id": "way/945059866"
    },
    {
      "type": "Feature",
      "properties": {
        "@id": "way/945059867",
        "leisure": "park",
        "@geometry": "center"
      },
      "geometry": {
        "type": "Point",
        "coordinates": [
          73.0853269,
          19.1821726
        ]
      },
      "id": "way/945059867"
    },
    {
      "type": "Feature",
      "properties": {
        "@id": "way/945059900",
        "leisure": "park",
        "@geometry": "center"
      },
      "geometry": {
        "type": "Point",
        "coordinates": [
          73.0852413,
          19.184134
        ]
      },
      "id": "way/945059900"
    },
    {
      "type": "Feature",
      "properties": {
        "@id": "way/945059961",
        "leisure": "park",
        "name": "Charkop Garden",
        "@geometry": "center"
      },
      "geometry": {
        "type": "Point",
        "coordinates": [
          72.8267401,
          19.1970158
        ]
      },
      "id": "way/945059961"
    },
    {
      "type": "Feature",
      "properties": {
        "@id": "way/945434981",
        "leisure": "park",
        "@geometry": "center"
      },
      "geometry": {
        "type": "Point",
        "coordinates": [
          73.0838737,
          19.1822766
        ]
      },
      "id": "way/945434981"
    },
    {
      "type": "Feature",
      "properties": {
        "@id": "way/946111450",
        "leisure": "park",
        "@geometry": "center"
      },
      "geometry": {
        "type": "Point",
        "coordinates": [
          72.9921324,
          19.2072485
        ]
      },
      "id": "way/946111450"
    },
    {
      "type": "Feature",
      "properties": {
        "@id": "way/946111452",
        "leisure": "park",
        "@geometry": "center"
      },
      "geometry": {
        "type": "Point",
        "coordinates": [
          72.9921693,
          19.2080757
        ]
      },
      "id": "way/946111452"
    },
    {
      "type": "Feature",
      "properties": {
        "@id": "way/946111457",
        "leisure": "park",
        "@geometry": "center"
      },
      "geometry": {
        "type": "Point",
        "coordinates": [
          72.9913345,
          19.2062799
        ]
      },
      "id": "way/946111457"
    },
    {
      "type": "Feature",
      "properties": {
        "@id": "way/946111463",
        "leisure": "park",
        "@geometry": "center"
      },
      "geometry": {
        "type": "Point",
        "coordinates": [
          72.9877981,
          19.2092613
        ]
      },
      "id": "way/946111463"
    },
    {
      "type": "Feature",
      "properties": {
        "@id": "way/946111464",
        "leisure": "park",
        "@geometry": "center"
      },
      "geometry": {
        "type": "Point",
        "coordinates": [
          72.9866047,
          19.2090445
        ]
      },
      "id": "way/946111464"
    },
    {
      "type": "Feature",
      "properties": {
        "@id": "way/946111468",
        "leisure": "park",
        "@geometry": "center"
      },
      "geometry": {
        "type": "Point",
        "coordinates": [
          72.988073,
          19.2080641
        ]
      },
      "id": "way/946111468"
    },
    {
      "type": "Feature",
      "properties": {
        "@id": "way/946111470",
        "leisure": "park",
        "@geometry": "center"
      },
      "geometry": {
        "type": "Point",
        "coordinates": [
          72.9877141,
          19.2057047
        ]
      },
      "id": "way/946111470"
    },
    {
      "type": "Feature",
      "properties": {
        "@id": "way/946111471",
        "leisure": "park",
        "@geometry": "center"
      },
      "geometry": {
        "type": "Point",
        "coordinates": [
          72.9882736,
          19.205867
        ]
      },
      "id": "way/946111471"
    },
    {
      "type": "Feature",
      "properties": {
        "@id": "way/946542552",
        "leisure": "park",
        "@geometry": "center"
      },
      "geometry": {
        "type": "Point",
        "coordinates": [
          72.9780358,
          19.2304561
        ]
      },
      "id": "way/946542552"
    },
    {
      "type": "Feature",
      "properties": {
        "@id": "way/946542573",
        "leisure": "park",
        "@geometry": "center"
      },
      "geometry": {
        "type": "Point",
        "coordinates": [
          72.9934204,
          19.2128201
        ]
      },
      "id": "way/946542573"
    },
    {
      "type": "Feature",
      "properties": {
        "@id": "way/946542590",
        "leisure": "park",
        "@geometry": "center"
      },
      "geometry": {
        "type": "Point",
        "coordinates": [
          72.9970043,
          19.2269191
        ]
      },
      "id": "way/946542590"
    },
    {
      "type": "Feature",
      "properties": {
        "@id": "way/946542602",
        "leisure": "park",
        "@geometry": "center"
      },
      "geometry": {
        "type": "Point",
        "coordinates": [
          72.994235,
          19.2266214
        ]
      },
      "id": "way/946542602"
    },
    {
      "type": "Feature",
      "properties": {
        "@id": "way/946761591",
        "leisure": "park",
        "@geometry": "center"
      },
      "geometry": {
        "type": "Point",
        "coordinates": [
          72.9653658,
          19.2059279
        ]
      },
      "id": "way/946761591"
    },
    {
      "type": "Feature",
      "properties": {
        "@id": "way/946927775",
        "leisure": "park",
        "@geometry": "center"
      },
      "geometry": {
        "type": "Point",
        "coordinates": [
          73.1502154,
          18.9552252
        ]
      },
      "id": "way/946927775"
    },
    {
      "type": "Feature",
      "properties": {
        "@id": "way/946927777",
        "leisure": "park",
        "@geometry": "center"
      },
      "geometry": {
        "type": "Point",
        "coordinates": [
          73.1484308,
          18.9518746
        ]
      },
      "id": "way/946927777"
    },
    {
      "type": "Feature",
      "properties": {
        "@id": "way/946927778",
        "leisure": "park",
        "@geometry": "center"
      },
      "geometry": {
        "type": "Point",
        "coordinates": [
          73.1478269,
          18.9519274
        ]
      },
      "id": "way/946927778"
    },
    {
      "type": "Feature",
      "properties": {
        "@id": "way/946927779",
        "leisure": "park",
        "@geometry": "center"
      },
      "geometry": {
        "type": "Point",
        "coordinates": [
          73.1495194,
          18.9525438
        ]
      },
      "id": "way/946927779"
    },
    {
      "type": "Feature",
      "properties": {
        "@id": "way/946927780",
        "leisure": "park",
        "@geometry": "center"
      },
      "geometry": {
        "type": "Point",
        "coordinates": [
          73.1501524,
          18.9531045
        ]
      },
      "id": "way/946927780"
    },
    {
      "type": "Feature",
      "properties": {
        "@id": "way/946927820",
        "leisure": "park",
        "@geometry": "center"
      },
      "geometry": {
        "type": "Point",
        "coordinates": [
          72.8186307,
          19.2125177
        ]
      },
      "id": "way/946927820"
    },
    {
      "type": "Feature",
      "properties": {
        "@id": "way/946927831",
        "leisure": "park",
        "@geometry": "center"
      },
      "geometry": {
        "type": "Point",
        "coordinates": [
          72.8148843,
          19.2026806
        ]
      },
      "id": "way/946927831"
    },
    {
      "type": "Feature",
      "properties": {
        "@id": "way/946927832",
        "leisure": "park",
        "@geometry": "center"
      },
      "geometry": {
        "type": "Point",
        "coordinates": [
          72.815217,
          19.2019485
        ]
      },
      "id": "way/946927832"
    },
    {
      "type": "Feature",
      "properties": {
        "@id": "way/946927867",
        "leisure": "park",
        "@geometry": "center"
      },
      "geometry": {
        "type": "Point",
        "coordinates": [
          72.8223043,
          19.2031263
        ]
      },
      "id": "way/946927867"
    },
    {
      "type": "Feature",
      "properties": {
        "@id": "way/946927878",
        "leisure": "park",
        "@geometry": "center"
      },
      "geometry": {
        "type": "Point",
        "coordinates": [
          72.8200657,
          19.2025872
        ]
      },
      "id": "way/946927878"
    },
    {
      "type": "Feature",
      "properties": {
        "@id": "way/947377797",
        "leisure": "park",
        "@geometry": "center"
      },
      "geometry": {
        "type": "Point",
        "coordinates": [
          72.9702323,
          19.2669244
        ]
      },
      "id": "way/947377797"
    },
    {
      "type": "Feature",
      "properties": {
        "@id": "way/947377812",
        "leisure": "park",
        "@geometry": "center"
      },
      "geometry": {
        "type": "Point",
        "coordinates": [
          72.9709989,
          19.2663382
        ]
      },
      "id": "way/947377812"
    },
    {
      "type": "Feature",
      "properties": {
        "@id": "way/948236457",
        "leisure": "park",
        "@geometry": "center"
      },
      "geometry": {
        "type": "Point",
        "coordinates": [
          72.9424634,
          19.234384
        ]
      },
      "id": "way/948236457"
    },
    {
      "type": "Feature",
      "properties": {
        "@id": "way/948236583",
        "leisure": "park",
        "@geometry": "center"
      },
      "geometry": {
        "type": "Point",
        "coordinates": [
          72.9931855,
          19.1835559
        ]
      },
      "id": "way/948236583"
    },
    {
      "type": "Feature",
      "properties": {
        "@id": "way/948398283",
        "leisure": "park",
        "name": "Acton Square",
        "@geometry": "center"
      },
      "geometry": {
        "type": "Point",
        "coordinates": [
          72.982242,
          19.2613835
        ]
      },
      "id": "way/948398283"
    },
    {
      "type": "Feature",
      "properties": {
        "@id": "way/948398289",
        "leisure": "park",
        "@geometry": "center"
      },
      "geometry": {
        "type": "Point",
        "coordinates": [
          72.9891247,
          19.2582327
        ]
      },
      "id": "way/948398289"
    },
    {
      "type": "Feature",
      "properties": {
        "@id": "way/948434317",
        "leisure": "park",
        "@geometry": "center"
      },
      "geometry": {
        "type": "Point",
        "coordinates": [
          72.9822421,
          19.2305307
        ]
      },
      "id": "way/948434317"
    },
    {
      "type": "Feature",
      "properties": {
        "@id": "way/948434318",
        "leisure": "park",
        "@geometry": "center"
      },
      "geometry": {
        "type": "Point",
        "coordinates": [
          72.9820442,
          19.2299857
        ]
      },
      "id": "way/948434318"
    },
    {
      "type": "Feature",
      "properties": {
        "@id": "way/948483510",
        "leisure": "park",
        "@geometry": "center"
      },
      "geometry": {
        "type": "Point",
        "coordinates": [
          72.9849691,
          19.2558194
        ]
      },
      "id": "way/948483510"
    },
    {
      "type": "Feature",
      "properties": {
        "@id": "way/948483533",
        "leisure": "park",
        "@geometry": "center"
      },
      "geometry": {
        "type": "Point",
        "coordinates": [
          72.9742461,
          19.2530698
        ]
      },
      "id": "way/948483533"
    },
    {
      "type": "Feature",
      "properties": {
        "@id": "way/948969298",
        "leisure": "park",
        "@geometry": "center"
      },
      "geometry": {
        "type": "Point",
        "coordinates": [
          72.987984,
          19.2112946
        ]
      },
      "id": "way/948969298"
    },
    {
      "type": "Feature",
      "properties": {
        "@id": "way/948969321",
        "leisure": "park",
        "@geometry": "center"
      },
      "geometry": {
        "type": "Point",
        "coordinates": [
          72.9935592,
          19.2218882
        ]
      },
      "id": "way/948969321"
    },
    {
      "type": "Feature",
      "properties": {
        "@id": "way/948969328",
        "leisure": "park",
        "@geometry": "center"
      },
      "geometry": {
        "type": "Point",
        "coordinates": [
          72.9942134,
          19.2217198
        ]
      },
      "id": "way/948969328"
    },
    {
      "type": "Feature",
      "properties": {
        "@id": "way/950095647",
        "leisure": "park",
        "name": "PRABODHAN THAKREY GARDEN",
        "@geometry": "center"
      },
      "geometry": {
        "type": "Point",
        "coordinates": [
          72.9940832,
          19.1526915
        ]
      },
      "id": "way/950095647"
    },
    {
      "type": "Feature",
      "properties": {
        "@id": "way/950104855",
        "leisure": "park",
        "@geometry": "center"
      },
      "geometry": {
        "type": "Point",
        "coordinates": [
          72.9974735,
          19.1561328
        ]
      },
      "id": "way/950104855"
    },
    {
      "type": "Feature",
      "properties": {
        "@id": "way/951289352",
        "leisure": "park",
        "@geometry": "center"
      },
      "geometry": {
        "type": "Point",
        "coordinates": [
          72.9972917,
          19.153906
        ]
      },
      "id": "way/951289352"
    },
    {
      "type": "Feature",
      "properties": {
        "@id": "way/951289355",
        "addr:street": "Goregaon Mulund Link road",
        "leisure": "park",
        "name": "Nakshatra Udyan",
        "@geometry": "center"
      },
      "geometry": {
        "type": "Point",
        "coordinates": [
          72.9909087,
          19.1518774
        ]
      },
      "id": "way/951289355"
    },
    {
      "type": "Feature",
      "properties": {
        "@id": "way/951303234",
        "leisure": "park",
        "name": "CIDCO Park",
        "@geometry": "center"
      },
      "geometry": {
        "type": "Point",
        "coordinates": [
          73.110127,
          19.010187
        ]
      },
      "id": "way/951303234"
    },
    {
      "type": "Feature",
      "properties": {
        "@id": "way/951659143",
        "leisure": "park",
        "@geometry": "center"
      },
      "geometry": {
        "type": "Point",
        "coordinates": [
          72.9683007,
          19.2585598
        ]
      },
      "id": "way/951659143"
    },
    {
      "type": "Feature",
      "properties": {
        "@id": "way/951948778",
        "leisure": "park",
        "@geometry": "center"
      },
      "geometry": {
        "type": "Point",
        "coordinates": [
          72.8267379,
          19.0766312
        ]
      },
      "id": "way/951948778"
    },
    {
      "type": "Feature",
      "properties": {
        "@id": "way/952267778",
        "leisure": "park",
        "@geometry": "center"
      },
      "geometry": {
        "type": "Point",
        "coordinates": [
          72.873909,
          19.0728587
        ]
      },
      "id": "way/952267778"
    },
    {
      "type": "Feature",
      "properties": {
        "@id": "way/952368640",
        "leisure": "park",
        "@geometry": "center"
      },
      "geometry": {
        "type": "Point",
        "coordinates": [
          72.9608984,
          19.1781996
        ]
      },
      "id": "way/952368640"
    },
    {
      "type": "Feature",
      "properties": {
        "@id": "way/952462005",
        "leisure": "park",
        "name": "Gaimukh Chowpatty",
        "operator": "Thane Muncipal Corporation",
        "@geometry": "center"
      },
      "geometry": {
        "type": "Point",
        "coordinates": [
          72.9418796,
          19.2886907
        ]
      },
      "id": "way/952462005"
    },
    {
      "type": "Feature",
      "properties": {
        "@id": "way/954161789",
        "leisure": "park",
        "@geometry": "center"
      },
      "geometry": {
        "type": "Point",
        "coordinates": [
          72.9600753,
          19.2170067
        ]
      },
      "id": "way/954161789"
    },
    {
      "type": "Feature",
      "properties": {
        "@id": "way/956061067",
        "leisure": "park",
        "@geometry": "center"
      },
      "geometry": {
        "type": "Point",
        "coordinates": [
          73.0395774,
          19.1505654
        ]
      },
      "id": "way/956061067"
    },
    {
      "type": "Feature",
      "properties": {
        "@id": "way/956061087",
        "leisure": "park",
        "@geometry": "center"
      },
      "geometry": {
        "type": "Point",
        "coordinates": [
          73.0345337,
          19.1551529
        ]
      },
      "id": "way/956061087"
    },
    {
      "type": "Feature",
      "properties": {
        "@id": "way/956061093",
        "leisure": "park",
        "@geometry": "center"
      },
      "geometry": {
        "type": "Point",
        "coordinates": [
          73.0370037,
          19.1524507
        ]
      },
      "id": "way/956061093"
    },
    {
      "type": "Feature",
      "properties": {
        "@id": "way/956061098",
        "leisure": "park",
        "@geometry": "center"
      },
      "geometry": {
        "type": "Point",
        "coordinates": [
          73.0371553,
          19.1528523
        ]
      },
      "id": "way/956061098"
    },
    {
      "type": "Feature",
      "properties": {
        "@id": "way/956061105",
        "leisure": "park",
        "@geometry": "center"
      },
      "geometry": {
        "type": "Point",
        "coordinates": [
          73.0364201,
          19.154039
        ]
      },
      "id": "way/956061105"
    },
    {
      "type": "Feature",
      "properties": {
        "@id": "way/956192794",
        "addr:street": "Lady Jehangir Road",
        "leisure": "park",
        "name": "Garden A, Five Gardens",
        "@geometry": "center"
      },
      "geometry": {
        "type": "Point",
        "coordinates": [
          72.853123,
          19.0201621
        ]
      },
      "id": "way/956192794"
    },
    {
      "type": "Feature",
      "properties": {
        "@id": "way/956192851",
        "addr:city": "Mumbai",
        "addr:postcode": "400019",
        "addr:street": "Lady Jehangir Road",
        "leisure": "park",
        "name": "Garden B, Five Gardens",
        "@geometry": "center"
      },
      "geometry": {
        "type": "Point",
        "coordinates": [
          72.8535133,
          19.0207317
        ]
      },
      "id": "way/956192851"
    },
    {
      "type": "Feature",
      "properties": {
        "@id": "way/956193101",
        "addr:city": "Mumbai",
        "addr:postcode": "400014",
        "addr:street": "Lady Jehangir Road",
        "leisure": "park",
        "name": "Garden D, Five Gardens",
        "operator": "un",
        "@geometry": "center"
      },
      "geometry": {
        "type": "Point",
        "coordinates": [
          72.8537901,
          19.0195494
        ]
      },
      "id": "way/956193101"
    },
    {
      "type": "Feature",
      "properties": {
        "@id": "way/956365028",
        "leisure": "park",
        "@geometry": "center"
      },
      "geometry": {
        "type": "Point",
        "coordinates": [
          73.045939,
          19.1446871
        ]
      },
      "id": "way/956365028"
    },
    {
      "type": "Feature",
      "properties": {
        "@id": "way/956365035",
        "leisure": "park",
        "@geometry": "center"
      },
      "geometry": {
        "type": "Point",
        "coordinates": [
          73.0458124,
          19.1449326
        ]
      },
      "id": "way/956365035"
    },
    {
      "type": "Feature",
      "properties": {
        "@id": "way/956365046",
        "leisure": "park",
        "@geometry": "center"
      },
      "geometry": {
        "type": "Point",
        "coordinates": [
          73.0509221,
          19.1456597
        ]
      },
      "id": "way/956365046"
    },
    {
      "type": "Feature",
      "properties": {
        "@id": "way/956365052",
        "leisure": "park",
        "@geometry": "center"
      },
      "geometry": {
        "type": "Point",
        "coordinates": [
          73.0493624,
          19.1463205
        ]
      },
      "id": "way/956365052"
    },
    {
      "type": "Feature",
      "properties": {
        "@id": "way/956365067",
        "leisure": "park",
        "@geometry": "center"
      },
      "geometry": {
        "type": "Point",
        "coordinates": [
          73.0412987,
          19.1443889
        ]
      },
      "id": "way/956365067"
    },
    {
      "type": "Feature",
      "properties": {
        "@id": "way/956365087",
        "leisure": "park",
        "@geometry": "center"
      },
      "geometry": {
        "type": "Point",
        "coordinates": [
          73.0304251,
          19.1701653
        ]
      },
      "id": "way/956365087"
    },
    {
      "type": "Feature",
      "properties": {
        "@id": "way/956365090",
        "leisure": "park",
        "@geometry": "center"
      },
      "geometry": {
        "type": "Point",
        "coordinates": [
          73.0307713,
          19.1691862
        ]
      },
      "id": "way/956365090"
    },
    {
      "type": "Feature",
      "properties": {
        "@id": "way/956385803",
        "leisure": "park",
        "@geometry": "center"
      },
      "geometry": {
        "type": "Point",
        "coordinates": [
          73.0236852,
          19.1629412
        ]
      },
      "id": "way/956385803"
    },
    {
      "type": "Feature",
      "properties": {
        "@id": "way/956385804",
        "leisure": "park",
        "@geometry": "center"
      },
      "geometry": {
        "type": "Point",
        "coordinates": [
          73.024035,
          19.16285
        ]
      },
      "id": "way/956385804"
    },
    {
      "type": "Feature",
      "properties": {
        "@id": "way/956683870",
        "leisure": "park",
        "@geometry": "center"
      },
      "geometry": {
        "type": "Point",
        "coordinates": [
          73.0450951,
          19.1692645
        ]
      },
      "id": "way/956683870"
    },
    {
      "type": "Feature",
      "properties": {
        "@id": "way/956683873",
        "leisure": "park",
        "@geometry": "center"
      },
      "geometry": {
        "type": "Point",
        "coordinates": [
          73.0478664,
          19.1612644
        ]
      },
      "id": "way/956683873"
    },
    {
      "type": "Feature",
      "properties": {
        "@id": "way/956683875",
        "leisure": "park",
        "@geometry": "center"
      },
      "geometry": {
        "type": "Point",
        "coordinates": [
          73.0485289,
          19.1609654
        ]
      },
      "id": "way/956683875"
    },
    {
      "type": "Feature",
      "properties": {
        "@id": "way/956683884",
        "leisure": "park",
        "@geometry": "center"
      },
      "geometry": {
        "type": "Point",
        "coordinates": [
          73.0490105,
          19.1619106
        ]
      },
      "id": "way/956683884"
    },
    {
      "type": "Feature",
      "properties": {
        "@id": "way/956683885",
        "leisure": "park",
        "@geometry": "center"
      },
      "geometry": {
        "type": "Point",
        "coordinates": [
          73.0491042,
          19.1610506
        ]
      },
      "id": "way/956683885"
    },
    {
      "type": "Feature",
      "properties": {
        "@id": "way/956683916",
        "leisure": "park",
        "@geometry": "center"
      },
      "geometry": {
        "type": "Point",
        "coordinates": [
          73.045785,
          19.1614639
        ]
      },
      "id": "way/956683916"
    },
    {
      "type": "Feature",
      "properties": {
        "@id": "way/956683918",
        "leisure": "park",
        "@geometry": "center"
      },
      "geometry": {
        "type": "Point",
        "coordinates": [
          73.0470853,
          19.1628295
        ]
      },
      "id": "way/956683918"
    },
    {
      "type": "Feature",
      "properties": {
        "@id": "way/956683927",
        "leisure": "park",
        "@geometry": "center"
      },
      "geometry": {
        "type": "Point",
        "coordinates": [
          73.0453049,
          19.1634071
        ]
      },
      "id": "way/956683927"
    },
    {
      "type": "Feature",
      "properties": {
        "@id": "way/956683931",
        "leisure": "park",
        "@geometry": "center"
      },
      "geometry": {
        "type": "Point",
        "coordinates": [
          73.0437169,
          19.1638844
        ]
      },
      "id": "way/956683931"
    },
    {
      "type": "Feature",
      "properties": {
        "@id": "way/956683932",
        "leisure": "park",
        "@geometry": "center"
      },
      "geometry": {
        "type": "Point",
        "coordinates": [
          73.0439,
          19.1648867
        ]
      },
      "id": "way/956683932"
    },
    {
      "type": "Feature",
      "properties": {
        "@id": "way/956683953",
        "leisure": "park",
        "@geometry": "center"
      },
      "geometry": {
        "type": "Point",
        "coordinates": [
          73.0456207,
          19.1693378
        ]
      },
      "id": "way/956683953"
    },
    {
      "type": "Feature",
      "properties": {
        "@id": "way/956683955",
        "leisure": "park",
        "@geometry": "center"
      },
      "geometry": {
        "type": "Point",
        "coordinates": [
          73.0451799,
          19.1698107
        ]
      },
      "id": "way/956683955"
    },
    {
      "type": "Feature",
      "properties": {
        "@id": "way/956683956",
        "leisure": "park",
        "@geometry": "center"
      },
      "geometry": {
        "type": "Point",
        "coordinates": [
          73.044995,
          19.1699378
        ]
      },
      "id": "way/956683956"
    },
    {
      "type": "Feature",
      "properties": {
        "@id": "way/956683957",
        "leisure": "park",
        "@geometry": "center"
      },
      "geometry": {
        "type": "Point",
        "coordinates": [
          73.0450527,
          19.1696315
        ]
      },
      "id": "way/956683957"
    },
    {
      "type": "Feature",
      "properties": {
        "@id": "way/956683958",
        "leisure": "park",
        "@geometry": "center"
      },
      "geometry": {
        "type": "Point",
        "coordinates": [
          73.0454591,
          19.1698841
        ]
      },
      "id": "way/956683958"
    },
    {
      "type": "Feature",
      "properties": {
        "@id": "way/957214399",
        "leisure": "park",
        "@geometry": "center"
      },
      "geometry": {
        "type": "Point",
        "coordinates": [
          72.9634936,
          19.2691994
        ]
      },
      "id": "way/957214399"
    },
    {
      "type": "Feature",
      "properties": {
        "@id": "way/957214402",
        "leisure": "park",
        "@geometry": "center"
      },
      "geometry": {
        "type": "Point",
        "coordinates": [
          72.9650032,
          19.2694866
        ]
      },
      "id": "way/957214402"
    },
    {
      "type": "Feature",
      "properties": {
        "@id": "way/957214405",
        "leisure": "park",
        "@geometry": "center"
      },
      "geometry": {
        "type": "Point",
        "coordinates": [
          72.9647016,
          19.2692251
        ]
      },
      "id": "way/957214405"
    },
    {
      "type": "Feature",
      "properties": {
        "@id": "way/957214406",
        "leisure": "park",
        "@geometry": "center"
      },
      "geometry": {
        "type": "Point",
        "coordinates": [
          72.9637936,
          19.2695404
        ]
      },
      "id": "way/957214406"
    },
    {
      "type": "Feature",
      "properties": {
        "@id": "way/957214408",
        "leisure": "park",
        "@geometry": "center"
      },
      "geometry": {
        "type": "Point",
        "coordinates": [
          72.9637442,
          19.2699457
        ]
      },
      "id": "way/957214408"
    },
    {
      "type": "Feature",
      "properties": {
        "@id": "way/957214411",
        "leisure": "park",
        "@geometry": "center"
      },
      "geometry": {
        "type": "Point",
        "coordinates": [
          72.9632941,
          19.2685074
        ]
      },
      "id": "way/957214411"
    },
    {
      "type": "Feature",
      "properties": {
        "@id": "way/957214412",
        "leisure": "park",
        "@geometry": "center"
      },
      "geometry": {
        "type": "Point",
        "coordinates": [
          72.9637134,
          19.2684019
        ]
      },
      "id": "way/957214412"
    },
    {
      "type": "Feature",
      "properties": {
        "@id": "way/957214419",
        "leisure": "park",
        "@geometry": "center"
      },
      "geometry": {
        "type": "Point",
        "coordinates": [
          72.9632567,
          19.2702714
        ]
      },
      "id": "way/957214419"
    },
    {
      "type": "Feature",
      "properties": {
        "@id": "way/957214424",
        "leisure": "park",
        "@geometry": "center"
      },
      "geometry": {
        "type": "Point",
        "coordinates": [
          72.9601424,
          19.2731733
        ]
      },
      "id": "way/957214424"
    },
    {
      "type": "Feature",
      "properties": {
        "@id": "way/957214448",
        "leisure": "park",
        "@geometry": "center"
      },
      "geometry": {
        "type": "Point",
        "coordinates": [
          72.9622438,
          19.2715389
        ]
      },
      "id": "way/957214448"
    },
    {
      "type": "Feature",
      "properties": {
        "@id": "way/957266384",
        "leisure": "park",
        "@geometry": "center"
      },
      "geometry": {
        "type": "Point",
        "coordinates": [
          72.9746045,
          19.2673954
        ]
      },
      "id": "way/957266384"
    },
    {
      "type": "Feature",
      "properties": {
        "@id": "way/957266386",
        "leisure": "park",
        "@geometry": "center"
      },
      "geometry": {
        "type": "Point",
        "coordinates": [
          72.972502,
          19.2663695
        ]
      },
      "id": "way/957266386"
    },
    {
      "type": "Feature",
      "properties": {
        "@id": "way/957266390",
        "leisure": "park",
        "@geometry": "center"
      },
      "geometry": {
        "type": "Point",
        "coordinates": [
          72.9700089,
          19.2673697
        ]
      },
      "id": "way/957266390"
    },
    {
      "type": "Feature",
      "properties": {
        "@id": "way/957266392",
        "leisure": "park",
        "@geometry": "center"
      },
      "geometry": {
        "type": "Point",
        "coordinates": [
          72.9697525,
          19.2676258
        ]
      },
      "id": "way/957266392"
    },
    {
      "type": "Feature",
      "properties": {
        "@id": "way/957266401",
        "leisure": "park",
        "@geometry": "center"
      },
      "geometry": {
        "type": "Point",
        "coordinates": [
          72.9720569,
          19.2728418
        ]
      },
      "id": "way/957266401"
    },
    {
      "type": "Feature",
      "properties": {
        "@id": "way/957266412",
        "leisure": "park",
        "@geometry": "center"
      },
      "geometry": {
        "type": "Point",
        "coordinates": [
          72.9705584,
          19.2727954
        ]
      },
      "id": "way/957266412"
    },
    {
      "type": "Feature",
      "properties": {
        "@id": "way/957266427",
        "leisure": "park",
        "@geometry": "center"
      },
      "geometry": {
        "type": "Point",
        "coordinates": [
          72.9693219,
          19.2700135
        ]
      },
      "id": "way/957266427"
    },
    {
      "type": "Feature",
      "properties": {
        "@id": "way/957445410",
        "leisure": "park",
        "@geometry": "center"
      },
      "geometry": {
        "type": "Point",
        "coordinates": [
          73.062876,
          19.1812077
        ]
      },
      "id": "way/957445410"
    },
    {
      "type": "Feature",
      "properties": {
        "@id": "way/957445411",
        "leisure": "park",
        "@geometry": "center"
      },
      "geometry": {
        "type": "Point",
        "coordinates": [
          73.0630624,
          19.1806612
        ]
      },
      "id": "way/957445411"
    },
    {
      "type": "Feature",
      "properties": {
        "@id": "way/957445440",
        "leisure": "park",
        "@geometry": "center"
      },
      "geometry": {
        "type": "Point",
        "coordinates": [
          73.1176279,
          19.204137
        ]
      },
      "id": "way/957445440"
    },
    {
      "type": "Feature",
      "properties": {
        "@id": "way/957445441",
        "leisure": "park",
        "@geometry": "center"
      },
      "geometry": {
        "type": "Point",
        "coordinates": [
          73.118667,
          19.2038697
        ]
      },
      "id": "way/957445441"
    },
    {
      "type": "Feature",
      "properties": {
        "@id": "way/957445442",
        "leisure": "park",
        "@geometry": "center"
      },
      "geometry": {
        "type": "Point",
        "coordinates": [
          73.1205334,
          19.202407
        ]
      },
      "id": "way/957445442"
    },
    {
      "type": "Feature",
      "properties": {
        "@id": "way/957445444",
        "leisure": "park",
        "@geometry": "center"
      },
      "geometry": {
        "type": "Point",
        "coordinates": [
          73.1200429,
          19.2032467
        ]
      },
      "id": "way/957445444"
    },
    {
      "type": "Feature",
      "properties": {
        "@id": "way/957830587",
        "leisure": "park",
        "@geometry": "center"
      },
      "geometry": {
        "type": "Point",
        "coordinates": [
          73.125094,
          18.9655125
        ]
      },
      "id": "way/957830587"
    },
    {
      "type": "Feature",
      "properties": {
        "@id": "way/957830588",
        "leisure": "park",
        "@geometry": "center"
      },
      "geometry": {
        "type": "Point",
        "coordinates": [
          73.1265782,
          18.9655292
        ]
      },
      "id": "way/957830588"
    },
    {
      "type": "Feature",
      "properties": {
        "@id": "way/957830611",
        "leisure": "park",
        "@geometry": "center"
      },
      "geometry": {
        "type": "Point",
        "coordinates": [
          73.1142859,
          18.9780984
        ]
      },
      "id": "way/957830611"
    },
    {
      "type": "Feature",
      "properties": {
        "@id": "way/957830640",
        "leisure": "park",
        "@geometry": "center"
      },
      "geometry": {
        "type": "Point",
        "coordinates": [
          73.0615755,
          19.1583412
        ]
      },
      "id": "way/957830640"
    },
    {
      "type": "Feature",
      "properties": {
        "@id": "way/957830641",
        "leisure": "park",
        "@geometry": "center"
      },
      "geometry": {
        "type": "Point",
        "coordinates": [
          73.0618286,
          19.1594434
        ]
      },
      "id": "way/957830641"
    },
    {
      "type": "Feature",
      "properties": {
        "@id": "way/957830642",
        "leisure": "park",
        "@geometry": "center"
      },
      "geometry": {
        "type": "Point",
        "coordinates": [
          73.0622616,
          19.1589209
        ]
      },
      "id": "way/957830642"
    },
    {
      "type": "Feature",
      "properties": {
        "@id": "way/957916180",
        "leisure": "park",
        "@geometry": "center"
      },
      "geometry": {
        "type": "Point",
        "coordinates": [
          72.9724371,
          19.2646007
        ]
      },
      "id": "way/957916180"
    },
    {
      "type": "Feature",
      "properties": {
        "@id": "way/958167564",
        "leisure": "park",
        "@geometry": "center"
      },
      "geometry": {
        "type": "Point",
        "coordinates": [
          73.0578747,
          19.1463908
        ]
      },
      "id": "way/958167564"
    },
    {
      "type": "Feature",
      "properties": {
        "@id": "way/958167565",
        "leisure": "park",
        "@geometry": "center"
      },
      "geometry": {
        "type": "Point",
        "coordinates": [
          73.0576372,
          19.1460937
        ]
      },
      "id": "way/958167565"
    },
    {
      "type": "Feature",
      "properties": {
        "@id": "way/958167600",
        "leisure": "park",
        "@geometry": "center"
      },
      "geometry": {
        "type": "Point",
        "coordinates": [
          73.0635566,
          19.1544431
        ]
      },
      "id": "way/958167600"
    },
    {
      "type": "Feature",
      "properties": {
        "@id": "way/958167610",
        "leisure": "park",
        "@geometry": "center"
      },
      "geometry": {
        "type": "Point",
        "coordinates": [
          73.0632328,
          19.1542965
        ]
      },
      "id": "way/958167610"
    },
    {
      "type": "Feature",
      "properties": {
        "@id": "way/958167611",
        "leisure": "park",
        "@geometry": "center"
      },
      "geometry": {
        "type": "Point",
        "coordinates": [
          73.0626971,
          19.1540004
        ]
      },
      "id": "way/958167611"
    },
    {
      "type": "Feature",
      "properties": {
        "@id": "way/958167612",
        "leisure": "park",
        "@geometry": "center"
      },
      "geometry": {
        "type": "Point",
        "coordinates": [
          73.0630762,
          19.1548593
        ]
      },
      "id": "way/958167612"
    },
    {
      "type": "Feature",
      "properties": {
        "@id": "way/958213081",
        "leisure": "park",
        "@geometry": "center"
      },
      "geometry": {
        "type": "Point",
        "coordinates": [
          73.0447871,
          19.1449851
        ]
      },
      "id": "way/958213081"
    },
    {
      "type": "Feature",
      "properties": {
        "@id": "way/958213082",
        "leisure": "park",
        "@geometry": "center"
      },
      "geometry": {
        "type": "Point",
        "coordinates": [
          73.0449037,
          19.1453983
        ]
      },
      "id": "way/958213082"
    },
    {
      "type": "Feature",
      "properties": {
        "@id": "way/958213118",
        "leisure": "park",
        "@geometry": "center"
      },
      "geometry": {
        "type": "Point",
        "coordinates": [
          73.0538071,
          19.1498787
        ]
      },
      "id": "way/958213118"
    },
    {
      "type": "Feature",
      "properties": {
        "@id": "way/958539352",
        "leisure": "park",
        "@geometry": "center"
      },
      "geometry": {
        "type": "Point",
        "coordinates": [
          73.0270303,
          19.1578282
        ]
      },
      "id": "way/958539352"
    },
    {
      "type": "Feature",
      "properties": {
        "@id": "way/958539367",
        "landuse": "residential",
        "leisure": "park",
        "name": "Bluebells",
        "residential": "apartments",
        "@geometry": "center"
      },
      "geometry": {
        "type": "Point",
        "coordinates": [
          73.02758,
          19.1603944
        ]
      },
      "id": "way/958539367"
    },
    {
      "type": "Feature",
      "properties": {
        "@id": "way/958539370",
        "leisure": "park",
        "@geometry": "center"
      },
      "geometry": {
        "type": "Point",
        "coordinates": [
          73.0405071,
          19.149546
        ]
      },
      "id": "way/958539370"
    },
    {
      "type": "Feature",
      "properties": {
        "@id": "way/958539376",
        "leisure": "park",
        "@geometry": "center"
      },
      "geometry": {
        "type": "Point",
        "coordinates": [
          73.0240351,
          19.1758325
        ]
      },
      "id": "way/958539376"
    },
    {
      "type": "Feature",
      "properties": {
        "@id": "way/958539377",
        "leisure": "park",
        "@geometry": "center"
      },
      "geometry": {
        "type": "Point",
        "coordinates": [
          73.0236632,
          19.1754679
        ]
      },
      "id": "way/958539377"
    },
    {
      "type": "Feature",
      "properties": {
        "@id": "way/959270759",
        "leisure": "park",
        "@geometry": "center"
      },
      "geometry": {
        "type": "Point",
        "coordinates": [
          72.8978786,
          19.1058035
        ]
      },
      "id": "way/959270759"
    },
    {
      "type": "Feature",
      "properties": {
        "@id": "way/959270760",
        "leisure": "park",
        "@geometry": "center"
      },
      "geometry": {
        "type": "Point",
        "coordinates": [
          72.8983155,
          19.105972
        ]
      },
      "id": "way/959270760"
    },
    {
      "type": "Feature",
      "properties": {
        "@id": "way/959270762",
        "leisure": "park",
        "@geometry": "center"
      },
      "geometry": {
        "type": "Point",
        "coordinates": [
          72.8981663,
          19.1054952
        ]
      },
      "id": "way/959270762"
    },
    {
      "type": "Feature",
      "properties": {
        "@id": "way/959270763",
        "leisure": "park",
        "@geometry": "center"
      },
      "geometry": {
        "type": "Point",
        "coordinates": [
          72.8982843,
          19.1052767
        ]
      },
      "id": "way/959270763"
    },
    {
      "type": "Feature",
      "properties": {
        "@id": "way/959543435",
        "leisure": "park",
        "@geometry": "center"
      },
      "geometry": {
        "type": "Point",
        "coordinates": [
          72.9089387,
          19.1185949
        ]
      },
      "id": "way/959543435"
    },
    {
      "type": "Feature",
      "properties": {
        "@id": "way/959553967",
        "leisure": "park",
        "@geometry": "center"
      },
      "geometry": {
        "type": "Point",
        "coordinates": [
          72.8961919,
          19.1070943
        ]
      },
      "id": "way/959553967"
    },
    {
      "type": "Feature",
      "properties": {
        "@id": "way/959553973",
        "leisure": "park",
        "@geometry": "center"
      },
      "geometry": {
        "type": "Point",
        "coordinates": [
          72.8973697,
          19.1074861
        ]
      },
      "id": "way/959553973"
    },
    {
      "type": "Feature",
      "properties": {
        "@id": "way/959553981",
        "leisure": "park",
        "@geometry": "center"
      },
      "geometry": {
        "type": "Point",
        "coordinates": [
          72.8989454,
          19.1072354
        ]
      },
      "id": "way/959553981"
    },
    {
      "type": "Feature",
      "properties": {
        "@id": "way/959572914",
        "leisure": "park",
        "@geometry": "center"
      },
      "geometry": {
        "type": "Point",
        "coordinates": [
          72.894727,
          19.1240429
        ]
      },
      "id": "way/959572914"
    },
    {
      "type": "Feature",
      "properties": {
        "@id": "way/959572916",
        "leisure": "park",
        "@geometry": "center"
      },
      "geometry": {
        "type": "Point",
        "coordinates": [
          72.8932424,
          19.1220103
        ]
      },
      "id": "way/959572916"
    },
    {
      "type": "Feature",
      "properties": {
        "@id": "way/959572917",
        "leisure": "park",
        "name": "MCGM Park",
        "@geometry": "center"
      },
      "geometry": {
        "type": "Point",
        "coordinates": [
          72.8942978,
          19.1222554
        ]
      },
      "id": "way/959572917"
    },
    {
      "type": "Feature",
      "properties": {
        "@id": "way/959719188",
        "leisure": "park",
        "@geometry": "center"
      },
      "geometry": {
        "type": "Point",
        "coordinates": [
          72.89984,
          19.1149011
        ]
      },
      "id": "way/959719188"
    },
    {
      "type": "Feature",
      "properties": {
        "@id": "way/959812283",
        "leisure": "park",
        "@geometry": "center"
      },
      "geometry": {
        "type": "Point",
        "coordinates": [
          72.8840169,
          19.1233768
        ]
      },
      "id": "way/959812283"
    },
    {
      "type": "Feature",
      "properties": {
        "@id": "way/960135835",
        "leisure": "park",
        "@geometry": "center"
      },
      "geometry": {
        "type": "Point",
        "coordinates": [
          72.8084485,
          19.1391532
        ]
      },
      "id": "way/960135835"
    },
    {
      "type": "Feature",
      "properties": {
        "@id": "way/960135841",
        "leisure": "park",
        "@geometry": "center"
      },
      "geometry": {
        "type": "Point",
        "coordinates": [
          72.8834115,
          19.1060739
        ]
      },
      "id": "way/960135841"
    },
    {
      "type": "Feature",
      "properties": {
        "@id": "way/960135851",
        "leisure": "park",
        "@geometry": "center"
      },
      "geometry": {
        "type": "Point",
        "coordinates": [
          72.9315892,
          19.1299067
        ]
      },
      "id": "way/960135851"
    },
    {
      "type": "Feature",
      "properties": {
        "@id": "way/960135861",
        "leisure": "park",
        "@geometry": "center"
      },
      "geometry": {
        "type": "Point",
        "coordinates": [
          72.8518847,
          19.0667244
        ]
      },
      "id": "way/960135861"
    },
    {
      "type": "Feature",
      "properties": {
        "@id": "way/960135877",
        "leisure": "park",
        "@geometry": "center"
      },
      "geometry": {
        "type": "Point",
        "coordinates": [
          72.9446858,
          19.187297
        ]
      },
      "id": "way/960135877"
    },
    {
      "type": "Feature",
      "properties": {
        "@id": "way/960182241",
        "leisure": "park",
        "name": "BMC Garden",
        "@geometry": "center"
      },
      "geometry": {
        "type": "Point",
        "coordinates": [
          72.9340193,
          19.1338332
        ]
      },
      "id": "way/960182241"
    },
    {
      "type": "Feature",
      "properties": {
        "@id": "way/960182249",
        "leisure": "park",
        "@geometry": "center"
      },
      "geometry": {
        "type": "Point",
        "coordinates": [
          72.9317793,
          19.1371259
        ]
      },
      "id": "way/960182249"
    },
    {
      "type": "Feature",
      "properties": {
        "@id": "way/960182262",
        "leisure": "park",
        "@geometry": "center"
      },
      "geometry": {
        "type": "Point",
        "coordinates": [
          72.9390412,
          19.1299909
        ]
      },
      "id": "way/960182262"
    },
    {
      "type": "Feature",
      "properties": {
        "@id": "way/960182264",
        "leisure": "park",
        "@geometry": "center"
      },
      "geometry": {
        "type": "Point",
        "coordinates": [
          72.9387531,
          19.1295053
        ]
      },
      "id": "way/960182264"
    },
    {
      "type": "Feature",
      "properties": {
        "@id": "way/960182293",
        "leisure": "park",
        "@geometry": "center"
      },
      "geometry": {
        "type": "Point",
        "coordinates": [
          72.9306969,
          19.1280013
        ]
      },
      "id": "way/960182293"
    },
    {
      "type": "Feature",
      "properties": {
        "@id": "way/960182296",
        "leisure": "park",
        "@geometry": "center"
      },
      "geometry": {
        "type": "Point",
        "coordinates": [
          72.9298469,
          19.1284175
        ]
      },
      "id": "way/960182296"
    },
    {
      "type": "Feature",
      "properties": {
        "@id": "way/960803422",
        "leisure": "park",
        "@geometry": "center"
      },
      "geometry": {
        "type": "Point",
        "coordinates": [
          72.8227975,
          19.0116716
        ]
      },
      "id": "way/960803422"
    },
    {
      "type": "Feature",
      "properties": {
        "@id": "way/960803428",
        "leisure": "park",
        "@geometry": "center"
      },
      "geometry": {
        "type": "Point",
        "coordinates": [
          72.8208974,
          19.1439639
        ]
      },
      "id": "way/960803428"
    },
    {
      "type": "Feature",
      "properties": {
        "@id": "way/960803449",
        "leisure": "park",
        "@geometry": "center"
      },
      "geometry": {
        "type": "Point",
        "coordinates": [
          72.8646416,
          19.1410362
        ]
      },
      "id": "way/960803449"
    },
    {
      "type": "Feature",
      "properties": {
        "@id": "way/961376683",
        "leisure": "park",
        "@geometry": "center"
      },
      "geometry": {
        "type": "Point",
        "coordinates": [
          72.8676742,
          19.0226196
        ]
      },
      "id": "way/961376683"
    },
    {
      "type": "Feature",
      "properties": {
        "@id": "way/961376691",
        "leisure": "park",
        "@geometry": "center"
      },
      "geometry": {
        "type": "Point",
        "coordinates": [
          72.8677116,
          19.0245622
        ]
      },
      "id": "way/961376691"
    },
    {
      "type": "Feature",
      "properties": {
        "@id": "way/961376692",
        "leisure": "park",
        "@geometry": "center"
      },
      "geometry": {
        "type": "Point",
        "coordinates": [
          72.8673555,
          19.023944
        ]
      },
      "id": "way/961376692"
    },
    {
      "type": "Feature",
      "properties": {
        "@id": "way/961376694",
        "leisure": "park",
        "@geometry": "center"
      },
      "geometry": {
        "type": "Point",
        "coordinates": [
          72.8663519,
          19.0225874
        ]
      },
      "id": "way/961376694"
    },
    {
      "type": "Feature",
      "properties": {
        "@id": "way/961376695",
        "leisure": "park",
        "@geometry": "center"
      },
      "geometry": {
        "type": "Point",
        "coordinates": [
          72.8666232,
          19.0234285
        ]
      },
      "id": "way/961376695"
    },
    {
      "type": "Feature",
      "properties": {
        "@id": "way/961376696",
        "leisure": "park",
        "@geometry": "center"
      },
      "geometry": {
        "type": "Point",
        "coordinates": [
          72.8652975,
          19.0233194
        ]
      },
      "id": "way/961376696"
    },
    {
      "type": "Feature",
      "properties": {
        "@id": "way/961376715",
        "leisure": "park",
        "@geometry": "center"
      },
      "geometry": {
        "type": "Point",
        "coordinates": [
          72.8490953,
          18.9976785
        ]
      },
      "id": "way/961376715"
    },
    {
      "type": "Feature",
      "properties": {
        "@id": "way/961376722",
        "leisure": "park",
        "@geometry": "center"
      },
      "geometry": {
        "type": "Point",
        "coordinates": [
          72.8484312,
          18.9948901
        ]
      },
      "id": "way/961376722"
    },
    {
      "type": "Feature",
      "properties": {
        "@id": "way/961376726",
        "leisure": "park",
        "@geometry": "center"
      },
      "geometry": {
        "type": "Point",
        "coordinates": [
          72.8470641,
          18.9953657
        ]
      },
      "id": "way/961376726"
    },
    {
      "type": "Feature",
      "properties": {
        "@id": "way/961376736",
        "leisure": "park",
        "@geometry": "center"
      },
      "geometry": {
        "type": "Point",
        "coordinates": [
          72.8479986,
          18.9930629
        ]
      },
      "id": "way/961376736"
    },
    {
      "type": "Feature",
      "properties": {
        "@id": "way/961657800",
        "leisure": "park",
        "@geometry": "center"
      },
      "geometry": {
        "type": "Point",
        "coordinates": [
          72.9599152,
          19.2006585
        ]
      },
      "id": "way/961657800"
    },
    {
      "type": "Feature",
      "properties": {
        "@id": "way/961785887",
        "leisure": "park",
        "name": "Pramodji Mahajan Recreation Ground",
        "@geometry": "center"
      },
      "geometry": {
        "type": "Point",
        "coordinates": [
          72.8913193,
          19.0868916
        ]
      },
      "id": "way/961785887"
    },
    {
      "type": "Feature",
      "properties": {
        "@id": "way/961786341",
        "leisure": "park",
        "name": "Gandhi Maidan",
        "@geometry": "center"
      },
      "geometry": {
        "type": "Point",
        "coordinates": [
          72.8816145,
          19.0772416
        ]
      },
      "id": "way/961786341"
    },
    {
      "type": "Feature",
      "properties": {
        "@id": "way/961788662",
        "leisure": "park",
        "name": "Bharat Ratna Indira Gandhi Udyan & Dr. Abdul Kalam Udyan",
        "name:etymology:wikidata": "Q1149; Q9513",
        "@geometry": "center"
      },
      "geometry": {
        "type": "Point",
        "coordinates": [
          72.8857558,
          19.0746634
        ]
      },
      "id": "way/961788662"
    },
    {
      "type": "Feature",
      "properties": {
        "@id": "way/961797162",
        "leisure": "park",
        "name": "Don Bosco Grounds",
        "@geometry": "center"
      },
      "geometry": {
        "type": "Point",
        "coordinates": [
          72.8889564,
          19.0818665
        ]
      },
      "id": "way/961797162"
    },
    {
      "type": "Feature",
      "properties": {
        "@id": "way/961924126",
        "access": "private",
        "fee": "no",
        "garden:type": "residential",
        "leisure": "garden",
        "@geometry": "center"
      },
      "geometry": {
        "type": "Point",
        "coordinates": [
          72.9591059,
          19.188152
        ]
      },
      "id": "way/961924126"
    },
    {
      "type": "Feature",
      "properties": {
        "@id": "way/961924133",
        "leisure": "park",
        "@geometry": "center"
      },
      "geometry": {
        "type": "Point",
        "coordinates": [
          72.9481876,
          19.19827
        ]
      },
      "id": "way/961924133"
    },
    {
      "type": "Feature",
      "properties": {
        "@id": "way/962843248",
        "access": "members",
        "leisure": "garden",
        "name": "Dadar Parsi Colony Gymkhana Childrens Playground",
        "@geometry": "center"
      },
      "geometry": {
        "type": "Point",
        "coordinates": [
          72.851162,
          19.0206359
        ]
      },
      "id": "way/962843248"
    },
    {
      "type": "Feature",
      "properties": {
        "@id": "way/963130226",
        "leisure": "park",
        "@geometry": "center"
      },
      "geometry": {
        "type": "Point",
        "coordinates": [
          72.8259563,
          19.2008317
        ]
      },
      "id": "way/963130226"
    },
    {
      "type": "Feature",
      "properties": {
        "@id": "way/963398171",
        "leisure": "garden",
        "name": "KDMC garden",
        "@geometry": "center"
      },
      "geometry": {
        "type": "Point",
        "coordinates": [
          73.0858951,
          19.2291233
        ]
      },
      "id": "way/963398171"
    },
    {
      "type": "Feature",
      "properties": {
        "@id": "way/963398172",
        "leisure": "garden",
        "name": "New KDMC garden",
        "@geometry": "center"
      },
      "geometry": {
        "type": "Point",
        "coordinates": [
          73.092512,
          19.2298736
        ]
      },
      "id": "way/963398172"
    },
    {
      "type": "Feature",
      "properties": {
        "@id": "way/963398173",
        "leisure": "garden",
        "name": "Ragai Devi Nana Nani Park",
        "@geometry": "center"
      },
      "geometry": {
        "type": "Point",
        "coordinates": [
          73.0927487,
          19.2352071
        ]
      },
      "id": "way/963398173"
    },
    {
      "type": "Feature",
      "properties": {
        "@id": "way/963409763",
        "leisure": "park",
        "@geometry": "center"
      },
      "geometry": {
        "type": "Point",
        "coordinates": [
          72.9483983,
          19.1921071
        ]
      },
      "id": "way/963409763"
    },
    {
      "type": "Feature",
      "properties": {
        "@id": "way/965152992",
        "leisure": "garden",
        "@geometry": "center"
      },
      "geometry": {
        "type": "Point",
        "coordinates": [
          73.00397,
          19.2023714
        ]
      },
      "id": "way/965152992"
    },
    {
      "type": "Feature",
      "properties": {
        "@id": "way/965155069",
        "fee": "no",
        "leisure": "garden",
        "@geometry": "center"
      },
      "geometry": {
        "type": "Point",
        "coordinates": [
          73.0014833,
          19.2030024
        ]
      },
      "id": "way/965155069"
    },
    {
      "type": "Feature",
      "properties": {
        "@id": "way/965339362",
        "addr:city": "Mumbai",
        "addr:housenumber": "003",
        "addr:postcode": "400056",
        "addr:street": "Sea Beach Road",
        "dog": "leashed",
        "leisure": "park",
        "name": "Goverment Park For Public",
        "opening_hours": "sunrise-sunset",
        "operator": "BMC",
        "@geometry": "center"
      },
      "geometry": {
        "type": "Point",
        "coordinates": [
          72.8085007,
          19.1428991
        ]
      },
      "id": "way/965339362"
    },
    {
      "type": "Feature",
      "properties": {
        "@id": "way/966204682",
        "leisure": "park",
        "@geometry": "center"
      },
      "geometry": {
        "type": "Point",
        "coordinates": [
          72.8533148,
          19.1755274
        ]
      },
      "id": "way/966204682"
    },
    {
      "type": "Feature",
      "properties": {
        "@id": "way/966204683",
        "leisure": "park",
        "@geometry": "center"
      },
      "geometry": {
        "type": "Point",
        "coordinates": [
          72.8531489,
          19.1758546
        ]
      },
      "id": "way/966204683"
    },
    {
      "type": "Feature",
      "properties": {
        "@id": "way/966700753",
        "access": "private",
        "leisure": "park",
        "@geometry": "center"
      },
      "geometry": {
        "type": "Point",
        "coordinates": [
          73.010025,
          19.2084302
        ]
      },
      "id": "way/966700753"
    },
    {
      "type": "Feature",
      "properties": {
        "@id": "way/966700764",
        "leisure": "park",
        "@geometry": "center"
      },
      "geometry": {
        "type": "Point",
        "coordinates": [
          73.0123297,
          19.2067118
        ]
      },
      "id": "way/966700764"
    },
    {
      "type": "Feature",
      "properties": {
        "@id": "way/966700765",
        "leisure": "park",
        "@geometry": "center"
      },
      "geometry": {
        "type": "Point",
        "coordinates": [
          73.0116056,
          19.2066541
        ]
      },
      "id": "way/966700765"
    },
    {
      "type": "Feature",
      "properties": {
        "@id": "way/966700771",
        "leisure": "park",
        "@geometry": "center"
      },
      "geometry": {
        "type": "Point",
        "coordinates": [
          73.0143293,
          19.2082695
        ]
      },
      "id": "way/966700771"
    },
    {
      "type": "Feature",
      "properties": {
        "@id": "way/967952865",
        "leisure": "park",
        "@geometry": "center"
      },
      "geometry": {
        "type": "Point",
        "coordinates": [
          73.0082152,
          19.0347938
        ]
      },
      "id": "way/967952865"
    },
    {
      "type": "Feature",
      "properties": {
        "@id": "way/967952866",
        "leisure": "park",
        "@geometry": "center"
      },
      "geometry": {
        "type": "Point",
        "coordinates": [
          73.0081139,
          19.0331002
        ]
      },
      "id": "way/967952866"
    },
    {
      "type": "Feature",
      "properties": {
        "@id": "way/968857341",
        "leisure": "garden",
        "@geometry": "center"
      },
      "geometry": {
        "type": "Point",
        "coordinates": [
          73.0149849,
          19.0270341
        ]
      },
      "id": "way/968857341"
    },
    {
      "type": "Feature",
      "properties": {
        "@id": "way/970137354",
        "leisure": "park",
        "@geometry": "center"
      },
      "geometry": {
        "type": "Point",
        "coordinates": [
          73.1300679,
          19.2456285
        ]
      },
      "id": "way/970137354"
    },
    {
      "type": "Feature",
      "properties": {
        "@id": "way/971314362",
        "leisure": "garden",
        "@geometry": "center"
      },
      "geometry": {
        "type": "Point",
        "coordinates": [
          73.0145066,
          19.2067649
        ]
      },
      "id": "way/971314362"
    },
    {
      "type": "Feature",
      "properties": {
        "@id": "way/971939917",
        "access": "private",
        "leisure": "park",
        "@geometry": "center"
      },
      "geometry": {
        "type": "Point",
        "coordinates": [
          72.9725472,
          19.174205
        ]
      },
      "id": "way/971939917"
    },
    {
      "type": "Feature",
      "properties": {
        "@id": "way/975036874",
        "leisure": "park",
        "@geometry": "center"
      },
      "geometry": {
        "type": "Point",
        "coordinates": [
          72.8251599,
          19.2012342
        ]
      },
      "id": "way/975036874"
    },
    {
      "type": "Feature",
      "properties": {
        "@id": "way/975036892",
        "leisure": "park",
        "@geometry": "center"
      },
      "geometry": {
        "type": "Point",
        "coordinates": [
          72.8252562,
          19.2016852
        ]
      },
      "id": "way/975036892"
    },
    {
      "type": "Feature",
      "properties": {
        "@id": "way/975036893",
        "leisure": "park",
        "@geometry": "center"
      },
      "geometry": {
        "type": "Point",
        "coordinates": [
          72.8254651,
          19.2015825
        ]
      },
      "id": "way/975036893"
    },
    {
      "type": "Feature",
      "properties": {
        "@id": "way/975036894",
        "leisure": "park",
        "@geometry": "center"
      },
      "geometry": {
        "type": "Point",
        "coordinates": [
          72.8253445,
          19.2014923
        ]
      },
      "id": "way/975036894"
    },
    {
      "type": "Feature",
      "properties": {
        "@id": "way/975036895",
        "leisure": "park",
        "@geometry": "center"
      },
      "geometry": {
        "type": "Point",
        "coordinates": [
          72.8255741,
          19.2016514
        ]
      },
      "id": "way/975036895"
    },
    {
      "type": "Feature",
      "properties": {
        "@id": "way/975036896",
        "leisure": "park",
        "@geometry": "center"
      },
      "geometry": {
        "type": "Point",
        "coordinates": [
          72.8255649,
          19.2014702
        ]
      },
      "id": "way/975036896"
    },
    {
      "type": "Feature",
      "properties": {
        "@id": "way/975036897",
        "leisure": "park",
        "@geometry": "center"
      },
      "geometry": {
        "type": "Point",
        "coordinates": [
          72.8253691,
          19.2016945
        ]
      },
      "id": "way/975036897"
    },
    {
      "type": "Feature",
      "properties": {
        "@id": "way/975036898",
        "leisure": "park",
        "@geometry": "center"
      },
      "geometry": {
        "type": "Point",
        "coordinates": [
          72.825181,
          19.2014284
        ]
      },
      "id": "way/975036898"
    },
    {
      "type": "Feature",
      "properties": {
        "@id": "way/975036899",
        "leisure": "park",
        "@geometry": "center"
      },
      "geometry": {
        "type": "Point",
        "coordinates": [
          72.825082,
          19.2013426
        ]
      },
      "id": "way/975036899"
    },
    {
      "type": "Feature",
      "properties": {
        "@id": "way/975036900",
        "leisure": "park",
        "@geometry": "center"
      },
      "geometry": {
        "type": "Point",
        "coordinates": [
          72.8253566,
          19.2013324
        ]
      },
      "id": "way/975036900"
    },
    {
      "type": "Feature",
      "properties": {
        "@id": "way/975036901",
        "leisure": "park",
        "@geometry": "center"
      },
      "geometry": {
        "type": "Point",
        "coordinates": [
          72.8252328,
          19.2011427
        ]
      },
      "id": "way/975036901"
    },
    {
      "type": "Feature",
      "properties": {
        "@id": "way/976086848",
        "leisure": "park",
        "@geometry": "center"
      },
      "geometry": {
        "type": "Point",
        "coordinates": [
          73.0050669,
          19.2473523
        ]
      },
      "id": "way/976086848"
    },
    {
      "type": "Feature",
      "properties": {
        "@id": "way/976182986",
        "access": "yes",
        "barrier": "wall",
        "leisure": "park",
        "name": "Rajabhau Salvi Udyaan",
        "@geometry": "center"
      },
      "geometry": {
        "type": "Point",
        "coordinates": [
          72.8285552,
          19.0118178
        ]
      },
      "id": "way/976182986"
    },
    {
      "type": "Feature",
      "properties": {
        "@id": "way/980230069",
        "leisure": "park",
        "@geometry": "center"
      },
      "geometry": {
        "type": "Point",
        "coordinates": [
          72.9711843,
          19.2253561
        ]
      },
      "id": "way/980230069"
    },
    {
      "type": "Feature",
      "properties": {
        "@id": "way/980677024",
        "access": "yes",
        "addr:city": "miraroad",
        "addr:postcode": "401107",
        "addr:street": "Beverly Park Road",
        "leisure": "park",
        "name": "ostwal garden",
        "@geometry": "center"
      },
      "geometry": {
        "type": "Point",
        "coordinates": [
          72.8760817,
          19.2963327
        ]
      },
      "id": "way/980677024"
    },
    {
      "type": "Feature",
      "properties": {
        "@id": "way/980994940",
        "leisure": "park",
        "@geometry": "center"
      },
      "geometry": {
        "type": "Point",
        "coordinates": [
          73.0647159,
          19.2987633
        ]
      },
      "id": "way/980994940"
    },
    {
      "type": "Feature",
      "properties": {
        "@id": "way/981956935",
        "leisure": "park",
        "name": "Central Ground",
        "@geometry": "center"
      },
      "geometry": {
        "type": "Point",
        "coordinates": [
          72.8202641,
          19.0156785
        ]
      },
      "id": "way/981956935"
    },
    {
      "type": "Feature",
      "properties": {
        "@id": "way/981956936",
        "leisure": "park",
        "@geometry": "center"
      },
      "geometry": {
        "type": "Point",
        "coordinates": [
          72.8208753,
          19.0164552
        ]
      },
      "id": "way/981956936"
    },
    {
      "type": "Feature",
      "properties": {
        "@id": "way/986123732",
        "leisure": "park",
        "@geometry": "center"
      },
      "geometry": {
        "type": "Point",
        "coordinates": [
          72.8232193,
          19.1278248
        ]
      },
      "id": "way/986123732"
    },
    {
      "type": "Feature",
      "properties": {
        "@id": "way/986768759",
        "leisure": "park",
        "name": "Seawoods Estates Rotunda",
        "@geometry": "center"
      },
      "geometry": {
        "type": "Point",
        "coordinates": [
          73.0156983,
          19.0017383
        ]
      },
      "id": "way/986768759"
    },
    {
      "type": "Feature",
      "properties": {
        "@id": "way/986768800",
        "leisure": "park",
        "@geometry": "center"
      },
      "geometry": {
        "type": "Point",
        "coordinates": [
          73.016624,
          19.0056961
        ]
      },
      "id": "way/986768800"
    },
    {
      "type": "Feature",
      "properties": {
        "@id": "way/987942384",
        "leisure": "garden",
        "@geometry": "center"
      },
      "geometry": {
        "type": "Point",
        "coordinates": [
          72.8557131,
          19.101558
        ]
      },
      "id": "way/987942384"
    },
    {
      "type": "Feature",
      "properties": {
        "@id": "way/987942385",
        "leisure": "garden",
        "@geometry": "center"
      },
      "geometry": {
        "type": "Point",
        "coordinates": [
          72.8547522,
          19.1023791
        ]
      },
      "id": "way/987942385"
    },
    {
      "type": "Feature",
      "properties": {
        "@id": "way/994875154",
        "access": "private",
        "leisure": "park",
        "@geometry": "center"
      },
      "geometry": {
        "type": "Point",
        "coordinates": [
          72.9729368,
          19.2344249
        ]
      },
      "id": "way/994875154"
    },
    {
      "type": "Feature",
      "properties": {
        "@id": "way/996025412",
        "access": "private",
        "leisure": "park",
        "@geometry": "center"
      },
      "geometry": {
        "type": "Point",
        "coordinates": [
          72.9725322,
          19.2234311
        ]
      },
      "id": "way/996025412"
    },
    {
      "type": "Feature",
      "properties": {
        "@id": "way/996259219",
        "leisure": "park",
        "name": "TMC Park",
        "@geometry": "center"
      },
      "geometry": {
        "type": "Point",
        "coordinates": [
          72.9715767,
          19.2221841
        ]
      },
      "id": "way/996259219"
    },
    {
      "type": "Feature",
      "properties": {
        "@id": "way/996699768",
        "barrier": "wall",
        "leisure": "garden",
        "@geometry": "center"
      },
      "geometry": {
        "type": "Point",
        "coordinates": [
          72.9662283,
          19.2267493
        ]
      },
      "id": "way/996699768"
    },
    {
      "type": "Feature",
      "properties": {
        "@id": "way/997273258",
        "leisure": "garden",
        "@geometry": "center"
      },
      "geometry": {
        "type": "Point",
        "coordinates": [
          72.9684113,
          19.2262285
        ]
      },
      "id": "way/997273258"
    },
    {
      "type": "Feature",
      "properties": {
        "@id": "way/997273261",
        "leisure": "garden",
        "@geometry": "center"
      },
      "geometry": {
        "type": "Point",
        "coordinates": [
          72.9693123,
          19.2267052
        ]
      },
      "id": "way/997273261"
    },
    {
      "type": "Feature",
      "properties": {
        "@id": "way/997273273",
        "leisure": "garden",
        "@geometry": "center"
      },
      "geometry": {
        "type": "Point",
        "coordinates": [
          72.9698743,
          19.2264429
        ]
      },
      "id": "way/997273273"
    },
    {
      "type": "Feature",
      "properties": {
        "@id": "way/997738264",
        "leisure": "garden",
        "@geometry": "center"
      },
      "geometry": {
        "type": "Point",
        "coordinates": [
          72.970959,
          19.2367693
        ]
      },
      "id": "way/997738264"
    },
    {
      "type": "Feature",
      "properties": {
        "@id": "way/997738266",
        "leisure": "garden",
        "@geometry": "center"
      },
      "geometry": {
        "type": "Point",
        "coordinates": [
          72.9715941,
          19.2366427
        ]
      },
      "id": "way/997738266"
    },
    {
      "type": "Feature",
      "properties": {
        "@id": "way/997738267",
        "leisure": "garden",
        "@geometry": "center"
      },
      "geometry": {
        "type": "Point",
        "coordinates": [
          72.9717753,
          19.2366233
        ]
      },
      "id": "way/997738267"
    },
    {
      "type": "Feature",
      "properties": {
        "@id": "way/997738268",
        "leisure": "garden",
        "@geometry": "center"
      },
      "geometry": {
        "type": "Point",
        "coordinates": [
          72.970602,
          19.2367518
        ]
      },
      "id": "way/997738268"
    },
    {
      "type": "Feature",
      "properties": {
        "@id": "way/997738277",
        "access": "private",
        "leisure": "park",
        "name": "Bhavani Garden",
        "@geometry": "center"
      },
      "geometry": {
        "type": "Point",
        "coordinates": [
          72.9734864,
          19.2348587
        ]
      },
      "id": "way/997738277"
    },
    {
      "type": "Feature",
      "properties": {
        "@id": "way/998001503",
        "leisure": "park",
        "@geometry": "center"
      },
      "geometry": {
        "type": "Point",
        "coordinates": [
          72.9715314,
          19.2229209
        ]
      },
      "id": "way/998001503"
    },
    {
      "type": "Feature",
      "properties": {
        "@id": "way/998001518",
        "leisure": "park",
        "@geometry": "center"
      },
      "geometry": {
        "type": "Point",
        "coordinates": [
          72.9696381,
          19.224367
        ]
      },
      "id": "way/998001518"
    },
    {
      "type": "Feature",
      "properties": {
        "@id": "way/998554477",
        "access": "private",
        "leisure": "park",
        "@geometry": "center"
      },
      "geometry": {
        "type": "Point",
        "coordinates": [
          72.9606416,
          19.2228175
        ]
      },
      "id": "way/998554477"
    },
    {
      "type": "Feature",
      "properties": {
        "@id": "way/998554497",
        "leisure": "park",
        "name": "Nana Nani Park",
        "@geometry": "center"
      },
      "geometry": {
        "type": "Point",
        "coordinates": [
          72.9595255,
          19.2252909
        ]
      },
      "id": "way/998554497"
    },
    {
      "type": "Feature",
      "properties": {
        "@id": "way/998554506",
        "leisure": "park",
        "@geometry": "center"
      },
      "geometry": {
        "type": "Point",
        "coordinates": [
          72.9588737,
          19.223921
        ]
      },
      "id": "way/998554506"
    },
    {
      "type": "Feature",
      "properties": {
        "@id": "way/998554512",
        "access": "private",
        "leisure": "park",
        "@geometry": "center"
      },
      "geometry": {
        "type": "Point",
        "coordinates": [
          72.9609138,
          19.2236453
        ]
      },
      "id": "way/998554512"
    },
    {
      "type": "Feature",
      "properties": {
        "@id": "way/998554514",
        "access": "private",
        "leisure": "park",
        "@geometry": "center"
      },
      "geometry": {
        "type": "Point",
        "coordinates": [
          72.9602957,
          19.2224322
        ]
      },
      "id": "way/998554514"
    },
    {
      "type": "Feature",
      "properties": {
        "@id": "way/1000202101",
        "leisure": "park",
        "@geometry": "center"
      },
      "geometry": {
        "type": "Point",
        "coordinates": [
          72.8641518,
          19.2968211
        ]
      },
      "id": "way/1000202101"
    },
    {
      "type": "Feature",
      "properties": {
        "@id": "way/1001170216",
        "addr:city": "Kandivali",
        "addr:postcode": "400101",
        "addr:street": "Akurli Road",
        "leisure": "park",
        "name": "Formal Garden",
        "@geometry": "center"
      },
      "geometry": {
        "type": "Point",
        "coordinates": [
          72.8744056,
          19.2001082
        ]
      },
      "id": "way/1001170216"
    },
    {
      "type": "Feature",
      "properties": {
        "@id": "way/1001170217",
        "addr:city": "Kandivali",
        "addr:postcode": "400101",
        "addr:street": "Akurli Road",
        "leisure": "park",
        "@geometry": "center"
      },
      "geometry": {
        "type": "Point",
        "coordinates": [
          72.8763027,
          19.1998843
        ]
      },
      "id": "way/1001170217"
    },
    {
      "type": "Feature",
      "properties": {
        "@id": "way/1001724566",
        "leisure": "garden",
        "name": "New Golden Nest Phase 14 Garden",
        "@geometry": "center"
      },
      "geometry": {
        "type": "Point",
        "coordinates": [
          72.8649027,
          19.3007257
        ]
      },
      "id": "way/1001724566"
    },
    {
      "type": "Feature",
      "properties": {
        "@id": "way/1003386614",
        "access": "yes",
        "addr:city": "Mumbai",
        "addr:postcode": "400050",
        "addr:street": "Mount Mary Road",
        "leisure": "park",
        "name": "Sukoon Park",
        "name:mr": "सुकून उद्यान",
        "opening_hours": "Mo-Fr 05:00-13:00,15:00-22:00; Sa-Su 05:00-22:00; PH 05:00-22:00",
        "operator": "BMC",
        "operator:type": "government",
        "@geometry": "center"
      },
      "geometry": {
        "type": "Point",
        "coordinates": [
          72.8225939,
          19.0498224
        ]
      },
      "id": "way/1003386614"
    },
    {
      "type": "Feature",
      "properties": {
        "@id": "way/1003730364",
        "access": "private",
        "leisure": "park",
        "@geometry": "center"
      },
      "geometry": {
        "type": "Point",
        "coordinates": [
          72.9812466,
          19.2320339
        ]
      },
      "id": "way/1003730364"
    },
    {
      "type": "Feature",
      "properties": {
        "@id": "way/1009229732",
        "leisure": "park",
        "@geometry": "center"
      },
      "geometry": {
        "type": "Point",
        "coordinates": [
          72.9004313,
          19.0502087
        ]
      },
      "id": "way/1009229732"
    },
    {
      "type": "Feature",
      "properties": {
        "@id": "way/1009368788",
        "leisure": "garden",
        "@geometry": "center"
      },
      "geometry": {
        "type": "Point",
        "coordinates": [
          72.8212043,
          18.9282554
        ]
      },
      "id": "way/1009368788"
    },
    {
      "type": "Feature",
      "properties": {
        "@id": "way/1009581759",
        "leisure": "park",
        "@geometry": "center"
      },
      "geometry": {
        "type": "Point",
        "coordinates": [
          72.8248417,
          18.9269524
        ]
      },
      "id": "way/1009581759"
    },
    {
      "type": "Feature",
      "properties": {
        "@id": "way/1011460656",
        "leisure": "garden",
        "@geometry": "center"
      },
      "geometry": {
        "type": "Point",
        "coordinates": [
          72.9762732,
          19.186942
        ]
      },
      "id": "way/1011460656"
    },
    {
      "type": "Feature",
      "properties": {
        "@id": "way/1011460683",
        "access": "private",
        "leisure": "park",
        "@geometry": "center"
      },
      "geometry": {
        "type": "Point",
        "coordinates": [
          72.9192996,
          19.0477803
        ]
      },
      "id": "way/1011460683"
    },
    {
      "type": "Feature",
      "properties": {
        "@id": "way/1011463306",
        "leisure": "park",
        "@geometry": "center"
      },
      "geometry": {
        "type": "Point",
        "coordinates": [
          73.0189364,
          19.0334421
        ]
      },
      "id": "way/1011463306"
    },
    {
      "type": "Feature",
      "properties": {
        "@id": "way/1011463307",
        "leisure": "park",
        "@geometry": "center"
      },
      "geometry": {
        "type": "Point",
        "coordinates": [
          73.0191497,
          19.0332074
        ]
      },
      "id": "way/1011463307"
    },
    {
      "type": "Feature",
      "properties": {
        "@id": "way/1012469001",
        "leisure": "park",
        "@geometry": "center"
      },
      "geometry": {
        "type": "Point",
        "coordinates": [
          72.9389473,
          19.0504014
        ]
      },
      "id": "way/1012469001"
    },
    {
      "type": "Feature",
      "properties": {
        "@id": "way/1012469002",
        "leisure": "park",
        "@geometry": "center"
      },
      "geometry": {
        "type": "Point",
        "coordinates": [
          72.9400873,
          19.0508219
        ]
      },
      "id": "way/1012469002"
    },
    {
      "type": "Feature",
      "properties": {
        "@id": "way/1012469078",
        "access": "private",
        "leisure": "park",
        "@geometry": "center"
      },
      "geometry": {
        "type": "Point",
        "coordinates": [
          72.9108071,
          19.0493317
        ]
      },
      "id": "way/1012469078"
    },
    {
      "type": "Feature",
      "properties": {
        "@id": "way/1012491079",
        "addr:city": "mumbai",
        "addr:postcode": "400086",
        "addr:street": "Station Road",
        "leisure": "park",
        "name": "neelkanth kingdom garden",
        "@geometry": "center"
      },
      "geometry": {
        "type": "Point",
        "coordinates": [
          72.894529,
          19.0788303
        ]
      },
      "id": "way/1012491079"
    },
    {
      "type": "Feature",
      "properties": {
        "@id": "way/1013261678",
        "leisure": "park",
        "name": "Cuffe Parade Park",
        "@geometry": "center"
      },
      "geometry": {
        "type": "Point",
        "coordinates": [
          72.8164343,
          18.9166435
        ]
      },
      "id": "way/1013261678"
    },
    {
      "type": "Feature",
      "properties": {
        "@id": "way/1013345586",
        "leisure": "garden",
        "@geometry": "center"
      },
      "geometry": {
        "type": "Point",
        "coordinates": [
          73.0027933,
          19.0581485
        ]
      },
      "id": "way/1013345586"
    },
    {
      "type": "Feature",
      "properties": {
        "@id": "way/1013444765",
        "leisure": "garden",
        "@geometry": "center"
      },
      "geometry": {
        "type": "Point",
        "coordinates": [
          72.9985714,
          19.0638589
        ]
      },
      "id": "way/1013444765"
    },
    {
      "type": "Feature",
      "properties": {
        "@id": "way/1013529980",
        "access": "private",
        "leisure": "park",
        "@geometry": "center"
      },
      "geometry": {
        "type": "Point",
        "coordinates": [
          72.98062,
          19.2246419
        ]
      },
      "id": "way/1013529980"
    },
    {
      "type": "Feature",
      "properties": {
        "@id": "way/1013529983",
        "access": "private",
        "leisure": "park",
        "@geometry": "center"
      },
      "geometry": {
        "type": "Point",
        "coordinates": [
          72.9793882,
          19.2245488
        ]
      },
      "id": "way/1013529983"
    },
    {
      "type": "Feature",
      "properties": {
        "@id": "way/1014519732",
        "addr:city": "Mumbai",
        "addr:postcode": "400059",
        "addr:street": "V M Shah Marg",
        "leisure": "park",
        "name": "MCGM Playground",
        "opening_hours": "Mo-Sa 05:00-19:00",
        "@geometry": "center"
      },
      "geometry": {
        "type": "Point",
        "coordinates": [
          72.862534,
          19.1059967
        ]
      },
      "id": "way/1014519732"
    },
    {
      "type": "Feature",
      "properties": {
        "@id": "way/1015502248",
        "addr:city": "Mumbai",
        "addr:postcode": "400063",
        "addr:street": "aarey bhaskar road",
        "leisure": "park",
        "name": "aarey bhaskar",
        "opening_hours": "Mo-Sa 07:00-21:00",
        "@geometry": "center"
      },
      "geometry": {
        "type": "Point",
        "coordinates": [
          72.8729842,
          19.1706744
        ]
      },
      "id": "way/1015502248"
    },
    {
      "type": "Feature",
      "properties": {
        "@id": "way/1015920190",
        "leisure": "park",
        "name": "school playground",
        "@geometry": "center"
      },
      "geometry": {
        "type": "Point",
        "coordinates": [
          72.8649959,
          19.2097779
        ]
      },
      "id": "way/1015920190"
    },
    {
      "type": "Feature",
      "properties": {
        "@id": "way/1016877967",
        "access": "private",
        "leisure": "park",
        "@geometry": "center"
      },
      "geometry": {
        "type": "Point",
        "coordinates": [
          72.9858822,
          19.2511144
        ]
      },
      "id": "way/1016877967"
    },
    {
      "type": "Feature",
      "properties": {
        "@id": "way/1017391894",
        "leisure": "park",
        "@geometry": "center"
      },
      "geometry": {
        "type": "Point",
        "coordinates": [
          72.9859395,
          19.2486767
        ]
      },
      "id": "way/1017391894"
    },
    {
      "type": "Feature",
      "properties": {
        "@id": "way/1017391896",
        "leisure": "park",
        "@geometry": "center"
      },
      "geometry": {
        "type": "Point",
        "coordinates": [
          72.9863606,
          19.2481031
        ]
      },
      "id": "way/1017391896"
    },
    {
      "type": "Feature",
      "properties": {
        "@id": "way/1017391905",
        "leisure": "park",
        "@geometry": "center"
      },
      "geometry": {
        "type": "Point",
        "coordinates": [
          72.9821104,
          19.2431305
        ]
      },
      "id": "way/1017391905"
    },
    {
      "type": "Feature",
      "properties": {
        "@id": "way/1018435440",
        "addr:city": "Mumbai",
        "addr:housenumber": "456",
        "addr:postcode": "400079",
        "addr:street": "Brathod Lane",
        "dog": "yes",
        "leisure": "park",
        "name": "Lakshmi Park",
        "opening_hours": "sunrise-sunset",
        "operator": "Lakshmi Enterprises.Ltd",
        "@geometry": "center"
      },
      "geometry": {
        "type": "Point",
        "coordinates": [
          72.8181783,
          18.9779548
        ]
      },
      "id": "way/1018435440"
    },
    {
      "type": "Feature",
      "properties": {
        "@id": "way/1019043616",
        "access": "private",
        "leisure": "park",
        "@geometry": "center"
      },
      "geometry": {
        "type": "Point",
        "coordinates": [
          72.9831018,
          19.2456207
        ]
      },
      "id": "way/1019043616"
    },
    {
      "type": "Feature",
      "properties": {
        "@id": "way/1019043617",
        "access": "private",
        "leisure": "park",
        "@geometry": "center"
      },
      "geometry": {
        "type": "Point",
        "coordinates": [
          72.9830132,
          19.2450706
        ]
      },
      "id": "way/1019043617"
    },
    {
      "type": "Feature",
      "properties": {
        "@id": "way/1019043618",
        "access": "private",
        "leisure": "park",
        "@geometry": "center"
      },
      "geometry": {
        "type": "Point",
        "coordinates": [
          72.9845341,
          19.2452638
        ]
      },
      "id": "way/1019043618"
    },
    {
      "type": "Feature",
      "properties": {
        "@id": "way/1019043620",
        "access": "private",
        "leisure": "park",
        "@geometry": "center"
      },
      "geometry": {
        "type": "Point",
        "coordinates": [
          72.9837282,
          19.2438477
        ]
      },
      "id": "way/1019043620"
    },
    {
      "type": "Feature",
      "properties": {
        "@id": "way/1019043621",
        "access": "private",
        "leisure": "park",
        "@geometry": "center"
      },
      "geometry": {
        "type": "Point",
        "coordinates": [
          72.9842746,
          19.2444698
        ]
      },
      "id": "way/1019043621"
    },
    {
      "type": "Feature",
      "properties": {
        "@id": "way/1019043629",
        "leisure": "park",
        "@geometry": "center"
      },
      "geometry": {
        "type": "Point",
        "coordinates": [
          72.9859073,
          19.2467093
        ]
      },
      "id": "way/1019043629"
    },
    {
      "type": "Feature",
      "properties": {
        "@id": "way/1021026602",
        "leisure": "park",
        "name": "Cidco Park",
        "@geometry": "center"
      },
      "geometry": {
        "type": "Point",
        "coordinates": [
          73.0713605,
          19.0348516
        ]
      },
      "id": "way/1021026602"
    },
    {
      "type": "Feature",
      "properties": {
        "@id": "way/1021026619",
        "leisure": "park",
        "name": "Cidco Garden",
        "@geometry": "center"
      },
      "geometry": {
        "type": "Point",
        "coordinates": [
          73.0679615,
          19.0297601
        ]
      },
      "id": "way/1021026619"
    },
    {
      "type": "Feature",
      "properties": {
        "@id": "way/1021062086",
        "leisure": "park",
        "name": "Cidco Park",
        "@geometry": "center"
      },
      "geometry": {
        "type": "Point",
        "coordinates": [
          73.0663379,
          19.0406573
        ]
      },
      "id": "way/1021062086"
    },
    {
      "type": "Feature",
      "properties": {
        "@id": "way/1024123571",
        "leisure": "park",
        "name": "pramod mahajan park",
        "@geometry": "center"
      },
      "geometry": {
        "type": "Point",
        "coordinates": [
          72.8554244,
          19.3135871
        ]
      },
      "id": "way/1024123571"
    },
    {
      "type": "Feature",
      "properties": {
        "@id": "way/1024588538",
        "leisure": "park",
        "@geometry": "center"
      },
      "geometry": {
        "type": "Point",
        "coordinates": [
          72.9828912,
          19.2517882
        ]
      },
      "id": "way/1024588538"
    },
    {
      "type": "Feature",
      "properties": {
        "@id": "way/1025097967",
        "addr:city": "Dombivali",
        "addr:housenumber": "P-9,MIDC phase 1",
        "addr:postcode": "421201",
        "addr:street": "Patharli Road",
        "club": "sport",
        "leisure": "park",
        "name": "DOMBIVALI GYMKHANA SPORTS COMPLEX",
        "@geometry": "center"
      },
      "geometry": {
        "type": "Point",
        "coordinates": [
          73.0998903,
          19.2142245
        ]
      },
      "id": "way/1025097967"
    },
    {
      "type": "Feature",
      "properties": {
        "@id": "way/1029625916",
        "addr:city": "Thane West, Maharashtra",
        "addr:housenumber": "B-5, Near Empress Park",
        "addr:postcode": "400615",
        "addr:street": "Anandnagar, Kasarvadavali",
        "leisure": "park",
        "name": "TMC Traffic Park",
        "opening_hours": "06:00-09:00,17:00-20:00",
        "operator": "Thane Municipal Corporation",
        "@geometry": "center"
      },
      "geometry": {
        "type": "Point",
        "coordinates": [
          72.9718716,
          19.2681398
        ]
      },
      "id": "way/1029625916"
    },
    {
      "type": "Feature",
      "properties": {
        "@id": "way/1031528351",
        "addr:city": "Mumbai",
        "addr:postcode": "400104",
        "addr:street": "maharaja agresan marg",
        "leisure": "park",
        "name": "vishnu hanuman park",
        "opening_hours": "24/7",
        "@geometry": "center"
      },
      "geometry": {
        "type": "Point",
        "coordinates": [
          72.8319912,
          19.1668073
        ]
      },
      "id": "way/1031528351"
    },
    {
      "type": "Feature",
      "properties": {
        "@id": "way/1031952047",
        "addr:city": "Mulund (West)",
        "addr:postcode": "400080",
        "addr:street": "Hill Breeze Road",
        "leisure": "park",
        "name": "bmc park",
        "operator": "bmc",
        "@geometry": "center"
      },
      "geometry": {
        "type": "Point",
        "coordinates": [
          72.9442074,
          19.1823343
        ]
      },
      "id": "way/1031952047"
    },
    {
      "type": "Feature",
      "properties": {
        "@id": "way/1035428429",
        "leisure": "park",
        "@geometry": "center"
      },
      "geometry": {
        "type": "Point",
        "coordinates": [
          73.076397,
          19.0397876
        ]
      },
      "id": "way/1035428429"
    },
    {
      "type": "Feature",
      "properties": {
        "@id": "way/1036071766",
        "leisure": "park",
        "@geometry": "center"
      },
      "geometry": {
        "type": "Point",
        "coordinates": [
          73.0095568,
          19.0345094
        ]
      },
      "id": "way/1036071766"
    },
    {
      "type": "Feature",
      "properties": {
        "@id": "way/1036071767",
        "leisure": "park",
        "@geometry": "center"
      },
      "geometry": {
        "type": "Point",
        "coordinates": [
          73.0099168,
          19.0345012
        ]
      },
      "id": "way/1036071767"
    },
    {
      "type": "Feature",
      "properties": {
        "@id": "way/1036338193",
        "leisure": "park",
        "@geometry": "center"
      },
      "geometry": {
        "type": "Point",
        "coordinates": [
          73.0101114,
          19.034059
        ]
      },
      "id": "way/1036338193"
    },
    {
      "type": "Feature",
      "properties": {
        "@id": "way/1047600395",
        "leisure": "garden",
        "name": "H3 -Garden",
        "@geometry": "center"
      },
      "geometry": {
        "type": "Point",
        "coordinates": [
          72.9117101,
          19.1364449
        ]
      },
      "id": "way/1047600395"
    },
    {
      "type": "Feature",
      "properties": {
        "@id": "way/1050345007",
        "leisure": "park",
        "@geometry": "center"
      },
      "geometry": {
        "type": "Point",
        "coordinates": [
          72.8162228,
          18.8999059
        ]
      },
      "id": "way/1050345007"
    },
    {
      "type": "Feature",
      "properties": {
        "@id": "way/1050561440",
        "leisure": "park",
        "name": "Science Park",
        "@geometry": "center"
      },
      "geometry": {
        "type": "Point",
        "coordinates": [
          73.0261604,
          19.0244822
        ]
      },
      "id": "way/1050561440"
    },
    {
      "type": "Feature",
      "properties": {
        "@id": "way/1050561441",
        "leisure": "garden",
        "@geometry": "center"
      },
      "geometry": {
        "type": "Point",
        "coordinates": [
          73.0181555,
          19.0451857
        ]
      },
      "id": "way/1050561441"
    },
    {
      "type": "Feature",
      "properties": {
        "@id": "way/1051774532",
        "access": "private",
        "leisure": "park",
        "@geometry": "center"
      },
      "geometry": {
        "type": "Point",
        "coordinates": [
          72.9748533,
          19.2270928
        ]
      },
      "id": "way/1051774532"
    },
    {
      "type": "Feature",
      "properties": {
        "@id": "way/1051778204",
        "leisure": "park",
        "@geometry": "center"
      },
      "geometry": {
        "type": "Point",
        "coordinates": [
          73.0244345,
          19.0338903
        ]
      },
      "id": "way/1051778204"
    },
    {
      "type": "Feature",
      "properties": {
        "@id": "way/1051778205",
        "access": "private",
        "leisure": "park",
        "name": "nerul park",
        "@geometry": "center"
      },
      "geometry": {
        "type": "Point",
        "coordinates": [
          73.0267598,
          19.0373971
        ]
      },
      "id": "way/1051778205"
    },
    {
      "type": "Feature",
      "properties": {
        "@id": "way/1052052199",
        "leisure": "garden",
        "@geometry": "center"
      },
      "geometry": {
        "type": "Point",
        "coordinates": [
          72.872761,
          19.0480644
        ]
      },
      "id": "way/1052052199"
    },
    {
      "type": "Feature",
      "properties": {
        "@id": "way/1052052200",
        "leisure": "garden",
        "@geometry": "center"
      },
      "geometry": {
        "type": "Point",
        "coordinates": [
          72.8743119,
          19.047954
        ]
      },
      "id": "way/1052052200"
    },
    {
      "type": "Feature",
      "properties": {
        "@id": "way/1052761694",
        "leisure": "garden",
        "@geometry": "center"
      },
      "geometry": {
        "type": "Point",
        "coordinates": [
          72.8347031,
          18.9787953
        ]
      },
      "id": "way/1052761694"
    },
    {
      "type": "Feature",
      "properties": {
        "@id": "way/1055741444",
        "leisure": "park",
        "@geometry": "center"
      },
      "geometry": {
        "type": "Point",
        "coordinates": [
          73.0281087,
          19.0221616
        ]
      },
      "id": "way/1055741444"
    },
    {
      "type": "Feature",
      "properties": {
        "@id": "way/1055994980",
        "leisure": "garden",
        "@geometry": "center"
      },
      "geometry": {
        "type": "Point",
        "coordinates": [
          73.0239078,
          19.021823
        ]
      },
      "id": "way/1055994980"
    },
    {
      "type": "Feature",
      "properties": {
        "@id": "way/1055994981",
        "leisure": "garden",
        "@geometry": "center"
      },
      "geometry": {
        "type": "Point",
        "coordinates": [
          73.0234335,
          19.0204649
        ]
      },
      "id": "way/1055994981"
    },
    {
      "type": "Feature",
      "properties": {
        "@id": "way/1056876768",
        "leisure": "park",
        "name": "City Park",
        "@geometry": "center"
      },
      "geometry": {
        "type": "Point",
        "coordinates": [
          72.8534791,
          19.0566805
        ]
      },
      "id": "way/1056876768"
    },
    {
      "type": "Feature",
      "properties": {
        "@id": "way/1061072158",
        "access": "no",
        "fee": "no",
        "garden:type": "community",
        "leisure": "garden",
        "operator": "Railway",
        "operator:type": "government",
        "@geometry": "center"
      },
      "geometry": {
        "type": "Point",
        "coordinates": [
          73.0243184,
          19.0129508
        ]
      },
      "id": "way/1061072158"
    },
    {
      "type": "Feature",
      "properties": {
        "@id": "way/1061081756",
        "leisure": "park",
        "@geometry": "center"
      },
      "geometry": {
        "type": "Point",
        "coordinates": [
          73.0282282,
          19.0214274
        ]
      },
      "id": "way/1061081756"
    },
    {
      "type": "Feature",
      "properties": {
        "@id": "way/1061207482",
        "leisure": "park",
        "@geometry": "center"
      },
      "geometry": {
        "type": "Point",
        "coordinates": [
          73.0277084,
          19.0215294
        ]
      },
      "id": "way/1061207482"
    },
    {
      "type": "Feature",
      "properties": {
        "@id": "way/1062407262",
        "garden:type": "street_side",
        "leisure": "garden",
        "@geometry": "center"
      },
      "geometry": {
        "type": "Point",
        "coordinates": [
          73.0224377,
          19.0161552
        ]
      },
      "id": "way/1062407262"
    },
    {
      "type": "Feature",
      "properties": {
        "@id": "way/1062407263",
        "garden:type": "street_side",
        "leisure": "garden",
        "@geometry": "center"
      },
      "geometry": {
        "type": "Point",
        "coordinates": [
          73.0225531,
          19.0155471
        ]
      },
      "id": "way/1062407263"
    },
    {
      "type": "Feature",
      "properties": {
        "@id": "way/1062407264",
        "garden:type": "street_side",
        "leisure": "garden",
        "@geometry": "center"
      },
      "geometry": {
        "type": "Point",
        "coordinates": [
          73.0227038,
          19.0147838
        ]
      },
      "id": "way/1062407264"
    },
    {
      "type": "Feature",
      "properties": {
        "@id": "way/1062407265",
        "garden:type": "street_side",
        "leisure": "garden",
        "@geometry": "center"
      },
      "geometry": {
        "type": "Point",
        "coordinates": [
          73.0228463,
          19.0139974
        ]
      },
      "id": "way/1062407265"
    },
    {
      "type": "Feature",
      "properties": {
        "@id": "way/1062407266",
        "garden:type": "street_side",
        "leisure": "garden",
        "@geometry": "center"
      },
      "geometry": {
        "type": "Point",
        "coordinates": [
          73.0230561,
          19.0129102
        ]
      },
      "id": "way/1062407266"
    },
    {
      "type": "Feature",
      "properties": {
        "@id": "way/1063930017",
        "leisure": "park",
        "name": "Ramdev Park",
        "@geometry": "center"
      },
      "geometry": {
        "type": "Point",
        "coordinates": [
          72.86978,
          19.2969359
        ]
      },
      "id": "way/1063930017"
    },
    {
      "type": "Feature",
      "properties": {
        "@id": "way/1078217950",
        "access": "private",
        "leisure": "park",
        "@geometry": "center"
      },
      "geometry": {
        "type": "Point",
        "coordinates": [
          73.0281165,
          19.003465
        ]
      },
      "id": "way/1078217950"
    },
    {
      "type": "Feature",
      "properties": {
        "@id": "way/1078220910",
        "leisure": "park",
        "@geometry": "center"
      },
      "geometry": {
        "type": "Point",
        "coordinates": [
          72.9944306,
          19.2109378
        ]
      },
      "id": "way/1078220910"
    },
    {
      "type": "Feature",
      "properties": {
        "@id": "way/1078883093",
        "leisure": "park",
        "@geometry": "center"
      },
      "geometry": {
        "type": "Point",
        "coordinates": [
          72.9633682,
          19.1863343
        ]
      },
      "id": "way/1078883093"
    },
    {
      "type": "Feature",
      "properties": {
        "@id": "way/1079698788",
        "leisure": "park",
        "@geometry": "center"
      },
      "geometry": {
        "type": "Point",
        "coordinates": [
          73.000371,
          19.0756873
        ]
      },
      "id": "way/1079698788"
    },
    {
      "type": "Feature",
      "properties": {
        "@id": "way/1080348919",
        "leisure": "park",
        "@geometry": "center"
      },
      "geometry": {
        "type": "Point",
        "coordinates": [
          72.9809171,
          19.1816752
        ]
      },
      "id": "way/1080348919"
    },
    {
      "type": "Feature",
      "properties": {
        "@id": "way/1080348955",
        "leisure": "park",
        "name": "Ganesh Visarjan Ghat",
        "@geometry": "center"
      },
      "geometry": {
        "type": "Point",
        "coordinates": [
          72.9861253,
          19.1958374
        ]
      },
      "id": "way/1080348955"
    },
    {
      "type": "Feature",
      "properties": {
        "@id": "way/1080348957",
        "leisure": "park",
        "@geometry": "center"
      },
      "geometry": {
        "type": "Point",
        "coordinates": [
          72.9858037,
          19.1946267
        ]
      },
      "id": "way/1080348957"
    },
    {
      "type": "Feature",
      "properties": {
        "@id": "way/1080490014",
        "leisure": "park",
        "@geometry": "center"
      },
      "geometry": {
        "type": "Point",
        "coordinates": [
          73.0061682,
          19.0675685
        ]
      },
      "id": "way/1080490014"
    },
    {
      "type": "Feature",
      "properties": {
        "@id": "way/1081153801",
        "access": "yes",
        "garden:type": "municipal",
        "leisure": "garden",
        "name": "Ahilyadevi Garden",
        "@geometry": "center"
      },
      "geometry": {
        "type": "Point",
        "coordinates": [
          72.9754411,
          19.1962812
        ]
      },
      "id": "way/1081153801"
    },
    {
      "type": "Feature",
      "properties": {
        "@id": "way/1084297710",
        "leisure": "park",
        "name": "Jogger's Park",
        "@geometry": "center"
      },
      "geometry": {
        "type": "Point",
        "coordinates": [
          72.9853145,
          19.1984944
        ]
      },
      "id": "way/1084297710"
    },
    {
      "type": "Feature",
      "properties": {
        "@id": "way/1084323970",
        "leisure": "park",
        "@geometry": "center"
      },
      "geometry": {
        "type": "Point",
        "coordinates": [
          73.0187295,
          18.9691494
        ]
      },
      "id": "way/1084323970"
    },
    {
      "type": "Feature",
      "properties": {
        "@id": "way/1085146115",
        "leisure": "garden",
        "@geometry": "center"
      },
      "geometry": {
        "type": "Point",
        "coordinates": [
          72.9655276,
          19.2636121
        ]
      },
      "id": "way/1085146115"
    },
    {
      "type": "Feature",
      "properties": {
        "@id": "way/1085669601",
        "access": "private",
        "leisure": "garden",
        "@geometry": "center"
      },
      "geometry": {
        "type": "Point",
        "coordinates": [
          73.063513,
          19.0330038
        ]
      },
      "id": "way/1085669601"
    },
    {
      "type": "Feature",
      "properties": {
        "@id": "way/1086662736",
        "access": "private",
        "leisure": "park",
        "@geometry": "center"
      },
      "geometry": {
        "type": "Point",
        "coordinates": [
          72.9741851,
          19.2553747
        ]
      },
      "id": "way/1086662736"
    },
    {
      "type": "Feature",
      "properties": {
        "@id": "way/1086662737",
        "access": "private",
        "leisure": "park",
        "@geometry": "center"
      },
      "geometry": {
        "type": "Point",
        "coordinates": [
          72.9748661,
          19.2543134
        ]
      },
      "id": "way/1086662737"
    },
    {
      "type": "Feature",
      "properties": {
        "@id": "way/1088543476",
        "barrier": "wall",
        "leisure": "park",
        "@geometry": "center"
      },
      "geometry": {
        "type": "Point",
        "coordinates": [
          72.978821,
          19.2482791
        ]
      },
      "id": "way/1088543476"
    },
    {
      "type": "Feature",
      "properties": {
        "@id": "way/1088898810",
        "leisure": "park",
        "@geometry": "center"
      },
      "geometry": {
        "type": "Point",
        "coordinates": [
          72.9204605,
          19.1261013
        ]
      },
      "id": "way/1088898810"
    },
    {
      "type": "Feature",
      "properties": {
        "@id": "way/1089095879",
        "access": "private",
        "leisure": "park",
        "@geometry": "center"
      },
      "geometry": {
        "type": "Point",
        "coordinates": [
          72.9603191,
          19.2078947
        ]
      },
      "id": "way/1089095879"
    },
    {
      "type": "Feature",
      "properties": {
        "@id": "way/1089095880",
        "access": "private",
        "leisure": "park",
        "@geometry": "center"
      },
      "geometry": {
        "type": "Point",
        "coordinates": [
          72.9609014,
          19.2069546
        ]
      },
      "id": "way/1089095880"
    },
    {
      "type": "Feature",
      "properties": {
        "@id": "way/1089095882",
        "access": "private",
        "leisure": "park",
        "@geometry": "center"
      },
      "geometry": {
        "type": "Point",
        "coordinates": [
          72.9609937,
          19.2083264
        ]
      },
      "id": "way/1089095882"
    },
    {
      "type": "Feature",
      "properties": {
        "@id": "way/1089104233",
        "access": "private",
        "leisure": "park",
        "@geometry": "center"
      },
      "geometry": {
        "type": "Point",
        "coordinates": [
          73.0091702,
          19.2082657
        ]
      },
      "id": "way/1089104233"
    },
    {
      "type": "Feature",
      "properties": {
        "@id": "way/1110642117",
        "leisure": "park",
        "@geometry": "center"
      },
      "geometry": {
        "type": "Point",
        "coordinates": [
          73.0338749,
          19.0310882
        ]
      },
      "id": "way/1110642117"
    },
    {
      "type": "Feature",
      "properties": {
        "@id": "way/1112175835",
        "addr:city": "Mulund",
        "addr:postcode": "400080",
        "addr:street": "ACC Road",
        "leisure": "park",
        "name": "St Gregorios School Ground",
        "@geometry": "center"
      },
      "geometry": {
        "type": "Point",
        "coordinates": [
          72.9586843,
          19.1805199
        ]
      },
      "id": "way/1112175835"
    },
    {
      "type": "Feature",
      "properties": {
        "@id": "way/1112906516",
        "access": "yes",
        "garden:type": "public",
        "leisure": "garden",
        "name": "kanagao garden",
        "operator": "local people",
        "operator:type": "public",
        "@geometry": "center"
      },
      "geometry": {
        "type": "Point",
        "coordinates": [
          72.8600434,
          19.2908347
        ]
      },
      "id": "way/1112906516"
    },
    {
      "type": "Feature",
      "properties": {
        "@id": "way/1117097218",
        "addr:city": "Mumbai",
        "addr:postcode": "400066",
        "addr:street": "Vivek Kambli Marg",
        "leisure": "park",
        "name": "Nancy Park",
        "opening_hours": "Mo-Sa 07:00-20:00",
        "operator": "BMC",
        "@geometry": "center"
      },
      "geometry": {
        "type": "Point",
        "coordinates": [
          72.8672981,
          19.2388221
        ]
      },
      "id": "way/1117097218"
    },
    {
      "type": "Feature",
      "properties": {
        "@id": "way/1117112281",
        "leisure": "park",
        "name": "Air India Park",
        "@geometry": "center"
      },
      "geometry": {
        "type": "Point",
        "coordinates": [
          72.8579758,
          19.0810605
        ]
      },
      "id": "way/1117112281"
    },
    {
      "type": "Feature",
      "properties": {
        "@id": "way/1118317440",
        "access": "yes",
        "addr:city": "mumbai",
        "addr:postcode": "400053",
        "addr:street": "JP Road",
        "leisure": "park",
        "name": "DN Nagar Ground",
        "opening_hours": "24/7",
        "operator": "BMC",
        "@geometry": "center"
      },
      "geometry": {
        "type": "Point",
        "coordinates": [
          72.8307979,
          19.1219732
        ]
      },
      "id": "way/1118317440"
    },
    {
      "type": "Feature",
      "properties": {
        "@id": "way/1118555754",
        "leisure": "park",
        "@geometry": "center"
      },
      "geometry": {
        "type": "Point",
        "coordinates": [
          72.8484261,
          19.2511683
        ]
      },
      "id": "way/1118555754"
    },
    {
      "type": "Feature",
      "properties": {
        "@id": "way/1118555755",
        "addr:city": "Mumbai",
        "addr:housenumber": "near BMC dog park",
        "addr:postcode": "400103",
        "addr:street": "Holy Cross Road",
        "leisure": "park",
        "name": "dog park",
        "@geometry": "center"
      },
      "geometry": {
        "type": "Point",
        "coordinates": [
          72.8484261,
          19.2511683
        ]
      },
      "id": "way/1118555755"
    },
    {
      "type": "Feature",
      "properties": {
        "@id": "way/1120052183",
        "addr:city": "Mumbai",
        "addr:street": "charkop sector no. 5",
        "leisure": "park",
        "name": "Oxford Public School Ground",
        "operator": "Oxford School",
        "@geometry": "center"
      },
      "geometry": {
        "type": "Point",
        "coordinates": [
          72.8247372,
          19.2181125
        ]
      },
      "id": "way/1120052183"
    },
    {
      "type": "Feature",
      "properties": {
        "@id": "way/1120052246",
        "leisure": "park",
        "@geometry": "center"
      },
      "geometry": {
        "type": "Point",
        "coordinates": [
          72.955933,
          19.1663964
        ]
      },
      "id": "way/1120052246"
    },
    {
      "type": "Feature",
      "properties": {
        "@id": "way/1120053822",
        "addr:city": "mumbai",
        "addr:street": "MESB Colony Road",
        "leisure": "park",
        "name": "MSEB COLONY PARK",
        "opening_hours": "sunrise-sunset",
        "operator": "Maharashtra Electricity Board",
        "@geometry": "center"
      },
      "geometry": {
        "type": "Point",
        "coordinates": [
          72.8794923,
          19.2131702
        ]
      },
      "id": "way/1120053822"
    },
    {
      "type": "Feature",
      "properties": {
        "@id": "way/1120054075",
        "addr:city": "Mumbai",
        "addr:housenumber": "Gokul Heaven",
        "addr:postcode": "400101",
        "addr:street": "Asha Nagar Road",
        "description": "Restricted Entry",
        "leisure": "park",
        "name": "Gokul Heaven Park",
        "opening_hours": "Mo-Su 09:00-22:00",
        "@geometry": "center"
      },
      "geometry": {
        "type": "Point",
        "coordinates": [
          72.866721,
          19.2098723
        ]
      },
      "id": "way/1120054075"
    },
    {
      "type": "Feature",
      "properties": {
        "@id": "way/1120055179",
        "dog": "leashed",
        "leisure": "park",
        "name": "BMC Park",
        "opening_hours": "Mo-Fr 08:00-17:00",
        "@geometry": "center"
      },
      "geometry": {
        "type": "Point",
        "coordinates": [
          72.8238476,
          19.1941483
        ]
      },
      "id": "way/1120055179"
    },
    {
      "type": "Feature",
      "properties": {
        "@id": "way/1120599775",
        "leisure": "park",
        "@geometry": "center"
      },
      "geometry": {
        "type": "Point",
        "coordinates": [
          72.9373138,
          19.1743411
        ]
      },
      "id": "way/1120599775"
    },
    {
      "type": "Feature",
      "properties": {
        "@id": "way/1120741761",
        "leisure": "park",
        "@geometry": "center"
      },
      "geometry": {
        "type": "Point",
        "coordinates": [
          72.9333901,
          19.1675225
        ]
      },
      "id": "way/1120741761"
    },
    {
      "type": "Feature",
      "properties": {
        "@id": "way/1122108962",
        "access": "no",
        "leisure": "garden",
        "@geometry": "center"
      },
      "geometry": {
        "type": "Point",
        "coordinates": [
          72.9622958,
          19.2093781
        ]
      },
      "id": "way/1122108962"
    },
    {
      "type": "Feature",
      "properties": {
        "@id": "way/1122265492",
        "leisure": "park",
        "@geometry": "center"
      },
      "geometry": {
        "type": "Point",
        "coordinates": [
          72.8643983,
          19.2941748
        ]
      },
      "id": "way/1122265492"
    },
    {
      "type": "Feature",
      "properties": {
        "@id": "way/1122265500",
        "leisure": "park",
        "@geometry": "center"
      },
      "geometry": {
        "type": "Point",
        "coordinates": [
          72.8599117,
          19.3034624
        ]
      },
      "id": "way/1122265500"
    },
    {
      "type": "Feature",
      "properties": {
        "@id": "way/1123267237",
        "addr:city": "Santacruz East, Mumbai",
        "addr:district": "Mumbai",
        "addr:postcode": "400055",
        "addr:street": "Santacruz Skywalk",
        "leisure": "park",
        "name": "PRAFULLA BAGH",
        "opening_hours": "Mo-Su 09:00-22:00",
        "@geometry": "center"
      },
      "geometry": {
        "type": "Point",
        "coordinates": [
          72.8415868,
          19.0839619
        ]
      },
      "id": "way/1123267237"
    },
    {
      "type": "Feature",
      "properties": {
        "@id": "way/1123412916",
        "leisure": "park",
        "@geometry": "center"
      },
      "geometry": {
        "type": "Point",
        "coordinates": [
          72.8385401,
          19.1203282
        ]
      },
      "id": "way/1123412916"
    },
    {
      "type": "Feature",
      "properties": {
        "@id": "way/1123412919",
        "leisure": "park",
        "@geometry": "center"
      },
      "geometry": {
        "type": "Point",
        "coordinates": [
          72.8413913,
          19.1246516
        ]
      },
      "id": "way/1123412919"
    },
    {
      "type": "Feature",
      "properties": {
        "@id": "way/1123427074",
        "leisure": "park",
        "@geometry": "center"
      },
      "geometry": {
        "type": "Point",
        "coordinates": [
          72.8422456,
          19.1055567
        ]
      },
      "id": "way/1123427074"
    },
    {
      "type": "Feature",
      "properties": {
        "@id": "way/1123635134",
        "leisure": "park",
        "name": "Nemisuri Maharajsaheb Garden",
        "@geometry": "center"
      },
      "geometry": {
        "type": "Point",
        "coordinates": [
          72.946518,
          19.1799512
        ]
      },
      "id": "way/1123635134"
    },
    {
      "type": "Feature",
      "properties": {
        "@id": "way/1123725997",
        "leisure": "park",
        "@geometry": "center"
      },
      "geometry": {
        "type": "Point",
        "coordinates": [
          72.936265,
          19.114702
        ]
      },
      "id": "way/1123725997"
    },
    {
      "type": "Feature",
      "properties": {
        "@id": "way/1123726003",
        "leisure": "park",
        "@geometry": "center"
      },
      "geometry": {
        "type": "Point",
        "coordinates": [
          72.9341997,
          19.1113061
        ]
      },
      "id": "way/1123726003"
    },
    {
      "type": "Feature",
      "properties": {
        "@id": "way/1124262072",
        "leisure": "park",
        "opening_hours": "Mo-Fr 08:00-17:00",
        "@geometry": "center"
      },
      "geometry": {
        "type": "Point",
        "coordinates": [
          72.8245788,
          18.97471
        ]
      },
      "id": "way/1124262072"
    },
    {
      "type": "Feature",
      "properties": {
        "@id": "way/1125690128",
        "leisure": "park",
        "@geometry": "center"
      },
      "geometry": {
        "type": "Point",
        "coordinates": [
          72.9538141,
          19.1860894
        ]
      },
      "id": "way/1125690128"
    },
    {
      "type": "Feature",
      "properties": {
        "@id": "way/1125690129",
        "leisure": "park",
        "name": "Vrindavan Manoranjan Udyan",
        "@geometry": "center"
      },
      "geometry": {
        "type": "Point",
        "coordinates": [
          72.9510413,
          19.1848474
        ]
      },
      "id": "way/1125690129"
    },
    {
      "type": "Feature",
      "properties": {
        "@id": "way/1126271813",
        "leisure": "park",
        "name": "Coastal & Marine Biodiversity Centre",
        "@geometry": "center"
      },
      "geometry": {
        "type": "Point",
        "coordinates": [
          72.9859583,
          19.1485002
        ]
      },
      "id": "way/1126271813"
    },
    {
      "type": "Feature",
      "properties": {
        "@id": "way/1126864977",
        "leisure": "park",
        "name": "Mother Teresa Maidan",
        "name:etymology:wikidata": "Q30547",
        "@geometry": "center"
      },
      "geometry": {
        "type": "Point",
        "coordinates": [
          72.9454439,
          19.1656931
        ]
      },
      "id": "way/1126864977"
    },
    {
      "type": "Feature",
      "properties": {
        "@id": "way/1126864978",
        "leisure": "park",
        "name": "Nahur Shivaji Udyan",
        "@geometry": "center"
      },
      "geometry": {
        "type": "Point",
        "coordinates": [
          72.9458812,
          19.1663122
        ]
      },
      "id": "way/1126864978"
    },
    {
      "type": "Feature",
      "properties": {
        "@id": "way/1126997786",
        "leisure": "park",
        "name": "Sahajeevan Park",
        "@geometry": "center"
      },
      "geometry": {
        "type": "Point",
        "coordinates": [
          72.8835381,
          19.0549928
        ]
      },
      "id": "way/1126997786"
    },
    {
      "type": "Feature",
      "properties": {
        "@id": "way/1126997788",
        "leisure": "park",
        "@geometry": "center"
      },
      "geometry": {
        "type": "Point",
        "coordinates": [
          72.883793,
          19.0529621
        ]
      },
      "id": "way/1126997788"
    },
    {
      "type": "Feature",
      "properties": {
        "@id": "way/1127526785",
        "leisure": "park",
        "@geometry": "center"
      },
      "geometry": {
        "type": "Point",
        "coordinates": [
          72.9005299,
          19.0463467
        ]
      },
      "id": "way/1127526785"
    },
    {
      "type": "Feature",
      "properties": {
        "@id": "way/1131874547",
        "leisure": "park",
        "name": "Netaji Subhashchandra Bose Garden",
        "name:etymology:wikidata": "Q2153",
        "opening_hours": "24/7",
        "@geometry": "center"
      },
      "geometry": {
        "type": "Point",
        "coordinates": [
          73.1003168,
          19.2228027
        ]
      },
      "id": "way/1131874547"
    },
    {
      "type": "Feature",
      "properties": {
        "@id": "way/1131903686",
        "leisure": "park",
        "name": "JP Sports Turf",
        "opening_hours": "sunrise-sunset",
        "wheelchair": "yes",
        "@geometry": "center"
      },
      "geometry": {
        "type": "Point",
        "coordinates": [
          73.1044911,
          19.2213844
        ]
      },
      "id": "way/1131903686"
    },
    {
      "type": "Feature",
      "properties": {
        "@id": "way/1133058684",
        "addr:city": "Mumbai",
        "addr:postcode": "400092",
        "addr:street": "behind maxus cinemas",
        "leisure": "park",
        "name": "tripitch ground",
        "@geometry": "center"
      },
      "geometry": {
        "type": "Point",
        "coordinates": [
          72.8283575,
          19.2314395
        ]
      },
      "id": "way/1133058684"
    },
    {
      "type": "Feature",
      "properties": {
        "@id": "way/1133063644",
        "leisure": "park",
        "@geometry": "center"
      },
      "geometry": {
        "type": "Point",
        "coordinates": [
          72.8312485,
          19.2316626
        ]
      },
      "id": "way/1133063644"
    },
    {
      "type": "Feature",
      "properties": {
        "@id": "way/1134075021",
        "leisure": "park",
        "name": "NMMC",
        "@geometry": "center"
      },
      "geometry": {
        "type": "Point",
        "coordinates": [
          73.0361122,
          19.028005
        ]
      },
      "id": "way/1134075021"
    },
    {
      "type": "Feature",
      "properties": {
        "@id": "way/1134075022",
        "leisure": "park",
        "operator": "NMMC",
        "operator:type": "public",
        "@geometry": "center"
      },
      "geometry": {
        "type": "Point",
        "coordinates": [
          73.0370779,
          19.0272068
        ]
      },
      "id": "way/1134075022"
    },
    {
      "type": "Feature",
      "properties": {
        "@id": "way/1136400340",
        "addr:city": "mira road",
        "addr:postcode": "401107",
        "addr:street": "NH School Road",
        "leisure": "park",
        "name": "Nana Nani park",
        "opening_hours": "Mo-Su 08:00-21:00",
        "operator": "MBMC",
        "operator:type": "government",
        "@geometry": "center"
      },
      "geometry": {
        "type": "Point",
        "coordinates": [
          72.8620545,
          19.287786
        ]
      },
      "id": "way/1136400340"
    },
    {
      "type": "Feature",
      "properties": {
        "@id": "way/1137144488",
        "leisure": "park",
        "name": "alisha area",
        "@geometry": "center"
      },
      "geometry": {
        "type": "Point",
        "coordinates": [
          72.9958249,
          19.2432407
        ]
      },
      "id": "way/1137144488"
    },
    {
      "type": "Feature",
      "properties": {
        "@id": "way/1138040081",
        "addr:city": "Mumbai",
        "addr:street": "opp cafe meter on",
        "leisure": "park",
        "name": "bmc park",
        "opening_hours": "Mo-Fr 08:00-17:00",
        "operator": "bmc",
        "operator:type": "private",
        "@geometry": "center"
      },
      "geometry": {
        "type": "Point",
        "coordinates": [
          72.8495428,
          19.2499784
        ]
      },
      "id": "way/1138040081"
    },
    {
      "type": "Feature",
      "properties": {
        "@id": "way/1138233179",
        "access": "yes",
        "addr:city": "Mumbai",
        "addr:postcode": "400101",
        "addr:street": "Gokul Tower Rd",
        "leisure": "park",
        "name": "viceroy garden",
        "opening_hours": "sunrise-sunset",
        "operator": "viceroy residence",
        "operator:type": "public",
        "@geometry": "center"
      },
      "geometry": {
        "type": "Point",
        "coordinates": [
          72.8724075,
          19.2107976
        ]
      },
      "id": "way/1138233179"
    },
    {
      "type": "Feature",
      "properties": {
        "@id": "way/1139119985",
        "access": "yes",
        "addr:city": "mumbai",
        "addr:postcode": "400092",
        "addr:street": "gorai",
        "description": "open park for young kids and eldert people",
        "image": "https://www.google.com/imgres?imgurl=https%3A%2F%2Fcontent3.jdmagicbox.com%2Fcomp%2Fmumbai%2Fp9%2F022pxx22.xx22.220125145455.e4p9%2Fcatalogue%2Fbmc-garden-gorai-2-mumbai-parks-77deme6doc.jpg&imgrefurl=https%3A%2F%2Fwww.justdial.com%2FMumbai%2FBMC-Garden%2",
        "leisure": "park",
        "name": "ekta garden",
        "opening_hours": "Mo-Sa 08:00-20:00",
        "@geometry": "center"
      },
      "geometry": {
        "type": "Point",
        "coordinates": [
          72.8203353,
          19.2271922
        ]
      },
      "id": "way/1139119985"
    },
    {
      "type": "Feature",
      "properties": {
        "@id": "way/1144508714",
        "access": "yes",
        "fee": "no",
        "garden:type": "community",
        "leisure": "garden",
        "name": "Parsik Hill Residents Association Garden",
        "operator": "Parsik Hill Residents Association",
        "operator:type": "government",
        "@geometry": "center"
      },
      "geometry": {
        "type": "Point",
        "coordinates": [
          73.0325987,
          19.0258623
        ]
      },
      "id": "way/1144508714"
    },
    {
      "type": "Feature",
      "properties": {
        "@id": "way/1144511800",
        "leisure": "park",
        "@geometry": "center"
      },
      "geometry": {
        "type": "Point",
        "coordinates": [
          73.0323575,
          19.0172897
        ]
      },
      "id": "way/1144511800"
    },
    {
      "type": "Feature",
      "properties": {
        "@id": "way/1144636822",
        "access": "permissive",
        "addr:city": "Mumbai",
        "addr:postcode": "400067",
        "addr:street": "Boraspada Road",
        "leisure": "park",
        "name": "Netaji Subhashchandra Bose Kirdangan",
        "name:etymology:wikidata": "Q2153",
        "opening_hours": "Mo-Su 09:00-21:00",
        "@geometry": "center"
      },
      "geometry": {
        "type": "Point",
        "coordinates": [
          72.8466471,
          19.2107794
        ]
      },
      "id": "way/1144636822"
    },
    {
      "type": "Feature",
      "properties": {
        "@id": "way/1144650235",
        "addr:city": "MUMBAI",
        "addr:housenumber": "87",
        "addr:postcode": "400067",
        "addr:street": "Shankar Lane",
        "leisure": "park",
        "name": "KELKAR GROUND",
        "opening_hours": "24/7",
        "operator": "GOVERNMENT",
        "operator:type": "public",
        "@geometry": "center"
      },
      "geometry": {
        "type": "Point",
        "coordinates": [
          72.838193,
          19.1997114
        ]
      },
      "id": "way/1144650235"
    },
    {
      "type": "Feature",
      "properties": {
        "@id": "way/1146157677",
        "leisure": "park",
        "name": "VL club house",
        "@geometry": "center"
      },
      "geometry": {
        "type": "Point",
        "coordinates": [
          72.9772311,
          19.2568203
        ]
      },
      "id": "way/1146157677"
    },
    {
      "type": "Feature",
      "properties": {
        "@id": "way/1149824743",
        "leisure": "park",
        "@geometry": "center"
      },
      "geometry": {
        "type": "Point",
        "coordinates": [
          72.8521204,
          19.0615203
        ]
      },
      "id": "way/1149824743"
    },
    {
      "type": "Feature",
      "properties": {
        "@id": "way/1149824757",
        "leisure": "park",
        "name": "Joggers Park",
        "@geometry": "center"
      },
      "geometry": {
        "type": "Point",
        "coordinates": [
          72.8511832,
          19.0631959
        ]
      },
      "id": "way/1149824757"
    },
    {
      "type": "Feature",
      "properties": {
        "@id": "way/1151111404",
        "leisure": "park",
        "name": "Sector 9 - Residents Park",
        "opening_hours": "24/7",
        "operator": "Sector 9 Residents Association",
        "operator:type": "public",
        "@geometry": "center"
      },
      "geometry": {
        "type": "Point",
        "coordinates": [
          73.0336471,
          19.0315661
        ]
      },
      "id": "way/1151111404"
    },
    {
      "type": "Feature",
      "properties": {
        "@id": "way/1153421623",
        "access": "yes",
        "addr:city": "pune",
        "addr:district": "pune",
        "addr:postcode": "411027",
        "addr:street": "wakad",
        "dog": "yes",
        "leisure": "park",
        "name": "Savitribai Phule BMC Garden",
        "name:etymology:wikidata": "Q2645692",
        "natural": "wood",
        "opening_hours": "Mo-Su 06:00-19:00",
        "@geometry": "center"
      },
      "geometry": {
        "type": "Point",
        "coordinates": [
          72.8566812,
          19.1558883
        ]
      },
      "id": "way/1153421623"
    },
    {
      "type": "Feature",
      "properties": {
        "@id": "way/1153422365",
        "access": "unknown",
        "garden:type": "residential",
        "leisure": "garden",
        "@geometry": "center"
      },
      "geometry": {
        "type": "Point",
        "coordinates": [
          72.8966407,
          19.0890628
        ]
      },
      "id": "way/1153422365"
    },
    {
      "type": "Feature",
      "properties": {
        "@id": "way/1153422970",
        "leisure": "park",
        "@geometry": "center"
      },
      "geometry": {
        "type": "Point",
        "coordinates": [
          72.8553625,
          19.2487348
        ]
      },
      "id": "way/1153422970"
    },
    {
      "type": "Feature",
      "properties": {
        "@id": "way/1153426986",
        "leisure": "park",
        "@geometry": "center"
      },
      "geometry": {
        "type": "Point",
        "coordinates": [
          73.1272374,
          18.9987304
        ]
      },
      "id": "way/1153426986"
    },
    {
      "type": "Feature",
      "properties": {
        "@id": "way/1153427757",
        "leisure": "park",
        "name": "Saket Waterfront Park",
        "operator": "Thane Municipal Corporation",
        "operator:type": "government",
        "@geometry": "center"
      },
      "geometry": {
        "type": "Point",
        "coordinates": [
          72.9926636,
          19.2068767
        ]
      },
      "id": "way/1153427757"
    },
    {
      "type": "Feature",
      "properties": {
        "@id": "way/1153428130",
        "leisure": "park",
        "@geometry": "center"
      },
      "geometry": {
        "type": "Point",
        "coordinates": [
          72.8247837,
          19.1390298
        ]
      },
      "id": "way/1153428130"
    },
    {
      "type": "Feature",
      "properties": {
        "@id": "way/1158503757",
        "leisure": "park",
        "name": "BMC Manoranjan Maidan",
        "@geometry": "center"
      },
      "geometry": {
        "type": "Point",
        "coordinates": [
          72.9400689,
          19.169197
        ]
      },
      "id": "way/1158503757"
    },
    {
      "type": "Feature",
      "properties": {
        "@id": "way/1158933421",
        "leisure": "garden",
        "@geometry": "center"
      },
      "geometry": {
        "type": "Point",
        "coordinates": [
          72.8714159,
          19.225686
        ]
      },
      "id": "way/1158933421"
    },
    {
      "type": "Feature",
      "properties": {
        "@id": "way/1159753736",
        "leisure": "garden",
        "@geometry": "center"
      },
      "geometry": {
        "type": "Point",
        "coordinates": [
          72.8072588,
          18.9695446
        ]
      },
      "id": "way/1159753736"
    },
    {
      "type": "Feature",
      "properties": {
        "@id": "way/1160134988",
        "access": "yes",
        "fee": "no",
        "garden:type": "flowerbed",
        "leisure": "garden",
        "operator": "NMMC",
        "@geometry": "center"
      },
      "geometry": {
        "type": "Point",
        "coordinates": [
          73.0235167,
          19.0107339
        ]
      },
      "id": "way/1160134988"
    },
    {
      "type": "Feature",
      "properties": {
        "@id": "way/1161171312",
        "leisure": "garden",
        "@geometry": "center"
      },
      "geometry": {
        "type": "Point",
        "coordinates": [
          72.9864854,
          19.1490928
        ]
      },
      "id": "way/1161171312"
    },
    {
      "type": "Feature",
      "properties": {
        "@id": "way/1162013298",
        "leisure": "park",
        "@geometry": "center"
      },
      "geometry": {
        "type": "Point",
        "coordinates": [
          73.0916324,
          19.2042421
        ]
      },
      "id": "way/1162013298"
    },
    {
      "type": "Feature",
      "properties": {
        "@id": "way/1162268117",
        "leisure": "park",
        "@geometry": "center"
      },
      "geometry": {
        "type": "Point",
        "coordinates": [
          72.9375552,
          19.1789423
        ]
      },
      "id": "way/1162268117"
    },
    {
      "type": "Feature",
      "properties": {
        "@id": "way/1162373132",
        "leisure": "park",
        "@geometry": "center"
      },
      "geometry": {
        "type": "Point",
        "coordinates": [
          72.9375443,
          19.1789629
        ]
      },
      "id": "way/1162373132"
    },
    {
      "type": "Feature",
      "properties": {
        "@id": "way/1165374041",
        "leisure": "park",
        "name": "B. J. Patel Recreation Ground",
        "@geometry": "center"
      },
      "geometry": {
        "type": "Point",
        "coordinates": [
          72.8431712,
          19.1951123
        ]
      },
      "id": "way/1165374041"
    },
    {
      "type": "Feature",
      "properties": {
        "@id": "way/1166038369",
        "leisure": "park",
        "name": "Pandit Jawaharlal Nehru Shatabdi Udyan",
        "name:etymology:wikidata": "Q1047",
        "@geometry": "center"
      },
      "geometry": {
        "type": "Point",
        "coordinates": [
          72.935683,
          19.1750822
        ]
      },
      "id": "way/1166038369"
    },
    {
      "type": "Feature",
      "properties": {
        "@id": "way/1170388419",
        "leisure": "park",
        "@geometry": "center"
      },
      "geometry": {
        "type": "Point",
        "coordinates": [
          72.8404351,
          19.1371458
        ]
      },
      "id": "way/1170388419"
    },
    {
      "type": "Feature",
      "properties": {
        "@id": "way/1170391887",
        "leisure": "park",
        "@geometry": "center"
      },
      "geometry": {
        "type": "Point",
        "coordinates": [
          72.8311882,
          19.1877564
        ]
      },
      "id": "way/1170391887"
    },
    {
      "type": "Feature",
      "properties": {
        "@id": "way/1170402619",
        "leisure": "park",
        "@geometry": "center"
      },
      "geometry": {
        "type": "Point",
        "coordinates": [
          72.8184114,
          19.1927472
        ]
      },
      "id": "way/1170402619"
    },
    {
      "type": "Feature",
      "properties": {
        "@id": "way/1172746092",
        "leaf_cycle": "semi_deciduous",
        "leaf_type": "broadleaved",
        "leisure": "park",
        "@geometry": "center"
      },
      "geometry": {
        "type": "Point",
        "coordinates": [
          73.0277569,
          19.0243771
        ]
      },
      "id": "way/1172746092"
    },
    {
      "type": "Feature",
      "properties": {
        "@id": "way/1172746095",
        "leaf_cycle": "semi_deciduous",
        "leaf_type": "broadleaved",
        "leisure": "park",
        "@geometry": "center"
      },
      "geometry": {
        "type": "Point",
        "coordinates": [
          73.0276091,
          19.0242737
        ]
      },
      "id": "way/1172746095"
    },
    {
      "type": "Feature",
      "properties": {
        "@id": "way/1184838789",
        "addr:city": "Navi Mumbai",
        "addr:housenumber": "Pushparni Sahitya Katta",
        "addr:postcode": "400706",
        "addr:street": "Adi Shankaracharya Marg",
        "leisure": "garden",
        "name": "Pushparni Sahitya Katta",
        "plant": "shrub",
        "@geometry": "center"
      },
      "geometry": {
        "type": "Point",
        "coordinates": [
          73.0242128,
          19.022851
        ]
      },
      "id": "way/1184838789"
    },
    {
      "type": "Feature",
      "properties": {
        "@id": "way/1184838790",
        "addr:city": "Navi Mumbai",
        "addr:housenumber": "Sadafuli Nursery and Vegetable Farm",
        "addr:postcode": "400706",
        "addr:street": "Sector 27 Road",
        "leisure": "garden",
        "name": "Sadafuli Nursery and Vegetable Farm",
        "plant": "shrub",
        "@geometry": "center"
      },
      "geometry": {
        "type": "Point",
        "coordinates": [
          73.0237605,
          19.0213088
        ]
      },
      "id": "way/1184838790"
    },
    {
      "type": "Feature",
      "properties": {
        "@id": "way/1184840491",
        "addr:city": "Navi Mumbai",
        "addr:housenumber": "Walkers Park",
        "addr:postcode": "400706",
        "addr:street": "Basveshwar Maharaj Marg",
        "leisure": "park",
        "name": "Walkers Park",
        "opening_hours": "24/7",
        "@geometry": "center"
      },
      "geometry": {
        "type": "Point",
        "coordinates": [
          73.0241687,
          19.0282743
        ]
      },
      "id": "way/1184840491"
    },
    {
      "type": "Feature",
      "properties": {
        "@id": "way/1185449209",
        "addr:city": "Navi Mumbai",
        "addr:housenumber": "Sujata Pravik park",
        "addr:postcode": "400706",
        "addr:street": "Parsik Hill Road",
        "leisure": "park",
        "name": "Sujata Pravik park",
        "opening_hours": "24/7",
        "@geometry": "center"
      },
      "geometry": {
        "type": "Point",
        "coordinates": [
          73.0281812,
          19.0213376
        ]
      },
      "id": "way/1185449209"
    },
    {
      "type": "Feature",
      "properties": {
        "@id": "way/1185449505",
        "leisure": "park",
        "@geometry": "center"
      },
      "geometry": {
        "type": "Point",
        "coordinates": [
          73.0283489,
          19.0207941
        ]
      },
      "id": "way/1185449505"
    },
    {
      "type": "Feature",
      "properties": {
        "@id": "way/1185867148",
        "addr:city": "Navi Mumbai",
        "addr:housenumber": "Sai Krupa Open Park",
        "addr:postcode": "400706",
        "addr:street": "Sector 27 Road",
        "leisure": "park",
        "name": "Sai Krupa Open Park",
        "@geometry": "center"
      },
      "geometry": {
        "type": "Point",
        "coordinates": [
          73.0245528,
          19.0219951
        ]
      },
      "id": "way/1185867148"
    },
    {
      "type": "Feature",
      "properties": {
        "@id": "way/1185867149",
        "addr:city": "Navi Mumbai",
        "addr:housenumber": "Sai Krupa Open Park",
        "addr:postcode": "400706",
        "addr:street": "Sector 27 Road",
        "leisure": "park",
        "name": "Sai Krupa Park",
        "@geometry": "center"
      },
      "geometry": {
        "type": "Point",
        "coordinates": [
          73.0248461,
          19.0220951
        ]
      },
      "id": "way/1185867149"
    },
    {
      "type": "Feature",
      "properties": {
        "@id": "way/1187276897",
        "leisure": "park",
        "@geometry": "center"
      },
      "geometry": {
        "type": "Point",
        "coordinates": [
          73.0276695,
          19.024343
        ]
      },
      "id": "way/1187276897"
    },
    {
      "type": "Feature",
      "properties": {
        "@id": "way/1187285806",
        "leisure": "park",
        "name": "Residential park",
        "@geometry": "center"
      },
      "geometry": {
        "type": "Point",
        "coordinates": [
          73.0217262,
          19.0284771
        ]
      },
      "id": "way/1187285806"
    },
    {
      "type": "Feature",
      "properties": {
        "@id": "way/1187286101",
        "leisure": "park",
        "@geometry": "center"
      },
      "geometry": {
        "type": "Point",
        "coordinates": [
          73.0206443,
          19.0282826
        ]
      },
      "id": "way/1187286101"
    },
    {
      "type": "Feature",
      "properties": {
        "@id": "way/1187529808",
        "leisure": "garden",
        "@geometry": "center"
      },
      "geometry": {
        "type": "Point",
        "coordinates": [
          73.0203066,
          19.0255058
        ]
      },
      "id": "way/1187529808"
    },
    {
      "type": "Feature",
      "properties": {
        "@id": "way/1187675514",
        "leisure": "park",
        "@geometry": "center"
      },
      "geometry": {
        "type": "Point",
        "coordinates": [
          72.8969559,
          19.1325935
        ]
      },
      "id": "way/1187675514"
    },
    {
      "type": "Feature",
      "properties": {
        "@id": "way/1188425431",
        "leisure": "park",
        "@geometry": "center"
      },
      "geometry": {
        "type": "Point",
        "coordinates": [
          73.0241457,
          19.0221314
        ]
      },
      "id": "way/1188425431"
    },
    {
      "type": "Feature",
      "properties": {
        "@id": "way/1189197313",
        "leisure": "park",
        "@geometry": "center"
      },
      "geometry": {
        "type": "Point",
        "coordinates": [
          73.0193039,
          19.0289148
        ]
      },
      "id": "way/1189197313"
    },
    {
      "type": "Feature",
      "properties": {
        "@id": "way/1189775843",
        "addr:city": "Mumbai",
        "addr:district": "Chembur",
        "addr:housenumber": "Vitta Sanchay Society",
        "addr:postcode": "400074",
        "addr:street": "RCF Road",
        "leisure": "park",
        "name": "Vitta Sanchay Society Play ground",
        "operator": "Vitta Sanchay Society",
        "operator:type": "private",
        "@geometry": "center"
      },
      "geometry": {
        "type": "Point",
        "coordinates": [
          72.8875218,
          19.0306505
        ]
      },
      "id": "way/1189775843"
    },
    {
      "type": "Feature",
      "properties": {
        "@id": "way/1192691039",
        "leisure": "park",
        "@geometry": "center"
      },
      "geometry": {
        "type": "Point",
        "coordinates": [
          72.8323003,
          19.1711811
        ]
      },
      "id": "way/1192691039"
    },
    {
      "type": "Feature",
      "properties": {
        "@id": "way/1192694258",
        "leisure": "park",
        "name": "Nahar Nature Park",
        "@geometry": "center"
      },
      "geometry": {
        "type": "Point",
        "coordinates": [
          72.8995361,
          19.1098399
        ]
      },
      "id": "way/1192694258"
    },
    {
      "type": "Feature",
      "properties": {
        "@id": "way/1192694259",
        "leisure": "garden",
        "@geometry": "center"
      },
      "geometry": {
        "type": "Point",
        "coordinates": [
          72.899846,
          19.1023265
        ]
      },
      "id": "way/1192694259"
    },
    {
      "type": "Feature",
      "properties": {
        "@id": "way/1197850017",
        "leisure": "park",
        "@geometry": "center"
      },
      "geometry": {
        "type": "Point",
        "coordinates": [
          73.0206653,
          19.0230564
        ]
      },
      "id": "way/1197850017"
    },
    {
      "type": "Feature",
      "properties": {
        "@id": "way/1197850018",
        "leisure": "park",
        "@geometry": "center"
      },
      "geometry": {
        "type": "Point",
        "coordinates": [
          73.0300869,
          19.0291615
        ]
      },
      "id": "way/1197850018"
    },
    {
      "type": "Feature",
      "properties": {
        "@id": "way/1199408714",
        "leisure": "park",
        "name": "Shreenagar Hanging Gardens",
        "@geometry": "center"
      },
      "geometry": {
        "type": "Point",
        "coordinates": [
          72.9425066,
          19.1910308
        ]
      },
      "id": "way/1199408714"
    },
    {
      "type": "Feature",
      "properties": {
        "@id": "way/1213417804",
        "leisure": "park",
        "name": "basket ball court",
        "@geometry": "center"
      },
      "geometry": {
        "type": "Point",
        "coordinates": [
          72.8891083,
          19.0818865
        ]
      },
      "id": "way/1213417804"
    },
    {
      "type": "Feature",
      "properties": {
        "@id": "way/1214769691",
        "addr:city": "Mumbai",
        "addr:district": "Mumbai",
        "addr:postcode": "400078",
        "addr:street": "Bhandup Village Road",
        "leisure": "park",
        "name": "Red Ground",
        "@geometry": "center"
      },
      "geometry": {
        "type": "Point",
        "coordinates": [
          72.9403401,
          19.1516522
        ]
      },
      "id": "way/1214769691"
    },
    {
      "type": "Feature",
      "properties": {
        "@id": "way/1215013621",
        "access": "yes",
        "fee": "no",
        "garden:type": "public",
        "leisure": "garden",
        "name": "Kukreja Garden",
        "time": "8:00am-2:00pm nd 5:00pm-11:00pm",
        "@geometry": "center"
      },
      "geometry": {
        "type": "Point",
        "coordinates": [
          72.9394089,
          19.1499216
        ]
      },
      "id": "way/1215013621"
    },
    {
      "type": "Feature",
      "properties": {
        "@id": "way/1215018773",
        "access": "yes",
        "garden:type": "public",
        "leisure": "garden",
        "name": "H.P.K garden",
        "natural": "tree_row",
        "opening_hours": "sunrise-sunset",
        "operator": "MCGM,mumbai",
        "operator:type": "government",
        "@geometry": "center"
      },
      "geometry": {
        "type": "Point",
        "coordinates": [
          72.8757505,
          19.0673331
        ]
      },
      "id": "way/1215018773"
    },
    {
      "type": "Feature",
      "properties": {
        "@id": "way/1218413257",
        "addr:city": "Thane",
        "addr:district": "Thane",
        "leisure": "park",
        "name": "Hospital Ground",
        "operator": "BMC",
        "operator:type": "government",
        "@geometry": "center"
      },
      "geometry": {
        "type": "Point",
        "coordinates": [
          72.9610474,
          19.1809672
        ]
      },
      "id": "way/1218413257"
    },
    {
      "type": "Feature",
      "properties": {
        "@id": "way/1218414079",
        "addr:housenumber": "thane",
        "leisure": "park",
        "name": "hospital ground",
        "opening_hours": "Mo-Su 07:00-22:00",
        "operator": "BMC",
        "operator:type": "government",
        "@geometry": "center"
      },
      "geometry": {
        "type": "Point",
        "coordinates": [
          72.9609517,
          19.1810131
        ]
      },
      "id": "way/1218414079"
    },
    {
      "type": "Feature",
      "properties": {
        "@id": "way/1218414084",
        "addr:housenumber": "thane",
        "leisure": "park",
        "name": "hospital ground",
        "opening_hours": "Mo-Su 07:00-22:00",
        "operator": "BMC",
        "operator:type": "government",
        "@geometry": "center"
      },
      "geometry": {
        "type": "Point",
        "coordinates": [
          72.9609561,
          19.1810175
        ]
      },
      "id": "way/1218414084"
    },
    {
      "type": "Feature",
      "properties": {
        "@id": "way/1218414085",
        "addr:city": "Thane",
        "leisure": "park",
        "name": "mental hosp. ground",
        "opening_hours": "sunrise-sunset",
        "operator": "B.M.C.",
        "operator:type": "government",
        "@geometry": "center"
      },
      "geometry": {
        "type": "Point",
        "coordinates": [
          72.9609457,
          19.1812112
        ]
      },
      "id": "way/1218414085"
    },
    {
      "type": "Feature",
      "properties": {
        "@id": "way/1218414086",
        "addr:city": "Thane",
        "addr:district": "Thane",
        "leisure": "park",
        "name": "mental hospital park",
        "operator": "bmc",
        "operator:type": "government",
        "@geometry": "center"
      },
      "geometry": {
        "type": "Point",
        "coordinates": [
          72.9609491,
          19.1812256
        ]
      },
      "id": "way/1218414086"
    },
    {
      "type": "Feature",
      "properties": {
        "@id": "way/1218775750",
        "leisure": "park",
        "@geometry": "center"
      },
      "geometry": {
        "type": "Point",
        "coordinates": [
          72.8590176,
          19.3020852
        ]
      },
      "id": "way/1218775750"
    },
    {
      "type": "Feature",
      "properties": {
        "@id": "way/1218775759",
        "leisure": "park",
        "@geometry": "center"
      },
      "geometry": {
        "type": "Point",
        "coordinates": [
          72.8588672,
          19.3039693
        ]
      },
      "id": "way/1218775759"
    },
    {
      "type": "Feature",
      "properties": {
        "@id": "way/1218775760",
        "leisure": "park",
        "@geometry": "center"
      },
      "geometry": {
        "type": "Point",
        "coordinates": [
          72.8591591,
          19.3032032
        ]
      },
      "id": "way/1218775760"
    },
    {
      "type": "Feature",
      "properties": {
        "@id": "way/1218812694",
        "leisure": "park",
        "@geometry": "center"
      },
      "geometry": {
        "type": "Point",
        "coordinates": [
          72.8484039,
          19.3035376
        ]
      },
      "id": "way/1218812694"
    },
    {
      "type": "Feature",
      "properties": {
        "@id": "way/1218820217",
        "leisure": "park",
        "@geometry": "center"
      },
      "geometry": {
        "type": "Point",
        "coordinates": [
          72.8505419,
          19.3054909
        ]
      },
      "id": "way/1218820217"
    },
    {
      "type": "Feature",
      "properties": {
        "@id": "way/1218825801",
        "leisure": "park",
        "name": "santok ground",
        "@geometry": "center"
      },
      "geometry": {
        "type": "Point",
        "coordinates": [
          72.8486184,
          19.3059187
        ]
      },
      "id": "way/1218825801"
    },
    {
      "type": "Feature",
      "properties": {
        "@id": "way/1219017258",
        "leisure": "park",
        "@geometry": "center"
      },
      "geometry": {
        "type": "Point",
        "coordinates": [
          72.8547023,
          19.3066011
        ]
      },
      "id": "way/1219017258"
    },
    {
      "type": "Feature",
      "properties": {
        "@id": "way/1219275032",
        "leisure": "garden",
        "@geometry": "center"
      },
      "geometry": {
        "type": "Point",
        "coordinates": [
          72.8635504,
          19.2962037
        ]
      },
      "id": "way/1219275032"
    },
    {
      "type": "Feature",
      "properties": {
        "@id": "way/1219275037",
        "leisure": "garden",
        "@geometry": "center"
      },
      "geometry": {
        "type": "Point",
        "coordinates": [
          72.8618338,
          19.2962082
        ]
      },
      "id": "way/1219275037"
    },
    {
      "type": "Feature",
      "properties": {
        "@id": "way/1219275038",
        "leisure": "garden",
        "@geometry": "center"
      },
      "geometry": {
        "type": "Point",
        "coordinates": [
          72.8622729,
          19.2965848
        ]
      },
      "id": "way/1219275038"
    },
    {
      "type": "Feature",
      "properties": {
        "@id": "way/1219275039",
        "leisure": "garden",
        "@geometry": "center"
      },
      "geometry": {
        "type": "Point",
        "coordinates": [
          72.862747,
          19.2962607
        ]
      },
      "id": "way/1219275039"
    },
    {
      "type": "Feature",
      "properties": {
        "@id": "way/1219277493",
        "leisure": "park",
        "@geometry": "center"
      },
      "geometry": {
        "type": "Point",
        "coordinates": [
          72.8637865,
          19.298482
        ]
      },
      "id": "way/1219277493"
    },
    {
      "type": "Feature",
      "properties": {
        "@id": "way/1219284994",
        "leisure": "park",
        "@geometry": "center"
      },
      "geometry": {
        "type": "Point",
        "coordinates": [
          72.847431,
          19.2936763
        ]
      },
      "id": "way/1219284994"
    },
    {
      "type": "Feature",
      "properties": {
        "@id": "way/1219478712",
        "leisure": "garden",
        "@geometry": "center"
      },
      "geometry": {
        "type": "Point",
        "coordinates": [
          72.870719,
          19.2964237
        ]
      },
      "id": "way/1219478712"
    },
    {
      "type": "Feature",
      "properties": {
        "@id": "way/1219486026",
        "leisure": "garden",
        "@geometry": "center"
      },
      "geometry": {
        "type": "Point",
        "coordinates": [
          72.8705625,
          19.3002117
        ]
      },
      "id": "way/1219486026"
    },
    {
      "type": "Feature",
      "properties": {
        "@id": "way/1219498804",
        "leisure": "garden",
        "@geometry": "center"
      },
      "geometry": {
        "type": "Point",
        "coordinates": [
          72.8700734,
          19.2959405
        ]
      },
      "id": "way/1219498804"
    },
    {
      "type": "Feature",
      "properties": {
        "@id": "way/1219498805",
        "leisure": "park",
        "@geometry": "center"
      },
      "geometry": {
        "type": "Point",
        "coordinates": [
          72.8705998,
          19.2958367
        ]
      },
      "id": "way/1219498805"
    },
    {
      "type": "Feature",
      "properties": {
        "@id": "way/1219498806",
        "leisure": "garden",
        "@geometry": "center"
      },
      "geometry": {
        "type": "Point",
        "coordinates": [
          72.8672904,
          19.2961999
        ]
      },
      "id": "way/1219498806"
    },
    {
      "type": "Feature",
      "properties": {
        "@id": "way/1219498809",
        "leisure": "park",
        "@geometry": "center"
      },
      "geometry": {
        "type": "Point",
        "coordinates": [
          72.8669643,
          19.297708
        ]
      },
      "id": "way/1219498809"
    },
    {
      "type": "Feature",
      "properties": {
        "@id": "way/1219498810",
        "leisure": "garden",
        "@geometry": "center"
      },
      "geometry": {
        "type": "Point",
        "coordinates": [
          72.8669633,
          19.2981617
        ]
      },
      "id": "way/1219498810"
    },
    {
      "type": "Feature",
      "properties": {
        "@id": "way/1219521135",
        "leisure": "park",
        "level": "2",
        "@geometry": "center"
      },
      "geometry": {
        "type": "Point",
        "coordinates": [
          72.8650704,
          19.2996012
        ]
      },
      "id": "way/1219521135"
    },
    {
      "type": "Feature",
      "properties": {
        "@id": "way/1219521137",
        "leisure": "garden",
        "@geometry": "center"
      },
      "geometry": {
        "type": "Point",
        "coordinates": [
          72.8625109,
          19.3006068
        ]
      },
      "id": "way/1219521137"
    },
    {
      "type": "Feature",
      "properties": {
        "@id": "way/1219521147",
        "leisure": "garden",
        "@geometry": "center"
      },
      "geometry": {
        "type": "Point",
        "coordinates": [
          72.8661421,
          19.2988939
        ]
      },
      "id": "way/1219521147"
    },
    {
      "type": "Feature",
      "properties": {
        "@id": "way/1219522840",
        "leisure": "park",
        "@geometry": "center"
      },
      "geometry": {
        "type": "Point",
        "coordinates": [
          72.8659217,
          19.2970038
        ]
      },
      "id": "way/1219522840"
    },
    {
      "type": "Feature",
      "properties": {
        "@id": "way/1219522842",
        "leisure": "park",
        "@geometry": "center"
      },
      "geometry": {
        "type": "Point",
        "coordinates": [
          72.8654035,
          19.2969023
        ]
      },
      "id": "way/1219522842"
    },
    {
      "type": "Feature",
      "properties": {
        "@id": "way/1219538482",
        "leisure": "park",
        "@geometry": "center"
      },
      "geometry": {
        "type": "Point",
        "coordinates": [
          72.8621107,
          19.2940283
        ]
      },
      "id": "way/1219538482"
    },
    {
      "type": "Feature",
      "properties": {
        "@id": "way/1219538485",
        "leisure": "garden",
        "@geometry": "center"
      },
      "geometry": {
        "type": "Point",
        "coordinates": [
          72.8629194,
          19.2920412
        ]
      },
      "id": "way/1219538485"
    },
    {
      "type": "Feature",
      "properties": {
        "@id": "way/1219538486",
        "leisure": "park",
        "@geometry": "center"
      },
      "geometry": {
        "type": "Point",
        "coordinates": [
          72.8626107,
          19.2918109
        ]
      },
      "id": "way/1219538486"
    },
    {
      "type": "Feature",
      "properties": {
        "@id": "way/1219538487",
        "leisure": "garden",
        "@geometry": "center"
      },
      "geometry": {
        "type": "Point",
        "coordinates": [
          72.8635625,
          19.2912746
        ]
      },
      "id": "way/1219538487"
    },
    {
      "type": "Feature",
      "properties": {
        "@id": "way/1219538489",
        "leisure": "garden",
        "@geometry": "center"
      },
      "geometry": {
        "type": "Point",
        "coordinates": [
          72.8640815,
          19.2910275
        ]
      },
      "id": "way/1219538489"
    },
    {
      "type": "Feature",
      "properties": {
        "@id": "way/1219538490",
        "leisure": "garden",
        "@geometry": "center"
      },
      "geometry": {
        "type": "Point",
        "coordinates": [
          72.864478,
          19.2916788
        ]
      },
      "id": "way/1219538490"
    },
    {
      "type": "Feature",
      "properties": {
        "@id": "way/1219538493",
        "leisure": "garden",
        "@geometry": "center"
      },
      "geometry": {
        "type": "Point",
        "coordinates": [
          72.8622389,
          19.2930755
        ]
      },
      "id": "way/1219538493"
    },
    {
      "type": "Feature",
      "properties": {
        "@id": "way/1219538499",
        "leisure": "garden",
        "@geometry": "center"
      },
      "geometry": {
        "type": "Point",
        "coordinates": [
          72.8662083,
          19.2909175
        ]
      },
      "id": "way/1219538499"
    },
    {
      "type": "Feature",
      "properties": {
        "@id": "way/1219538507",
        "leisure": "park",
        "@geometry": "center"
      },
      "geometry": {
        "type": "Point",
        "coordinates": [
          72.8647637,
          19.2925782
        ]
      },
      "id": "way/1219538507"
    },
    {
      "type": "Feature",
      "properties": {
        "@id": "way/1219538513",
        "leisure": "garden",
        "@geometry": "center"
      },
      "geometry": {
        "type": "Point",
        "coordinates": [
          72.8641454,
          19.2933349
        ]
      },
      "id": "way/1219538513"
    },
    {
      "type": "Feature",
      "properties": {
        "@id": "way/1219538514",
        "leisure": "garden",
        "@geometry": "center"
      },
      "geometry": {
        "type": "Point",
        "coordinates": [
          72.8636454,
          19.2931549
        ]
      },
      "id": "way/1219538514"
    },
    {
      "type": "Feature",
      "properties": {
        "@id": "way/1219543414",
        "leisure": "garden",
        "@geometry": "center"
      },
      "geometry": {
        "type": "Point",
        "coordinates": [
          72.8665587,
          19.294143
        ]
      },
      "id": "way/1219543414"
    },
    {
      "type": "Feature",
      "properties": {
        "@id": "way/1219543417",
        "leisure": "garden",
        "@geometry": "center"
      },
      "geometry": {
        "type": "Point",
        "coordinates": [
          72.866618,
          19.293543
        ]
      },
      "id": "way/1219543417"
    },
    {
      "type": "Feature",
      "properties": {
        "@id": "way/1219543418",
        "leisure": "park",
        "@geometry": "center"
      },
      "geometry": {
        "type": "Point",
        "coordinates": [
          72.8663381,
          19.2935133
        ]
      },
      "id": "way/1219543418"
    },
    {
      "type": "Feature",
      "properties": {
        "@id": "way/1219548699",
        "leisure": "park",
        "@geometry": "center"
      },
      "geometry": {
        "type": "Point",
        "coordinates": [
          72.8690195,
          19.2908043
        ]
      },
      "id": "way/1219548699"
    },
    {
      "type": "Feature",
      "properties": {
        "@id": "way/1219548708",
        "leisure": "garden",
        "@geometry": "center"
      },
      "geometry": {
        "type": "Point",
        "coordinates": [
          72.8671773,
          19.2916205
        ]
      },
      "id": "way/1219548708"
    },
    {
      "type": "Feature",
      "properties": {
        "@id": "way/1219552147",
        "leisure": "park",
        "@geometry": "center"
      },
      "geometry": {
        "type": "Point",
        "coordinates": [
          72.8719533,
          19.2942361
        ]
      },
      "id": "way/1219552147"
    },
    {
      "type": "Feature",
      "properties": {
        "@id": "way/1219552149",
        "leisure": "garden",
        "@geometry": "center"
      },
      "geometry": {
        "type": "Point",
        "coordinates": [
          72.8699474,
          19.2949354
        ]
      },
      "id": "way/1219552149"
    },
    {
      "type": "Feature",
      "properties": {
        "@id": "way/1219552151",
        "leisure": "garden",
        "@geometry": "center"
      },
      "geometry": {
        "type": "Point",
        "coordinates": [
          72.8719761,
          19.2949751
        ]
      },
      "id": "way/1219552151"
    },
    {
      "type": "Feature",
      "properties": {
        "@id": "way/1219552152",
        "leisure": "garden",
        "@geometry": "center"
      },
      "geometry": {
        "type": "Point",
        "coordinates": [
          72.8712532,
          19.2952454
        ]
      },
      "id": "way/1219552152"
    },
    {
      "type": "Feature",
      "properties": {
        "@id": "way/1219552156",
        "leisure": "park",
        "@geometry": "center"
      },
      "geometry": {
        "type": "Point",
        "coordinates": [
          72.8713675,
          19.2938837
        ]
      },
      "id": "way/1219552156"
    },
    {
      "type": "Feature",
      "properties": {
        "@id": "way/1219552157",
        "leisure": "garden",
        "@geometry": "center"
      },
      "geometry": {
        "type": "Point",
        "coordinates": [
          72.8720302,
          19.2936267
        ]
      },
      "id": "way/1219552157"
    },
    {
      "type": "Feature",
      "properties": {
        "@id": "way/1219558713",
        "leisure": "garden",
        "@geometry": "center"
      },
      "geometry": {
        "type": "Point",
        "coordinates": [
          72.8692306,
          19.2947082
        ]
      },
      "id": "way/1219558713"
    },
    {
      "type": "Feature",
      "properties": {
        "@id": "way/1219558715",
        "leisure": "garden",
        "@geometry": "center"
      },
      "geometry": {
        "type": "Point",
        "coordinates": [
          72.869748,
          19.2942779
        ]
      },
      "id": "way/1219558715"
    },
    {
      "type": "Feature",
      "properties": {
        "@id": "way/1219558718",
        "leisure": "garden",
        "@geometry": "center"
      },
      "geometry": {
        "type": "Point",
        "coordinates": [
          72.8706714,
          19.2932342
        ]
      },
      "id": "way/1219558718"
    },
    {
      "type": "Feature",
      "properties": {
        "@id": "way/1219558724",
        "leisure": "garden",
        "@geometry": "center"
      },
      "geometry": {
        "type": "Point",
        "coordinates": [
          72.8699161,
          19.2919182
        ]
      },
      "id": "way/1219558724"
    },
    {
      "type": "Feature",
      "properties": {
        "@id": "way/1219558725",
        "leisure": "garden",
        "@geometry": "center"
      },
      "geometry": {
        "type": "Point",
        "coordinates": [
          72.8697991,
          19.2913191
        ]
      },
      "id": "way/1219558725"
    },
    {
      "type": "Feature",
      "properties": {
        "@id": "way/1219558729",
        "leisure": "garden",
        "@geometry": "center"
      },
      "geometry": {
        "type": "Point",
        "coordinates": [
          72.8673409,
          19.2937285
        ]
      },
      "id": "way/1219558729"
    },
    {
      "type": "Feature",
      "properties": {
        "@id": "way/1219558731",
        "leisure": "garden",
        "@geometry": "center"
      },
      "geometry": {
        "type": "Point",
        "coordinates": [
          72.8670604,
          19.294237
        ]
      },
      "id": "way/1219558731"
    },
    {
      "type": "Feature",
      "properties": {
        "@id": "way/1219558734",
        "leisure": "garden",
        "@geometry": "center"
      },
      "geometry": {
        "type": "Point",
        "coordinates": [
          72.8678151,
          19.2952295
        ]
      },
      "id": "way/1219558734"
    },
    {
      "type": "Feature",
      "properties": {
        "@id": "way/1219558738",
        "leisure": "garden",
        "@geometry": "center"
      },
      "geometry": {
        "type": "Point",
        "coordinates": [
          72.8679966,
          19.2932775
        ]
      },
      "id": "way/1219558738"
    },
    {
      "type": "Feature",
      "properties": {
        "@id": "way/1219692655",
        "leisure": "park",
        "@geometry": "center"
      },
      "geometry": {
        "type": "Point",
        "coordinates": [
          72.8184522,
          19.2070587
        ]
      },
      "id": "way/1219692655"
    },
    {
      "type": "Feature",
      "properties": {
        "@id": "way/1219731063",
        "leisure": "garden",
        "@geometry": "center"
      },
      "geometry": {
        "type": "Point",
        "coordinates": [
          72.8751658,
          19.2967869
        ]
      },
      "id": "way/1219731063"
    },
    {
      "type": "Feature",
      "properties": {
        "@id": "way/1219737845",
        "leisure": "garden",
        "@geometry": "center"
      },
      "geometry": {
        "type": "Point",
        "coordinates": [
          72.8731394,
          19.2989072
        ]
      },
      "id": "way/1219737845"
    },
    {
      "type": "Feature",
      "properties": {
        "@id": "way/1219737856",
        "leisure": "garden",
        "@geometry": "center"
      },
      "geometry": {
        "type": "Point",
        "coordinates": [
          72.8772421,
          19.297117
        ]
      },
      "id": "way/1219737856"
    },
    {
      "type": "Feature",
      "properties": {
        "@id": "way/1219737873",
        "leisure": "park",
        "@geometry": "center"
      },
      "geometry": {
        "type": "Point",
        "coordinates": [
          72.876898,
          19.2996784
        ]
      },
      "id": "way/1219737873"
    },
    {
      "type": "Feature",
      "properties": {
        "@id": "way/1219743691",
        "leisure": "park",
        "@geometry": "center"
      },
      "geometry": {
        "type": "Point",
        "coordinates": [
          72.8500895,
          19.3058456
        ]
      },
      "id": "way/1219743691"
    },
    {
      "type": "Feature",
      "properties": {
        "@id": "way/1219809356",
        "leisure": "park",
        "@geometry": "center"
      },
      "geometry": {
        "type": "Point",
        "coordinates": [
          72.8781734,
          19.293952
        ]
      },
      "id": "way/1219809356"
    },
    {
      "type": "Feature",
      "properties": {
        "@id": "way/1219809365",
        "leisure": "park",
        "@geometry": "center"
      },
      "geometry": {
        "type": "Point",
        "coordinates": [
          72.8781458,
          19.2929842
        ]
      },
      "id": "way/1219809365"
    },
    {
      "type": "Feature",
      "properties": {
        "@id": "way/1219809367",
        "leisure": "park",
        "@geometry": "center"
      },
      "geometry": {
        "type": "Point",
        "coordinates": [
          72.878727,
          19.2927673
        ]
      },
      "id": "way/1219809367"
    },
    {
      "type": "Feature",
      "properties": {
        "@id": "way/1219828697",
        "leisure": "garden",
        "@geometry": "center"
      },
      "geometry": {
        "type": "Point",
        "coordinates": [
          72.8759079,
          19.2943209
        ]
      },
      "id": "way/1219828697"
    },
    {
      "type": "Feature",
      "properties": {
        "@id": "way/1219828701",
        "leisure": "park",
        "@geometry": "center"
      },
      "geometry": {
        "type": "Point",
        "coordinates": [
          72.8773255,
          19.2936573
        ]
      },
      "id": "way/1219828701"
    },
    {
      "type": "Feature",
      "properties": {
        "@id": "way/1219828703",
        "leisure": "garden",
        "@geometry": "center"
      },
      "geometry": {
        "type": "Point",
        "coordinates": [
          72.8768977,
          19.2928315
        ]
      },
      "id": "way/1219828703"
    },
    {
      "type": "Feature",
      "properties": {
        "@id": "way/1219828722",
        "leisure": "park",
        "@geometry": "center"
      },
      "geometry": {
        "type": "Point",
        "coordinates": [
          72.8775155,
          19.2905679
        ]
      },
      "id": "way/1219828722"
    },
    {
      "type": "Feature",
      "properties": {
        "@id": "way/1219828724",
        "leisure": "garden",
        "@geometry": "center"
      },
      "geometry": {
        "type": "Point",
        "coordinates": [
          72.8774213,
          19.2924605
        ]
      },
      "id": "way/1219828724"
    },
    {
      "type": "Feature",
      "properties": {
        "@id": "way/1219828725",
        "leisure": "park",
        "@geometry": "center"
      },
      "geometry": {
        "type": "Point",
        "coordinates": [
          72.8772893,
          19.2941691
        ]
      },
      "id": "way/1219828725"
    },
    {
      "type": "Feature",
      "properties": {
        "@id": "way/1219828727",
        "leisure": "garden",
        "@geometry": "center"
      },
      "geometry": {
        "type": "Point",
        "coordinates": [
          72.8737219,
          19.295117
        ]
      },
      "id": "way/1219828727"
    },
    {
      "type": "Feature",
      "properties": {
        "@id": "way/1219828729",
        "leisure": "garden",
        "@geometry": "center"
      },
      "geometry": {
        "type": "Point",
        "coordinates": [
          72.8734713,
          19.294985
        ]
      },
      "id": "way/1219828729"
    },
    {
      "type": "Feature",
      "properties": {
        "@id": "way/1219828730",
        "leisure": "park",
        "@geometry": "center"
      },
      "geometry": {
        "type": "Point",
        "coordinates": [
          72.8735442,
          19.2938739
        ]
      },
      "id": "way/1219828730"
    },
    {
      "type": "Feature",
      "properties": {
        "@id": "way/1219828731",
        "leisure": "garden",
        "@geometry": "center"
      },
      "geometry": {
        "type": "Point",
        "coordinates": [
          72.8732289,
          19.2946776
        ]
      },
      "id": "way/1219828731"
    },
    {
      "type": "Feature",
      "properties": {
        "@id": "way/1219828733",
        "leisure": "garden",
        "@geometry": "center"
      },
      "geometry": {
        "type": "Point",
        "coordinates": [
          72.874173,
          19.2954637
        ]
      },
      "id": "way/1219828733"
    },
    {
      "type": "Feature",
      "properties": {
        "@id": "way/1220003154",
        "leisure": "park",
        "@geometry": "center"
      },
      "geometry": {
        "type": "Point",
        "coordinates": [
          72.8545595,
          19.0597233
        ]
      },
      "id": "way/1220003154"
    },
    {
      "type": "Feature",
      "properties": {
        "@id": "way/1220026645",
        "leisure": "garden",
        "@geometry": "center"
      },
      "geometry": {
        "type": "Point",
        "coordinates": [
          72.8845053,
          19.2838291
        ]
      },
      "id": "way/1220026645"
    },
    {
      "type": "Feature",
      "properties": {
        "@id": "way/1220026657",
        "leisure": "park",
        "@geometry": "center"
      },
      "geometry": {
        "type": "Point",
        "coordinates": [
          72.8876244,
          19.2802856
        ]
      },
      "id": "way/1220026657"
    },
    {
      "type": "Feature",
      "properties": {
        "@id": "way/1220026665",
        "leisure": "garden",
        "@geometry": "center"
      },
      "geometry": {
        "type": "Point",
        "coordinates": [
          72.8840442,
          19.2871216
        ]
      },
      "id": "way/1220026665"
    },
    {
      "type": "Feature",
      "properties": {
        "@id": "way/1220026669",
        "leisure": "garden",
        "@geometry": "center"
      },
      "geometry": {
        "type": "Point",
        "coordinates": [
          72.8843151,
          19.2883222
        ]
      },
      "id": "way/1220026669"
    },
    {
      "type": "Feature",
      "properties": {
        "@id": "way/1220026675",
        "leisure": "park",
        "@geometry": "center"
      },
      "geometry": {
        "type": "Point",
        "coordinates": [
          72.8838516,
          19.2874245
        ]
      },
      "id": "way/1220026675"
    },
    {
      "type": "Feature",
      "properties": {
        "@id": "way/1220045401",
        "leisure": "park",
        "@geometry": "center"
      },
      "geometry": {
        "type": "Point",
        "coordinates": [
          72.8894583,
          19.2883498
        ]
      },
      "id": "way/1220045401"
    },
    {
      "type": "Feature",
      "properties": {
        "@id": "way/1220045402",
        "leisure": "garden",
        "@geometry": "center"
      },
      "geometry": {
        "type": "Point",
        "coordinates": [
          72.8896307,
          19.287639
        ]
      },
      "id": "way/1220045402"
    },
    {
      "type": "Feature",
      "properties": {
        "@id": "way/1220045448",
        "leisure": "park",
        "@geometry": "center"
      },
      "geometry": {
        "type": "Point",
        "coordinates": [
          72.8909608,
          19.2806662
        ]
      },
      "id": "way/1220045448"
    },
    {
      "type": "Feature",
      "properties": {
        "@id": "way/1220329128",
        "leisure": "park",
        "@geometry": "center"
      },
      "geometry": {
        "type": "Point",
        "coordinates": [
          72.8896724,
          19.2918792
        ]
      },
      "id": "way/1220329128"
    },
    {
      "type": "Feature",
      "properties": {
        "@id": "way/1220329129",
        "leisure": "park",
        "@geometry": "center"
      },
      "geometry": {
        "type": "Point",
        "coordinates": [
          72.8890453,
          19.2920849
        ]
      },
      "id": "way/1220329129"
    },
    {
      "type": "Feature",
      "properties": {
        "@id": "way/1220329132",
        "leisure": "park",
        "@geometry": "center"
      },
      "geometry": {
        "type": "Point",
        "coordinates": [
          72.8875793,
          19.2945839
        ]
      },
      "id": "way/1220329132"
    },
    {
      "type": "Feature",
      "properties": {
        "@id": "way/1220518266",
        "leisure": "garden",
        "@geometry": "center"
      },
      "geometry": {
        "type": "Point",
        "coordinates": [
          72.8740277,
          19.2897228
        ]
      },
      "id": "way/1220518266"
    },
    {
      "type": "Feature",
      "properties": {
        "@id": "way/1220518275",
        "leisure": "park",
        "@geometry": "center"
      },
      "geometry": {
        "type": "Point",
        "coordinates": [
          72.8739911,
          19.2903063
        ]
      },
      "id": "way/1220518275"
    },
    {
      "type": "Feature",
      "properties": {
        "@id": "way/1220518277",
        "leisure": "garden",
        "@geometry": "center"
      },
      "geometry": {
        "type": "Point",
        "coordinates": [
          72.8751703,
          19.2896348
        ]
      },
      "id": "way/1220518277"
    },
    {
      "type": "Feature",
      "properties": {
        "@id": "way/1220518286",
        "leisure": "garden",
        "@geometry": "center"
      },
      "geometry": {
        "type": "Point",
        "coordinates": [
          72.8757227,
          19.2893301
        ]
      },
      "id": "way/1220518286"
    },
    {
      "type": "Feature",
      "properties": {
        "@id": "way/1220518287",
        "leisure": "garden",
        "@geometry": "center"
      },
      "geometry": {
        "type": "Point",
        "coordinates": [
          72.8755692,
          19.2887219
        ]
      },
      "id": "way/1220518287"
    },
    {
      "type": "Feature",
      "properties": {
        "@id": "way/1220518319",
        "leisure": "park",
        "@geometry": "center"
      },
      "geometry": {
        "type": "Point",
        "coordinates": [
          72.8767903,
          19.2897564
        ]
      },
      "id": "way/1220518319"
    },
    {
      "type": "Feature",
      "properties": {
        "@id": "way/1220866857",
        "leisure": "park",
        "@geometry": "center"
      },
      "geometry": {
        "type": "Point",
        "coordinates": [
          72.8759012,
          19.2857056
        ]
      },
      "id": "way/1220866857"
    },
    {
      "type": "Feature",
      "properties": {
        "@id": "way/1221238753",
        "leisure": "park",
        "@geometry": "center"
      },
      "geometry": {
        "type": "Point",
        "coordinates": [
          72.8767721,
          19.2882495
        ]
      },
      "id": "way/1221238753"
    },
    {
      "type": "Feature",
      "properties": {
        "@id": "way/1221238764",
        "leisure": "park",
        "@geometry": "center"
      },
      "geometry": {
        "type": "Point",
        "coordinates": [
          72.8765468,
          19.2879787
        ]
      },
      "id": "way/1221238764"
    },
    {
      "type": "Feature",
      "properties": {
        "@id": "way/1221238782",
        "leisure": "park",
        "@geometry": "center"
      },
      "geometry": {
        "type": "Point",
        "coordinates": [
          72.8777892,
          19.2867128
        ]
      },
      "id": "way/1221238782"
    },
    {
      "type": "Feature",
      "properties": {
        "@id": "way/1221238843",
        "leisure": "park",
        "@geometry": "center"
      },
      "geometry": {
        "type": "Point",
        "coordinates": [
          72.8770085,
          19.2865603
        ]
      },
      "id": "way/1221238843"
    },
    {
      "type": "Feature",
      "properties": {
        "@id": "way/1221238848",
        "leisure": "park",
        "@geometry": "center"
      },
      "geometry": {
        "type": "Point",
        "coordinates": [
          72.8770813,
          19.2852448
        ]
      },
      "id": "way/1221238848"
    },
    {
      "type": "Feature",
      "properties": {
        "@id": "way/1221243272",
        "leisure": "park",
        "@geometry": "center"
      },
      "geometry": {
        "type": "Point",
        "coordinates": [
          72.880446,
          19.2860958
        ]
      },
      "id": "way/1221243272"
    },
    {
      "type": "Feature",
      "properties": {
        "@id": "way/1221243273",
        "leisure": "park",
        "@geometry": "center"
      },
      "geometry": {
        "type": "Point",
        "coordinates": [
          72.8800304,
          19.2857158
        ]
      },
      "id": "way/1221243273"
    },
    {
      "type": "Feature",
      "properties": {
        "@id": "way/1221243274",
        "leisure": "garden",
        "@geometry": "center"
      },
      "geometry": {
        "type": "Point",
        "coordinates": [
          72.8802088,
          19.2852145
        ]
      },
      "id": "way/1221243274"
    },
    {
      "type": "Feature",
      "properties": {
        "@id": "way/1221243275",
        "leisure": "garden",
        "@geometry": "center"
      },
      "geometry": {
        "type": "Point",
        "coordinates": [
          72.8794987,
          19.2858182
        ]
      },
      "id": "way/1221243275"
    },
    {
      "type": "Feature",
      "properties": {
        "@id": "way/1221243277",
        "leisure": "garden",
        "@geometry": "center"
      },
      "geometry": {
        "type": "Point",
        "coordinates": [
          72.8818524,
          19.286544
        ]
      },
      "id": "way/1221243277"
    },
    {
      "type": "Feature",
      "properties": {
        "@id": "way/1221243283",
        "leisure": "park",
        "@geometry": "center"
      },
      "geometry": {
        "type": "Point",
        "coordinates": [
          72.8824263,
          19.2870194
        ]
      },
      "id": "way/1221243283"
    },
    {
      "type": "Feature",
      "properties": {
        "@id": "way/1221243290",
        "leisure": "park",
        "@geometry": "center"
      },
      "geometry": {
        "type": "Point",
        "coordinates": [
          72.8795373,
          19.286871
        ]
      },
      "id": "way/1221243290"
    },
    {
      "type": "Feature",
      "properties": {
        "@id": "way/1221243293",
        "leisure": "park",
        "@geometry": "center"
      },
      "geometry": {
        "type": "Point",
        "coordinates": [
          72.8773097,
          19.283793
        ]
      },
      "id": "way/1221243293"
    },
    {
      "type": "Feature",
      "properties": {
        "@id": "way/1221243299",
        "leisure": "garden",
        "@geometry": "center"
      },
      "geometry": {
        "type": "Point",
        "coordinates": [
          72.8792737,
          19.2839186
        ]
      },
      "id": "way/1221243299"
    },
    {
      "type": "Feature",
      "properties": {
        "@id": "way/1221243300",
        "leisure": "park",
        "@geometry": "center"
      },
      "geometry": {
        "type": "Point",
        "coordinates": [
          72.8830451,
          19.2863672
        ]
      },
      "id": "way/1221243300"
    },
    {
      "type": "Feature",
      "properties": {
        "@id": "way/1221533062",
        "addr:postcode": "401107",
        "addr:street": "Serenity, Sapphire and Swayam Common Garden",
        "leisure": "park",
        "name": "Serenity, Sapphire and Swayam Common Garden",
        "operator": "Serenity, Sapphire and Swayam CHS",
        "operator:type": "community",
        "@geometry": "center"
      },
      "geometry": {
        "type": "Point",
        "coordinates": [
          72.8732317,
          19.2862155
        ]
      },
      "id": "way/1221533062"
    },
    {
      "type": "Feature",
      "properties": {
        "@id": "way/1221533063",
        "leisure": "garden",
        "@geometry": "center"
      },
      "geometry": {
        "type": "Point",
        "coordinates": [
          72.8734777,
          19.2865843
        ]
      },
      "id": "way/1221533063"
    },
    {
      "type": "Feature",
      "properties": {
        "@id": "way/1221533065",
        "leisure": "garden",
        "@geometry": "center"
      },
      "geometry": {
        "type": "Point",
        "coordinates": [
          72.8739178,
          19.2863171
        ]
      },
      "id": "way/1221533065"
    },
    {
      "type": "Feature",
      "properties": {
        "@id": "way/1221533066",
        "leisure": "garden",
        "@geometry": "center"
      },
      "geometry": {
        "type": "Point",
        "coordinates": [
          72.8737334,
          19.2854158
        ]
      },
      "id": "way/1221533066"
    },
    {
      "type": "Feature",
      "properties": {
        "@id": "way/1221542294",
        "leisure": "garden",
        "@geometry": "center"
      },
      "geometry": {
        "type": "Point",
        "coordinates": [
          72.8797062,
          19.286136
        ]
      },
      "id": "way/1221542294"
    },
    {
      "type": "Feature",
      "properties": {
        "@id": "way/1221542295",
        "leisure": "garden",
        "@geometry": "center"
      },
      "geometry": {
        "type": "Point",
        "coordinates": [
          72.8800198,
          19.2862988
        ]
      },
      "id": "way/1221542295"
    },
    {
      "type": "Feature",
      "properties": {
        "@id": "way/1221542299",
        "leisure": "garden",
        "@geometry": "center"
      },
      "geometry": {
        "type": "Point",
        "coordinates": [
          72.8818309,
          19.2874288
        ]
      },
      "id": "way/1221542299"
    },
    {
      "type": "Feature",
      "properties": {
        "@id": "way/1221542314",
        "leisure": "garden",
        "@geometry": "center"
      },
      "geometry": {
        "type": "Point",
        "coordinates": [
          72.8824123,
          19.2854739
        ]
      },
      "id": "way/1221542314"
    },
    {
      "type": "Feature",
      "properties": {
        "@id": "way/1221543288",
        "leisure": "garden",
        "@geometry": "center"
      },
      "geometry": {
        "type": "Point",
        "coordinates": [
          72.8806165,
          19.2856814
        ]
      },
      "id": "way/1221543288"
    },
    {
      "type": "Feature",
      "properties": {
        "@id": "way/1221561598",
        "leisure": "park",
        "@geometry": "center"
      },
      "geometry": {
        "type": "Point",
        "coordinates": [
          72.8782537,
          19.2817673
        ]
      },
      "id": "way/1221561598"
    },
    {
      "type": "Feature",
      "properties": {
        "@id": "way/1221561626",
        "leisure": "garden",
        "@geometry": "center"
      },
      "geometry": {
        "type": "Point",
        "coordinates": [
          72.8815479,
          19.2830637
        ]
      },
      "id": "way/1221561626"
    },
    {
      "type": "Feature",
      "properties": {
        "@id": "way/1221567977",
        "leisure": "garden",
        "@geometry": "center"
      },
      "geometry": {
        "type": "Point",
        "coordinates": [
          72.8786193,
          19.2843667
        ]
      },
      "id": "way/1221567977"
    },
    {
      "type": "Feature",
      "properties": {
        "@id": "way/1221587022",
        "leisure": "park",
        "@geometry": "center"
      },
      "geometry": {
        "type": "Point",
        "coordinates": [
          72.8482386,
          19.3001202
        ]
      },
      "id": "way/1221587022"
    },
    {
      "type": "Feature",
      "properties": {
        "@id": "way/1221594396",
        "leisure": "park",
        "@geometry": "center"
      },
      "geometry": {
        "type": "Point",
        "coordinates": [
          72.8482834,
          19.2995029
        ]
      },
      "id": "way/1221594396"
    },
    {
      "type": "Feature",
      "properties": {
        "@id": "way/1221617005",
        "leisure": "park",
        "@geometry": "center"
      },
      "geometry": {
        "type": "Point",
        "coordinates": [
          72.8470304,
          19.2973284
        ]
      },
      "id": "way/1221617005"
    },
    {
      "type": "Feature",
      "properties": {
        "@id": "way/1221819709",
        "leisure": "park",
        "@geometry": "center"
      },
      "geometry": {
        "type": "Point",
        "coordinates": [
          72.7858294,
          19.2980221
        ]
      },
      "id": "way/1221819709"
    },
    {
      "type": "Feature",
      "properties": {
        "@id": "way/1221819712",
        "leisure": "park",
        "@geometry": "center"
      },
      "geometry": {
        "type": "Point",
        "coordinates": [
          72.7856273,
          19.2985219
        ]
      },
      "id": "way/1221819712"
    },
    {
      "type": "Feature",
      "properties": {
        "@id": "way/1221819784",
        "leisure": "park",
        "@geometry": "center"
      },
      "geometry": {
        "type": "Point",
        "coordinates": [
          72.7861076,
          19.2988432
        ]
      },
      "id": "way/1221819784"
    },
    {
      "type": "Feature",
      "properties": {
        "@id": "way/1221821494",
        "leisure": "park",
        "@geometry": "center"
      },
      "geometry": {
        "type": "Point",
        "coordinates": [
          72.8734434,
          19.2849152
        ]
      },
      "id": "way/1221821494"
    },
    {
      "type": "Feature",
      "properties": {
        "@id": "way/1221831620",
        "leisure": "park",
        "@geometry": "center"
      },
      "geometry": {
        "type": "Point",
        "coordinates": [
          72.8041927,
          19.2913127
        ]
      },
      "id": "way/1221831620"
    },
    {
      "type": "Feature",
      "properties": {
        "@id": "way/1221972297",
        "leisure": "park",
        "@geometry": "center"
      },
      "geometry": {
        "type": "Point",
        "coordinates": [
          72.8101401,
          19.2954511
        ]
      },
      "id": "way/1221972297"
    },
    {
      "type": "Feature",
      "properties": {
        "@id": "way/1222025747",
        "leisure": "park",
        "@geometry": "center"
      },
      "geometry": {
        "type": "Point",
        "coordinates": [
          72.8722505,
          19.2818898
        ]
      },
      "id": "way/1222025747"
    },
    {
      "type": "Feature",
      "properties": {
        "@id": "way/1222025750",
        "leisure": "garden",
        "@geometry": "center"
      },
      "geometry": {
        "type": "Point",
        "coordinates": [
          72.8730878,
          19.2844217
        ]
      },
      "id": "way/1222025750"
    },
    {
      "type": "Feature",
      "properties": {
        "@id": "way/1222025758",
        "leisure": "park",
        "@geometry": "center"
      },
      "geometry": {
        "type": "Point",
        "coordinates": [
          72.874882,
          19.2850647
        ]
      },
      "id": "way/1222025758"
    },
    {
      "type": "Feature",
      "properties": {
        "@id": "way/1222038749",
        "leisure": "garden",
        "@geometry": "center"
      },
      "geometry": {
        "type": "Point",
        "coordinates": [
          72.8746827,
          19.2807057
        ]
      },
      "id": "way/1222038749"
    },
    {
      "type": "Feature",
      "properties": {
        "@id": "way/1222038751",
        "leisure": "garden",
        "@geometry": "center"
      },
      "geometry": {
        "type": "Point",
        "coordinates": [
          72.8749266,
          19.2802432
        ]
      },
      "id": "way/1222038751"
    },
    {
      "type": "Feature",
      "properties": {
        "@id": "way/1222038753",
        "leisure": "garden",
        "@geometry": "center"
      },
      "geometry": {
        "type": "Point",
        "coordinates": [
          72.8756722,
          19.2803897
        ]
      },
      "id": "way/1222038753"
    },
    {
      "type": "Feature",
      "properties": {
        "@id": "way/1222038760",
        "leisure": "garden",
        "@geometry": "center"
      },
      "geometry": {
        "type": "Point",
        "coordinates": [
          72.8771083,
          19.2826955
        ]
      },
      "id": "way/1222038760"
    },
    {
      "type": "Feature",
      "properties": {
        "@id": "way/1222221948",
        "leisure": "park",
        "@geometry": "center"
      },
      "geometry": {
        "type": "Point",
        "coordinates": [
          72.7937803,
          19.2848749
        ]
      },
      "id": "way/1222221948"
    },
    {
      "type": "Feature",
      "properties": {
        "@id": "way/1222221950",
        "leisure": "garden",
        "@geometry": "center"
      },
      "geometry": {
        "type": "Point",
        "coordinates": [
          72.794048,
          19.2807277
        ]
      },
      "id": "way/1222221950"
    },
    {
      "type": "Feature",
      "properties": {
        "@id": "way/1222253644",
        "leisure": "park",
        "@geometry": "center"
      },
      "geometry": {
        "type": "Point",
        "coordinates": [
          72.7818195,
          19.2777574
        ]
      },
      "id": "way/1222253644"
    },
    {
      "type": "Feature",
      "properties": {
        "@id": "way/1222253667",
        "leisure": "garden",
        "@geometry": "center"
      },
      "geometry": {
        "type": "Point",
        "coordinates": [
          72.7814466,
          19.2749437
        ]
      },
      "id": "way/1222253667"
    },
    {
      "type": "Feature",
      "properties": {
        "@id": "way/1222253668",
        "leisure": "park",
        "@geometry": "center"
      },
      "geometry": {
        "type": "Point",
        "coordinates": [
          72.7815126,
          19.2751276
        ]
      },
      "id": "way/1222253668"
    },
    {
      "type": "Feature",
      "properties": {
        "@id": "way/1222440858",
        "leisure": "park",
        "@geometry": "center"
      },
      "geometry": {
        "type": "Point",
        "coordinates": [
          72.8301346,
          19.2976767
        ]
      },
      "id": "way/1222440858"
    },
    {
      "type": "Feature",
      "properties": {
        "@id": "way/1222455315",
        "leisure": "park",
        "@geometry": "center"
      },
      "geometry": {
        "type": "Point",
        "coordinates": [
          72.8672553,
          19.2883398
        ]
      },
      "id": "way/1222455315"
    },
    {
      "type": "Feature",
      "properties": {
        "@id": "way/1222455358",
        "leisure": "garden",
        "@geometry": "center"
      },
      "geometry": {
        "type": "Point",
        "coordinates": [
          72.8684463,
          19.2870589
        ]
      },
      "id": "way/1222455358"
    },
    {
      "type": "Feature",
      "properties": {
        "@id": "way/1222455362",
        "leisure": "park",
        "@geometry": "center"
      },
      "geometry": {
        "type": "Point",
        "coordinates": [
          72.8719364,
          19.2867881
        ]
      },
      "id": "way/1222455362"
    },
    {
      "type": "Feature",
      "properties": {
        "@id": "way/1222455363",
        "leisure": "park",
        "@geometry": "center"
      },
      "geometry": {
        "type": "Point",
        "coordinates": [
          72.8715362,
          19.2869534
        ]
      },
      "id": "way/1222455363"
    },
    {
      "type": "Feature",
      "properties": {
        "@id": "way/1222463102",
        "leisure": "park",
        "@geometry": "center"
      },
      "geometry": {
        "type": "Point",
        "coordinates": [
          72.8681372,
          19.281382
        ]
      },
      "id": "way/1222463102"
    },
    {
      "type": "Feature",
      "properties": {
        "@id": "way/1222463103",
        "leisure": "park",
        "@geometry": "center"
      },
      "geometry": {
        "type": "Point",
        "coordinates": [
          72.869495,
          19.2806187
        ]
      },
      "id": "way/1222463103"
    },
    {
      "type": "Feature",
      "properties": {
        "@id": "way/1222463104",
        "leisure": "garden",
        "@geometry": "center"
      },
      "geometry": {
        "type": "Point",
        "coordinates": [
          72.8703043,
          19.2817109
        ]
      },
      "id": "way/1222463104"
    },
    {
      "type": "Feature",
      "properties": {
        "@id": "way/1222463110",
        "leisure": "garden",
        "@geometry": "center"
      },
      "geometry": {
        "type": "Point",
        "coordinates": [
          72.8711895,
          19.2809623
        ]
      },
      "id": "way/1222463110"
    },
    {
      "type": "Feature",
      "properties": {
        "@id": "way/1222465832",
        "leisure": "park",
        "@geometry": "center"
      },
      "geometry": {
        "type": "Point",
        "coordinates": [
          72.8285974,
          19.2981472
        ]
      },
      "id": "way/1222465832"
    },
    {
      "type": "Feature",
      "properties": {
        "@id": "way/1222508003",
        "leisure": "park",
        "@geometry": "center"
      },
      "geometry": {
        "type": "Point",
        "coordinates": [
          72.8616013,
          19.2900189
        ]
      },
      "id": "way/1222508003"
    },
    {
      "type": "Feature",
      "properties": {
        "@id": "way/1222516637",
        "leisure": "park",
        "@geometry": "center"
      },
      "geometry": {
        "type": "Point",
        "coordinates": [
          72.8652201,
          19.2857646
        ]
      },
      "id": "way/1222516637"
    },
    {
      "type": "Feature",
      "properties": {
        "@id": "way/1222516638",
        "leisure": "park",
        "@geometry": "center"
      },
      "geometry": {
        "type": "Point",
        "coordinates": [
          72.8647067,
          19.2863337
        ]
      },
      "id": "way/1222516638"
    },
    {
      "type": "Feature",
      "properties": {
        "@id": "way/1222551584",
        "leisure": "park",
        "@geometry": "center"
      },
      "geometry": {
        "type": "Point",
        "coordinates": [
          72.898746,
          19.2863216
        ]
      },
      "id": "way/1222551584"
    },
    {
      "type": "Feature",
      "properties": {
        "@id": "way/1222618964",
        "leisure": "park",
        "@geometry": "center"
      },
      "geometry": {
        "type": "Point",
        "coordinates": [
          72.9022171,
          19.2814577
        ]
      },
      "id": "way/1222618964"
    },
    {
      "type": "Feature",
      "properties": {
        "@id": "way/1222711010",
        "leisure": "park",
        "@geometry": "center"
      },
      "geometry": {
        "type": "Point",
        "coordinates": [
          72.9000219,
          19.2826725
        ]
      },
      "id": "way/1222711010"
    },
    {
      "type": "Feature",
      "properties": {
        "@id": "way/1222711011",
        "leisure": "garden",
        "@geometry": "center"
      },
      "geometry": {
        "type": "Point",
        "coordinates": [
          72.9003096,
          19.2835892
        ]
      },
      "id": "way/1222711011"
    },
    {
      "type": "Feature",
      "properties": {
        "@id": "way/1222711014",
        "leisure": "park",
        "@geometry": "center"
      },
      "geometry": {
        "type": "Point",
        "coordinates": [
          72.9039557,
          19.2838494
        ]
      },
      "id": "way/1222711014"
    },
    {
      "type": "Feature",
      "properties": {
        "@id": "way/1222711018",
        "leisure": "park",
        "@geometry": "center"
      },
      "geometry": {
        "type": "Point",
        "coordinates": [
          72.9046254,
          19.282951
        ]
      },
      "id": "way/1222711018"
    },
    {
      "type": "Feature",
      "properties": {
        "@id": "way/1222711830",
        "leisure": "park",
        "@geometry": "center"
      },
      "geometry": {
        "type": "Point",
        "coordinates": [
          72.9017841,
          19.2805704
        ]
      },
      "id": "way/1222711830"
    },
    {
      "type": "Feature",
      "properties": {
        "@id": "way/1222722317",
        "addr:city": "mira road",
        "addr:district": "Thane",
        "addr:housenumber": "rajdai park",
        "addr:postcode": "401102",
        "addr:street": "umrao road",
        "leisure": "park",
        "name": "rajdai park",
        "opening_hours": "Mo-Fr 08:00-17:00",
        "operator": "kp",
        "operator:type": "public",
        "@geometry": "center"
      },
      "geometry": {
        "type": "Point",
        "coordinates": [
          72.8644661,
          19.2829243
        ]
      },
      "id": "way/1222722317"
    },
    {
      "type": "Feature",
      "properties": {
        "@id": "way/1222722319",
        "leisure": "park",
        "@geometry": "center"
      },
      "geometry": {
        "type": "Point",
        "coordinates": [
          72.8645299,
          19.2818779
        ]
      },
      "id": "way/1222722319"
    },
    {
      "type": "Feature",
      "properties": {
        "@id": "way/1222722320",
        "leisure": "park",
        "@geometry": "center"
      },
      "geometry": {
        "type": "Point",
        "coordinates": [
          72.8653128,
          19.2806562
        ]
      },
      "id": "way/1222722320"
    },
    {
      "type": "Feature",
      "properties": {
        "@id": "way/1222722322",
        "leisure": "garden",
        "@geometry": "center"
      },
      "geometry": {
        "type": "Point",
        "coordinates": [
          72.866032,
          19.2809178
        ]
      },
      "id": "way/1222722322"
    },
    {
      "type": "Feature",
      "properties": {
        "@id": "way/1222733853",
        "leisure": "park",
        "@geometry": "center"
      },
      "geometry": {
        "type": "Point",
        "coordinates": [
          72.8635305,
          19.2838755
        ]
      },
      "id": "way/1222733853"
    },
    {
      "type": "Feature",
      "properties": {
        "@id": "way/1222733854",
        "leisure": "park",
        "@geometry": "center"
      },
      "geometry": {
        "type": "Point",
        "coordinates": [
          72.8637138,
          19.2848087
        ]
      },
      "id": "way/1222733854"
    },
    {
      "type": "Feature",
      "properties": {
        "@id": "way/1222733855",
        "leisure": "park",
        "@geometry": "center"
      },
      "geometry": {
        "type": "Point",
        "coordinates": [
          72.8614903,
          19.2847874
        ]
      },
      "id": "way/1222733855"
    },
    {
      "type": "Feature",
      "properties": {
        "@id": "way/1222741682",
        "leisure": "park",
        "@geometry": "center"
      },
      "geometry": {
        "type": "Point",
        "coordinates": [
          72.8623176,
          19.2602363
        ]
      },
      "id": "way/1222741682"
    },
    {
      "type": "Feature",
      "properties": {
        "@id": "way/1222919701",
        "leisure": "park",
        "@geometry": "center"
      },
      "geometry": {
        "type": "Point",
        "coordinates": [
          72.7933752,
          19.2760735
        ]
      },
      "id": "way/1222919701"
    },
    {
      "type": "Feature",
      "properties": {
        "@id": "way/1222919703",
        "leisure": "garden",
        "@geometry": "center"
      },
      "geometry": {
        "type": "Point",
        "coordinates": [
          72.7942483,
          19.274176
        ]
      },
      "id": "way/1222919703"
    },
    {
      "type": "Feature",
      "properties": {
        "@id": "way/1222921999",
        "leisure": "park",
        "@geometry": "center"
      },
      "geometry": {
        "type": "Point",
        "coordinates": [
          72.7865825,
          19.2789492
        ]
      },
      "id": "way/1222921999"
    },
    {
      "type": "Feature",
      "properties": {
        "@id": "way/1222923765",
        "leisure": "park",
        "@geometry": "center"
      },
      "geometry": {
        "type": "Point",
        "coordinates": [
          72.7857484,
          19.2719015
        ]
      },
      "id": "way/1222923765"
    },
    {
      "type": "Feature",
      "properties": {
        "@id": "way/1222923777",
        "leisure": "park",
        "@geometry": "center"
      },
      "geometry": {
        "type": "Point",
        "coordinates": [
          72.7851013,
          19.2720426
        ]
      },
      "id": "way/1222923777"
    },
    {
      "type": "Feature",
      "properties": {
        "@id": "way/1222975259",
        "leisure": "park",
        "name": "Rajiv Gandhi Udyan, Penkarpada Gaon",
        "@geometry": "center"
      },
      "geometry": {
        "type": "Point",
        "coordinates": [
          72.8673988,
          19.2662374
        ]
      },
      "id": "way/1222975259"
    },
    {
      "type": "Feature",
      "properties": {
        "@id": "way/1222984577",
        "leisure": "park",
        "@geometry": "center"
      },
      "geometry": {
        "type": "Point",
        "coordinates": [
          72.8676593,
          19.267286
        ]
      },
      "id": "way/1222984577"
    },
    {
      "type": "Feature",
      "properties": {
        "@id": "way/1222984613",
        "leisure": "park",
        "@geometry": "center"
      },
      "geometry": {
        "type": "Point",
        "coordinates": [
          72.8698429,
          19.2651423
        ]
      },
      "id": "way/1222984613"
    },
    {
      "type": "Feature",
      "properties": {
        "@id": "way/1223210251",
        "leisure": "park",
        "@geometry": "center"
      },
      "geometry": {
        "type": "Point",
        "coordinates": [
          72.7876116,
          19.2824
        ]
      },
      "id": "way/1223210251"
    },
    {
      "type": "Feature",
      "properties": {
        "@id": "way/1223221576",
        "leisure": "park",
        "@geometry": "center"
      },
      "geometry": {
        "type": "Point",
        "coordinates": [
          72.7976217,
          19.2736341
        ]
      },
      "id": "way/1223221576"
    },
    {
      "type": "Feature",
      "properties": {
        "@id": "way/1223225522",
        "leisure": "park",
        "@geometry": "center"
      },
      "geometry": {
        "type": "Point",
        "coordinates": [
          72.7982898,
          19.2799929
        ]
      },
      "id": "way/1223225522"
    },
    {
      "type": "Feature",
      "properties": {
        "@id": "way/1223408585",
        "leisure": "park",
        "@geometry": "center"
      },
      "geometry": {
        "type": "Point",
        "coordinates": [
          72.7955531,
          19.2663636
        ]
      },
      "id": "way/1223408585"
    },
    {
      "type": "Feature",
      "properties": {
        "@id": "way/1223408586",
        "leisure": "park",
        "@geometry": "center"
      },
      "geometry": {
        "type": "Point",
        "coordinates": [
          72.7984149,
          19.2690896
        ]
      },
      "id": "way/1223408586"
    },
    {
      "type": "Feature",
      "properties": {
        "@id": "way/1223484697",
        "leisure": "park",
        "@geometry": "center"
      },
      "geometry": {
        "type": "Point",
        "coordinates": [
          72.8505564,
          19.2615798
        ]
      },
      "id": "way/1223484697"
    },
    {
      "type": "Feature",
      "properties": {
        "@id": "way/1223484699",
        "leisure": "park",
        "@geometry": "center"
      },
      "geometry": {
        "type": "Point",
        "coordinates": [
          72.854668,
          19.2595322
        ]
      },
      "id": "way/1223484699"
    },
    {
      "type": "Feature",
      "properties": {
        "@id": "way/1223484700",
        "leisure": "park",
        "@geometry": "center"
      },
      "geometry": {
        "type": "Point",
        "coordinates": [
          72.8512251,
          19.2595591
        ]
      },
      "id": "way/1223484700"
    },
    {
      "type": "Feature",
      "properties": {
        "@id": "way/1223485227",
        "leisure": "garden",
        "@geometry": "center"
      },
      "geometry": {
        "type": "Point",
        "coordinates": [
          72.8556234,
          19.2611884
        ]
      },
      "id": "way/1223485227"
    },
    {
      "type": "Feature",
      "properties": {
        "@id": "way/1223485228",
        "leisure": "park",
        "@geometry": "center"
      },
      "geometry": {
        "type": "Point",
        "coordinates": [
          72.8561033,
          19.2599274
        ]
      },
      "id": "way/1223485228"
    },
    {
      "type": "Feature",
      "properties": {
        "@id": "way/1223499523",
        "leisure": "park",
        "@geometry": "center"
      },
      "geometry": {
        "type": "Point",
        "coordinates": [
          72.8611861,
          19.2597862
        ]
      },
      "id": "way/1223499523"
    },
    {
      "type": "Feature",
      "properties": {
        "@id": "way/1223499524",
        "leisure": "park",
        "@geometry": "center"
      },
      "geometry": {
        "type": "Point",
        "coordinates": [
          72.86051,
          19.2630911
        ]
      },
      "id": "way/1223499524"
    },
    {
      "type": "Feature",
      "properties": {
        "@id": "way/1223499530",
        "leisure": "garden",
        "@geometry": "center"
      },
      "geometry": {
        "type": "Point",
        "coordinates": [
          72.8608703,
          19.262245
        ]
      },
      "id": "way/1223499530"
    },
    {
      "type": "Feature",
      "properties": {
        "@id": "way/1223499531",
        "leisure": "park",
        "@geometry": "center"
      },
      "geometry": {
        "type": "Point",
        "coordinates": [
          72.861029,
          19.261795
        ]
      },
      "id": "way/1223499531"
    },
    {
      "type": "Feature",
      "properties": {
        "@id": "way/1223499536",
        "leisure": "garden",
        "@geometry": "center"
      },
      "geometry": {
        "type": "Point",
        "coordinates": [
          72.8602451,
          19.261043
        ]
      },
      "id": "way/1223499536"
    },
    {
      "type": "Feature",
      "properties": {
        "@id": "way/1223499553",
        "leisure": "garden",
        "@geometry": "center"
      },
      "geometry": {
        "type": "Point",
        "coordinates": [
          72.8606637,
          19.259779
        ]
      },
      "id": "way/1223499553"
    },
    {
      "type": "Feature",
      "properties": {
        "@id": "way/1223499557",
        "leisure": "garden",
        "@geometry": "center"
      },
      "geometry": {
        "type": "Point",
        "coordinates": [
          72.859636,
          19.2609515
        ]
      },
      "id": "way/1223499557"
    },
    {
      "type": "Feature",
      "properties": {
        "@id": "way/1223552064",
        "leisure": "park",
        "@geometry": "center"
      },
      "geometry": {
        "type": "Point",
        "coordinates": [
          72.8874445,
          19.2687568
        ]
      },
      "id": "way/1223552064"
    },
    {
      "type": "Feature",
      "properties": {
        "@id": "way/1223552086",
        "leisure": "park",
        "@geometry": "center"
      },
      "geometry": {
        "type": "Point",
        "coordinates": [
          72.8841946,
          19.2690086
        ]
      },
      "id": "way/1223552086"
    },
    {
      "type": "Feature",
      "properties": {
        "@id": "way/1223569887",
        "leisure": "park",
        "@geometry": "center"
      },
      "geometry": {
        "type": "Point",
        "coordinates": [
          72.869894,
          19.2732854
        ]
      },
      "id": "way/1223569887"
    },
    {
      "type": "Feature",
      "properties": {
        "@id": "way/1223569888",
        "leisure": "park",
        "@geometry": "center"
      },
      "geometry": {
        "type": "Point",
        "coordinates": [
          72.8673822,
          19.2743309
        ]
      },
      "id": "way/1223569888"
    },
    {
      "type": "Feature",
      "properties": {
        "@id": "way/1223570339",
        "leisure": "garden",
        "@geometry": "center"
      },
      "geometry": {
        "type": "Point",
        "coordinates": [
          72.8684612,
          19.2734401
        ]
      },
      "id": "way/1223570339"
    },
    {
      "type": "Feature",
      "properties": {
        "@id": "way/1223585640",
        "leisure": "garden",
        "@geometry": "center"
      },
      "geometry": {
        "type": "Point",
        "coordinates": [
          72.8715101,
          19.2719911
        ]
      },
      "id": "way/1223585640"
    },
    {
      "type": "Feature",
      "properties": {
        "@id": "way/1223585643",
        "leisure": "garden",
        "@geometry": "center"
      },
      "geometry": {
        "type": "Point",
        "coordinates": [
          72.8706715,
          19.2710614
        ]
      },
      "id": "way/1223585643"
    },
    {
      "type": "Feature",
      "properties": {
        "@id": "way/1223585648",
        "leisure": "park",
        "@geometry": "center"
      },
      "geometry": {
        "type": "Point",
        "coordinates": [
          72.8722629,
          19.2740023
        ]
      },
      "id": "way/1223585648"
    },
    {
      "type": "Feature",
      "properties": {
        "@id": "way/1223585653",
        "leisure": "park",
        "@geometry": "center"
      },
      "geometry": {
        "type": "Point",
        "coordinates": [
          72.871861,
          19.2702337
        ]
      },
      "id": "way/1223585653"
    },
    {
      "type": "Feature",
      "properties": {
        "@id": "way/1223585655",
        "leisure": "park",
        "@geometry": "center"
      },
      "geometry": {
        "type": "Point",
        "coordinates": [
          72.8691754,
          19.2706596
        ]
      },
      "id": "way/1223585655"
    },
    {
      "type": "Feature",
      "properties": {
        "@id": "way/1223585664",
        "leisure": "park",
        "@geometry": "center"
      },
      "geometry": {
        "type": "Point",
        "coordinates": [
          72.8685587,
          19.2715953
        ]
      },
      "id": "way/1223585664"
    },
    {
      "type": "Feature",
      "properties": {
        "@id": "way/1223704367",
        "leisure": "park",
        "@geometry": "center"
      },
      "geometry": {
        "type": "Point",
        "coordinates": [
          72.87124,
          19.2761925
        ]
      },
      "id": "way/1223704367"
    },
    {
      "type": "Feature",
      "properties": {
        "@id": "way/1223729982",
        "leisure": "park",
        "@geometry": "center"
      },
      "geometry": {
        "type": "Point",
        "coordinates": [
          72.8771425,
          19.2617496
        ]
      },
      "id": "way/1223729982"
    },
    {
      "type": "Feature",
      "properties": {
        "@id": "way/1223729991",
        "leisure": "garden",
        "@geometry": "center"
      },
      "geometry": {
        "type": "Point",
        "coordinates": [
          72.8734652,
          19.2637446
        ]
      },
      "id": "way/1223729991"
    },
    {
      "type": "Feature",
      "properties": {
        "@id": "way/1223740931",
        "dog": "no",
        "leisure": "park",
        "operator": "Sanghvi Builders",
        "@geometry": "center"
      },
      "geometry": {
        "type": "Point",
        "coordinates": [
          72.8802684,
          19.2664031
        ]
      },
      "id": "way/1223740931"
    },
    {
      "type": "Feature",
      "properties": {
        "@id": "way/1223746974",
        "leisure": "park",
        "@geometry": "center"
      },
      "geometry": {
        "type": "Point",
        "coordinates": [
          72.856933,
          19.2864485
        ]
      },
      "id": "way/1223746974"
    },
    {
      "type": "Feature",
      "properties": {
        "@id": "way/1223749853",
        "leisure": "garden",
        "@geometry": "center"
      },
      "geometry": {
        "type": "Point",
        "coordinates": [
          72.8602688,
          19.2894684
        ]
      },
      "id": "way/1223749853"
    },
    {
      "type": "Feature",
      "properties": {
        "@id": "way/1223749855",
        "leisure": "garden",
        "@geometry": "center"
      },
      "geometry": {
        "type": "Point",
        "coordinates": [
          72.8591603,
          19.2901539
        ]
      },
      "id": "way/1223749855"
    },
    {
      "type": "Feature",
      "properties": {
        "@id": "way/1223788236",
        "leisure": "park",
        "@geometry": "center"
      },
      "geometry": {
        "type": "Point",
        "coordinates": [
          72.8914856,
          19.2754032
        ]
      },
      "id": "way/1223788236"
    },
    {
      "type": "Feature",
      "properties": {
        "@id": "way/1223788260",
        "leisure": "park",
        "@geometry": "center"
      },
      "geometry": {
        "type": "Point",
        "coordinates": [
          72.8904959,
          19.2789281
        ]
      },
      "id": "way/1223788260"
    },
    {
      "type": "Feature",
      "properties": {
        "@id": "way/1223789672",
        "leisure": "garden",
        "@geometry": "center"
      },
      "geometry": {
        "type": "Point",
        "coordinates": [
          72.8907068,
          19.2795561
        ]
      },
      "id": "way/1223789672"
    },
    {
      "type": "Feature",
      "properties": {
        "@id": "way/1223819759",
        "leisure": "garden",
        "@geometry": "center"
      },
      "geometry": {
        "type": "Point",
        "coordinates": [
          72.8862316,
          19.2756782
        ]
      },
      "id": "way/1223819759"
    },
    {
      "type": "Feature",
      "properties": {
        "@id": "way/1223819780",
        "leisure": "garden",
        "@geometry": "center"
      },
      "geometry": {
        "type": "Point",
        "coordinates": [
          72.8864162,
          19.276921
        ]
      },
      "id": "way/1223819780"
    },
    {
      "type": "Feature",
      "properties": {
        "@id": "way/1223819790",
        "leisure": "garden",
        "@geometry": "center"
      },
      "geometry": {
        "type": "Point",
        "coordinates": [
          72.8874922,
          19.2763773
        ]
      },
      "id": "way/1223819790"
    },
    {
      "type": "Feature",
      "properties": {
        "@id": "way/1223822746",
        "leisure": "park",
        "@geometry": "center"
      },
      "geometry": {
        "type": "Point",
        "coordinates": [
          72.8842836,
          19.2773398
        ]
      },
      "id": "way/1223822746"
    },
    {
      "type": "Feature",
      "properties": {
        "@id": "way/1223822748",
        "leisure": "garden",
        "@geometry": "center"
      },
      "geometry": {
        "type": "Point",
        "coordinates": [
          72.8826448,
          19.2787554
        ]
      },
      "id": "way/1223822748"
    },
    {
      "type": "Feature",
      "properties": {
        "@id": "way/1223826423",
        "leisure": "park",
        "@geometry": "center"
      },
      "geometry": {
        "type": "Point",
        "coordinates": [
          72.875199,
          19.2796319
        ]
      },
      "id": "way/1223826423"
    },
    {
      "type": "Feature",
      "properties": {
        "@id": "way/1223828847",
        "leisure": "park",
        "@geometry": "center"
      },
      "geometry": {
        "type": "Point",
        "coordinates": [
          72.8823192,
          19.2794394
        ]
      },
      "id": "way/1223828847"
    },
    {
      "type": "Feature",
      "properties": {
        "@id": "way/1223828849",
        "leisure": "garden",
        "@geometry": "center"
      },
      "geometry": {
        "type": "Point",
        "coordinates": [
          72.8797883,
          19.279634
        ]
      },
      "id": "way/1223828849"
    },
    {
      "type": "Feature",
      "properties": {
        "@id": "way/1223829259",
        "leisure": "park",
        "@geometry": "center"
      },
      "geometry": {
        "type": "Point",
        "coordinates": [
          72.8807793,
          19.2784286
        ]
      },
      "id": "way/1223829259"
    },
    {
      "type": "Feature",
      "properties": {
        "@id": "way/1223835257",
        "leisure": "park",
        "@geometry": "center"
      },
      "geometry": {
        "type": "Point",
        "coordinates": [
          72.8735232,
          19.271618
        ]
      },
      "id": "way/1223835257"
    },
    {
      "type": "Feature",
      "properties": {
        "@id": "way/1223835258",
        "leisure": "park",
        "@geometry": "center"
      },
      "geometry": {
        "type": "Point",
        "coordinates": [
          72.8726804,
          19.2720202
        ]
      },
      "id": "way/1223835258"
    },
    {
      "type": "Feature",
      "properties": {
        "@id": "way/1223835263",
        "leisure": "park",
        "@geometry": "center"
      },
      "geometry": {
        "type": "Point",
        "coordinates": [
          72.873532,
          19.272995
        ]
      },
      "id": "way/1223835263"
    },
    {
      "type": "Feature",
      "properties": {
        "@id": "way/1223836747",
        "leisure": "garden",
        "@geometry": "center"
      },
      "geometry": {
        "type": "Point",
        "coordinates": [
          72.8853182,
          19.2726234
        ]
      },
      "id": "way/1223836747"
    },
    {
      "type": "Feature",
      "properties": {
        "@id": "way/1223845754",
        "leisure": "garden",
        "@geometry": "center"
      },
      "geometry": {
        "type": "Point",
        "coordinates": [
          72.8776086,
          19.2716674
        ]
      },
      "id": "way/1223845754"
    },
    {
      "type": "Feature",
      "properties": {
        "@id": "way/1232325612",
        "addr:city": "Mumbai",
        "addr:district": "Mumbai",
        "addr:postcode": "400097",
        "addr:street": "Mahindra Nagar Road Number 2",
        "description": "Playing Ground",
        "leisure": "park",
        "name": "Mahindra Nagar Ground",
        "opening_hours": "sunrise-sunset",
        "@geometry": "center"
      },
      "geometry": {
        "type": "Point",
        "coordinates": [
          72.8525396,
          19.1781964
        ]
      },
      "id": "way/1232325612"
    },
    {
      "type": "Feature",
      "properties": {
        "@id": "way/1232325865",
        "description": "Playing Ground",
        "leisure": "park",
        "name": "Sanjay Gandhi Playing Ground",
        "name:etymology:wikidata": "Q730045",
        "@geometry": "center"
      },
      "geometry": {
        "type": "Point",
        "coordinates": [
          72.8509122,
          19.1769136
        ]
      },
      "id": "way/1232325865"
    },
    {
      "type": "Feature",
      "properties": {
        "@id": "way/1232326649",
        "leisure": "park",
        "name": "Pantnagar Garden",
        "@geometry": "center"
      },
      "geometry": {
        "type": "Point",
        "coordinates": [
          72.9115928,
          19.0834886
        ]
      },
      "id": "way/1232326649"
    },
    {
      "type": "Feature",
      "properties": {
        "@id": "way/1232327567",
        "leisure": "park",
        "name": "RAJAWADI GARDEN",
        "opening_hours": "sunrise-sunset",
        "operator": "BMC",
        "operator:type": "government",
        "@geometry": "center"
      },
      "geometry": {
        "type": "Point",
        "coordinates": [
          72.9021891,
          19.0768605
        ]
      },
      "id": "way/1232327567"
    },
    {
      "type": "Feature",
      "properties": {
        "@id": "way/1236485060",
        "addr:city": "Mumbai",
        "addr:district": "mumbai suburban",
        "addr:postcode": "400103",
        "addr:street": "ic colony road",
        "leisure": "park",
        "name": "rodrigues ground",
        "@geometry": "center"
      },
      "geometry": {
        "type": "Point",
        "coordinates": [
          72.8493694,
          19.2526522
        ]
      },
      "id": "way/1236485060"
    },
    {
      "type": "Feature",
      "properties": {
        "@id": "way/1236536855",
        "leisure": "garden",
        "@geometry": "center"
      },
      "geometry": {
        "type": "Point",
        "coordinates": [
          72.8216908,
          19.0586311
        ]
      },
      "id": "way/1236536855"
    },
    {
      "type": "Feature",
      "properties": {
        "@id": "way/1239406336",
        "addr:city": "Mumbai",
        "addr:district": "Mumbai-Suburban",
        "addr:postcode": "400094",
        "addr:street": "Anushaktinagar",
        "leisure": "park",
        "name": "Homi Bhabha Park",
        "name:etymology:wikidata": "Q325611",
        "name:hi": "होमी भाभा उद्यान",
        "opening_hours": "24/7",
        "operator": "DCSEM",
        "operator:type": "government",
        "@geometry": "center"
      },
      "geometry": {
        "type": "Point",
        "coordinates": [
          72.9251592,
          19.0368629
        ]
      },
      "id": "way/1239406336"
    },
    {
      "type": "Feature",
      "properties": {
        "@id": "way/1245281010",
        "addr:street": "D N Dube Road",
        "leisure": "park",
        "name": "Ratan Nagar Garden",
        "@geometry": "center"
      },
      "geometry": {
        "type": "Point",
        "coordinates": [
          72.8621833,
          19.2393681
        ]
      },
      "id": "way/1245281010"
    },
    {
      "type": "Feature",
      "properties": {
        "@id": "way/1247073289",
        "addr:city": "Mira Road East",
        "addr:district": "Thane",
        "addr:housenumber": "1002",
        "addr:postcode": "401107",
        "addr:street": "Naya Nagar Road",
        "leisure": "park",
        "name": "desi park",
        "opening_hours": "Mo-Sa 07:00-20:00",
        "operator": "desi",
        "operator:type": "government",
        "@geometry": "center"
      },
      "geometry": {
        "type": "Point",
        "coordinates": [
          72.8609431,
          19.284037
        ]
      },
      "id": "way/1247073289"
    },
    {
      "type": "Feature",
      "properties": {
        "@id": "way/1247541998",
        "addr:city": "Mumbai,Dadar(East)",
        "addr:district": "mumbai",
        "addr:postcode": "400014",
        "addr:street": "Dadasaheb Phalke Marg",
        "leisure": "park",
        "name": "SHINDEWADI  GROUND",
        "opening_hours": "24/7",
        "@geometry": "center"
      },
      "geometry": {
        "type": "Point",
        "coordinates": [
          72.8424967,
          19.0115757
        ]
      },
      "id": "way/1247541998"
    },
    {
      "type": "Feature",
      "properties": {
        "@id": "way/1247545725",
        "leisure": "park",
        "name": "Khari Talao Garden",
        "operator": "Municipalty",
        "operator:type": "government",
        "@geometry": "center"
      },
      "geometry": {
        "type": "Point",
        "coordinates": [
          72.8576166,
          19.3091548
        ]
      },
      "id": "way/1247545725"
    },
    {
      "type": "Feature",
      "properties": {
        "@id": "way/1249183945",
        "leisure": "garden",
        "name": "Reed Garden",
        "@geometry": "center"
      },
      "geometry": {
        "type": "Point",
        "coordinates": [
          72.9902597,
          19.2289644
        ]
      },
      "id": "way/1249183945"
    },
    {
      "type": "Feature",
      "properties": {
        "@id": "way/1249183946",
        "garden:style": "english",
        "leisure": "garden",
        "@geometry": "center"
      },
      "geometry": {
        "type": "Point",
        "coordinates": [
          72.9895909,
          19.2288944
        ]
      },
      "id": "way/1249183946"
    },
    {
      "type": "Feature",
      "properties": {
        "@id": "way/1249183947",
        "leisure": "garden",
        "name": "Fern Garden",
        "@geometry": "center"
      },
      "geometry": {
        "type": "Point",
        "coordinates": [
          72.9896966,
          19.2284812
        ]
      },
      "id": "way/1249183947"
    },
    {
      "type": "Feature",
      "properties": {
        "@id": "way/1249183948",
        "garden:style": "moroccan",
        "leisure": "garden",
        "name": "Moroccan Garden",
        "@geometry": "center"
      },
      "geometry": {
        "type": "Point",
        "coordinates": [
          72.9902129,
          19.2286225
        ]
      },
      "id": "way/1249183948"
    },
    {
      "type": "Feature",
      "properties": {
        "@id": "way/1249183949",
        "garden:style": "japanese",
        "leisure": "garden",
        "name": "Japanese Garden",
        "@geometry": "center"
      },
      "geometry": {
        "type": "Point",
        "coordinates": [
          72.9899682,
          19.2290184
        ]
      },
      "id": "way/1249183949"
    },
    {
      "type": "Feature",
      "properties": {
        "@id": "way/1249183950",
        "garden:style": "chinese",
        "leisure": "garden",
        "name": "Chinese Garden",
        "@geometry": "center"
      },
      "geometry": {
        "type": "Point",
        "coordinates": [
          72.9897482,
          19.2287064
        ]
      },
      "id": "way/1249183950"
    },
    {
      "type": "Feature",
      "properties": {
        "@id": "way/1249183951",
        "garden:style": "mughal",
        "leisure": "garden",
        "name": "Mughal Garden",
        "@geometry": "center"
      },
      "geometry": {
        "type": "Point",
        "coordinates": [
          72.9899851,
          19.2286904
        ]
      },
      "id": "way/1249183951"
    },
    {
      "type": "Feature",
      "properties": {
        "@id": "way/1249183969",
        "leisure": "garden",
        "name": "Theme Gardens",
        "@geometry": "center"
      },
      "geometry": {
        "type": "Point",
        "coordinates": [
          72.989889,
          19.2288309
        ]
      },
      "id": "way/1249183969"
    },
    {
      "type": "Feature",
      "properties": {
        "@id": "way/1259091509",
        "leisure": "park",
        "@geometry": "center"
      },
      "geometry": {
        "type": "Point",
        "coordinates": [
          73.0265238,
          19.020745
        ]
      },
      "id": "way/1259091509"
    },
    {
      "type": "Feature",
      "properties": {
        "@id": "way/1259091510",
        "leisure": "garden",
        "@geometry": "center"
      },
      "geometry": {
        "type": "Point",
        "coordinates": [
          73.0224193,
          19.0403671
        ]
      },
      "id": "way/1259091510"
    },
    {
      "type": "Feature",
      "properties": {
        "@id": "way/1259091511",
        "leisure": "park",
        "@geometry": "center"
      },
      "geometry": {
        "type": "Point",
        "coordinates": [
          73.0197136,
          19.025458
        ]
      },
      "id": "way/1259091511"
    },
    {
      "type": "Feature",
      "properties": {
        "@id": "way/1259091512",
        "leisure": "park",
        "@geometry": "center"
      },
      "geometry": {
        "type": "Point",
        "coordinates": [
          73.019504,
          19.0257786
        ]
      },
      "id": "way/1259091512"
    },
    {
      "type": "Feature",
      "properties": {
        "@id": "way/1259091514",
        "leisure": "park",
        "@geometry": "center"
      },
      "geometry": {
        "type": "Point",
        "coordinates": [
          73.0221427,
          19.0223764
        ]
      },
      "id": "way/1259091514"
    },
    {
      "type": "Feature",
      "properties": {
        "@id": "way/1259092925",
        "leisure": "garden",
        "@geometry": "center"
      },
      "geometry": {
        "type": "Point",
        "coordinates": [
          73.0258236,
          19.0198592
        ]
      },
      "id": "way/1259092925"
    },
    {
      "type": "Feature",
      "properties": {
        "@id": "way/1259152409",
        "access": "yes",
        "addr:city": "Mumbai",
        "addr:housenumber": "2WRJ+HX4",
        "addr:postcode": "400094",
        "addr:street": "New Mandala Road",
        "check_date": "2024-03-09",
        "description": "Public Park for Hemant Residential Building. Open for all, 24/7 access.",
        "dog": "yes",
        "leisure": "park",
        "name": "Hemant Park",
        "opening_hours": "24/7",
        "source": "local knowledge;aerial imagery;streetlevel imagery",
        "@geometry": "center"
      },
      "geometry": {
        "type": "Point",
        "coordinates": [
          72.9324118,
          19.0412464
        ]
      },
      "id": "way/1259152409"
    },
    {
      "type": "Feature",
      "properties": {
        "@id": "way/1259161738",
        "access": "yes",
        "check_date": "2024-03-09",
        "dog": "yes",
        "leisure": "park",
        "name": "Dispensary Garden",
        "opening_hours": "24/7",
        "@geometry": "center"
      },
      "geometry": {
        "type": "Point",
        "coordinates": [
          72.9333942,
          19.0400533
        ]
      },
      "id": "way/1259161738"
    },
    {
      "type": "Feature",
      "properties": {
        "@id": "way/1259164685",
        "leisure": "park",
        "name": "Varsha Ground",
        "opening_hours": "24/7",
        "@geometry": "center"
      },
      "geometry": {
        "type": "Point",
        "coordinates": [
          72.9342167,
          19.0410046
        ]
      },
      "id": "way/1259164685"
    },
    {
      "type": "Feature",
      "properties": {
        "@id": "way/1259166593",
        "leisure": "park",
        "name": "A.E.C.S. 5 Playground",
        "opening_hours": "24/7",
        "@geometry": "center"
      },
      "geometry": {
        "type": "Point",
        "coordinates": [
          72.9332341,
          19.0389706
        ]
      },
      "id": "way/1259166593"
    },
    {
      "type": "Feature",
      "properties": {
        "@id": "way/1259175044",
        "access": "yes",
        "leisure": "park",
        "name": "Sharavati Ground",
        "opening_hours": "24/7",
        "@geometry": "center"
      },
      "geometry": {
        "type": "Point",
        "coordinates": [
          72.9317193,
          19.0391455
        ]
      },
      "id": "way/1259175044"
    },
    {
      "type": "Feature",
      "properties": {
        "@id": "way/1259176949",
        "leisure": "park",
        "@geometry": "center"
      },
      "geometry": {
        "type": "Point",
        "coordinates": [
          72.9324367,
          19.0390206
        ]
      },
      "id": "way/1259176949"
    },
    {
      "type": "Feature",
      "properties": {
        "@id": "way/1259180435",
        "leisure": "park",
        "name": "Parijat Ground",
        "opening_hours": "24/7",
        "@geometry": "center"
      },
      "geometry": {
        "type": "Point",
        "coordinates": [
          72.9339387,
          19.0388704
        ]
      },
      "id": "way/1259180435"
    },
    {
      "type": "Feature",
      "properties": {
        "@id": "way/1259195683",
        "leisure": "park",
        "name": "Rajnigandha Ground",
        "opening_hours": "24/7",
        "@geometry": "center"
      },
      "geometry": {
        "type": "Point",
        "coordinates": [
          72.9347952,
          19.0387293
        ]
      },
      "id": "way/1259195683"
    },
    {
      "type": "Feature",
      "properties": {
        "@id": "way/1259197170",
        "leisure": "park",
        "name": "Kamal Ground",
        "opening_hours": "24/7",
        "@geometry": "center"
      },
      "geometry": {
        "type": "Point",
        "coordinates": [
          72.9346701,
          19.0379574
        ]
      },
      "id": "way/1259197170"
    },
    {
      "type": "Feature",
      "properties": {
        "@id": "way/1260615524",
        "leisure": "garden",
        "@geometry": "center"
      },
      "geometry": {
        "type": "Point",
        "coordinates": [
          72.9554014,
          19.1609651
        ]
      },
      "id": "way/1260615524"
    },
    {
      "type": "Feature",
      "properties": {
        "@id": "way/1265759258",
        "leisure": "park",
        "name": "Acharya Sharad Narayan Udyan",
        "operator": "Brihanmumbai Municipal Corporation",
        "operator:type": "public",
        "@geometry": "center"
      },
      "geometry": {
        "type": "Point",
        "coordinates": [
          72.8904048,
          19.0295979
        ]
      },
      "id": "way/1265759258"
    },
    {
      "type": "Feature",
      "properties": {
        "@id": "way/1265759259",
        "leisure": "park",
        "name": "bmc park",
        "operator": "brihanmumbai Municipal Corporation",
        "operator:type": "public",
        "@geometry": "center"
      },
      "geometry": {
        "type": "Point",
        "coordinates": [
          72.8898764,
          19.0295124
        ]
      },
      "id": "way/1265759259"
    },
    {
      "type": "Feature",
      "properties": {
        "@id": "way/1265759260",
        "leisure": "park",
        "name": "Mysore Colony Central Garden",
        "operator": "MCHS Managing Commitee",
        "operator:type": "private",
        "@geometry": "center"
      },
      "geometry": {
        "type": "Point",
        "coordinates": [
          72.8908933,
          19.0317373
        ]
      },
      "id": "way/1265759260"
    },
    {
      "type": "Feature",
      "properties": {
        "@id": "way/1265759325",
        "leisure": "park",
        "name": "BMC PARK",
        "operator": "Brihanmumbai Municipality Corporation",
        "@geometry": "center"
      },
      "geometry": {
        "type": "Point",
        "coordinates": [
          72.8889927,
          19.0310931
        ]
      },
      "id": "way/1265759325"
    },
    {
      "type": "Feature",
      "properties": {
        "@id": "way/1265759326",
        "leisure": "park",
        "name": "Mysore colony eastern park",
        "operator": "MCHS Managing Committee",
        "@geometry": "center"
      },
      "geometry": {
        "type": "Point",
        "coordinates": [
          72.8927808,
          19.0321637
        ]
      },
      "id": "way/1265759326"
    },
    {
      "type": "Feature",
      "properties": {
        "@id": "way/1270054492",
        "leisure": "park",
        "name": "Jewels, Navi Mumbai",
        "@geometry": "center"
      },
      "geometry": {
        "type": "Point",
        "coordinates": [
          73.0117992,
          19.0263359
        ]
      },
      "id": "way/1270054492"
    },
    {
      "type": "Feature",
      "properties": {
        "@id": "way/1279270229",
        "leisure": "park",
        "@geometry": "center"
      },
      "geometry": {
        "type": "Point",
        "coordinates": [
          72.997829,
          19.1623449
        ]
      },
      "id": "way/1279270229"
    },
    {
      "type": "Feature",
      "properties": {
        "@id": "way/1288957913",
        "leisure": "park",
        "name": "Cross Maidan Garden",
        "name:en": "Cross Maidan Garden",
        "operator": "BMC",
        "operator:type": "government",
        "@geometry": "center"
      },
      "geometry": {
        "type": "Point",
        "coordinates": [
          72.8295239,
          18.9336931
        ]
      },
      "id": "way/1288957913"
    },
    {
      "type": "Feature",
      "properties": {
        "@id": "way/1289073488",
        "leisure": "park",
        "name": "Lala Lajpat Rai Park",
        "name:etymology:wikidata": "Q1395763",
        "@geometry": "center"
      },
      "geometry": {
        "type": "Point",
        "coordinates": [
          72.8119535,
          18.9784522
        ]
      },
      "id": "way/1289073488"
    },
    {
      "type": "Feature",
      "properties": {
        "@id": "way/1289185535",
        "leisure": "garden",
        "@geometry": "center"
      },
      "geometry": {
        "type": "Point",
        "coordinates": [
          72.8290323,
          19.0455791
        ]
      },
      "id": "way/1289185535"
    },
    {
      "type": "Feature",
      "properties": {
        "@id": "way/1289190715",
        "leisure": "park",
        "@geometry": "center"
      },
      "geometry": {
        "type": "Point",
        "coordinates": [
          73.0459566,
          19.0230368
        ]
      },
      "id": "way/1289190715"
    },
    {
      "type": "Feature",
      "properties": {
        "@id": "way/1289190716",
        "leisure": "park",
        "name": "Rainforest Walk Park",
        "opening_hours": "24/7",
        "operator": "CIDCO",
        "operator:type": "public",
        "@geometry": "center"
      },
      "geometry": {
        "type": "Point",
        "coordinates": [
          73.0430134,
          19.0234991
        ]
      },
      "id": "way/1289190716"
    },
    {
      "type": "Feature",
      "properties": {
        "@id": "way/1289190979",
        "leisure": "park",
        "name": "Mangrove Park",
        "operator": "CIDCO",
        "@geometry": "center"
      },
      "geometry": {
        "type": "Point",
        "coordinates": [
          73.0441693,
          19.0160097
        ]
      },
      "id": "way/1289190979"
    },
    {
      "type": "Feature",
      "properties": {
        "@id": "way/1289191060",
        "leisure": "park",
        "name": "Mangrove Park",
        "operator": "CIDCO",
        "@geometry": "center"
      },
      "geometry": {
        "type": "Point",
        "coordinates": [
          73.0360145,
          19.0073531
        ]
      },
      "id": "way/1289191060"
    },
    {
      "type": "Feature",
      "properties": {
        "@id": "way/1297868323",
        "leisure": "park",
        "name": "Union Park",
        "@geometry": "center"
      },
      "geometry": {
        "type": "Point",
        "coordinates": [
          72.8223326,
          19.0702502
        ]
      },
      "id": "way/1297868323"
    },
    {
      "type": "Feature",
      "properties": {
        "@id": "way/1300188635",
        "leisure": "park",
        "@geometry": "center"
      },
      "geometry": {
        "type": "Point",
        "coordinates": [
          73.0827422,
          19.0441486
        ]
      },
      "id": "way/1300188635"
    },
    {
      "type": "Feature",
      "properties": {
        "@id": "way/1302414170",
        "dog": "no",
        "leisure": "park",
        "@geometry": "center"
      },
      "geometry": {
        "type": "Point",
        "coordinates": [
          72.8798304,
          19.2656787
        ]
      },
      "id": "way/1302414170"
    },
    {
      "type": "Feature",
      "properties": {
        "@id": "way/1302829782",
        "leisure": "park",
        "@geometry": "center"
      },
      "geometry": {
        "type": "Point",
        "coordinates": [
          73.1209796,
          19.004489
        ]
      },
      "id": "way/1302829782"
    },
    {
      "type": "Feature",
      "properties": {
        "@id": "way/1302829792",
        "leisure": "park",
        "@geometry": "center"
      },
      "geometry": {
        "type": "Point",
        "coordinates": [
          73.1236777,
          19.0002695
        ]
      },
      "id": "way/1302829792"
    },
    {
      "type": "Feature",
      "properties": {
        "@id": "way/1302829794",
        "leisure": "park",
        "@geometry": "center"
      },
      "geometry": {
        "type": "Point",
        "coordinates": [
          73.1192655,
          19.001291
        ]
      },
      "id": "way/1302829794"
    },
    {
      "type": "Feature",
      "properties": {
        "@id": "way/1302829795",
        "leisure": "park",
        "@geometry": "center"
      },
      "geometry": {
        "type": "Point",
        "coordinates": [
          73.1181422,
          19.0013924
        ]
      },
      "id": "way/1302829795"
    },
    {
      "type": "Feature",
      "properties": {
        "@id": "way/1302829796",
        "leisure": "park",
        "@geometry": "center"
      },
      "geometry": {
        "type": "Point",
        "coordinates": [
          73.1187779,
          19.0044668
        ]
      },
      "id": "way/1302829796"
    },
    {
      "type": "Feature",
      "properties": {
        "@id": "way/1302829797",
        "leisure": "park",
        "@geometry": "center"
      },
      "geometry": {
        "type": "Point",
        "coordinates": [
          73.1187393,
          19.0033449
        ]
      },
      "id": "way/1302829797"
    },
    {
      "type": "Feature",
      "properties": {
        "@id": "way/1302829802",
        "leisure": "park",
        "@geometry": "center"
      },
      "geometry": {
        "type": "Point",
        "coordinates": [
          73.1259307,
          18.9935792
        ]
      },
      "id": "way/1302829802"
    },
    {
      "type": "Feature",
      "properties": {
        "@id": "way/1308852076",
        "access": "private",
        "leisure": "park",
        "name": "Kaveri Vrundawan",
        "@geometry": "center"
      },
      "geometry": {
        "type": "Point",
        "coordinates": [
          72.972948,
          19.1737857
        ]
      },
      "id": "way/1308852076"
    },
    {
      "type": "Feature",
      "properties": {
        "@id": "way/1310990253",
        "leisure": "garden",
        "@geometry": "center"
      },
      "geometry": {
        "type": "Point",
        "coordinates": [
          73.0090604,
          18.9662964
        ]
      },
      "id": "way/1310990253"
    },
    {
      "type": "Feature",
      "properties": {
        "@id": "way/1310990255",
        "leisure": "garden",
        "@geometry": "center"
      },
      "geometry": {
        "type": "Point",
        "coordinates": [
          73.0069631,
          18.9663557
        ]
      },
      "id": "way/1310990255"
    },
    {
      "type": "Feature",
      "properties": {
        "@id": "way/1311209837",
        "leisure": "park",
        "@geometry": "center"
      },
      "geometry": {
        "type": "Point",
        "coordinates": [
          73.013824,
          19.0180298
        ]
      },
      "id": "way/1311209837"
    },
    {
      "type": "Feature",
      "properties": {
        "@id": "way/1311295550",
        "leisure": "park",
        "@geometry": "center"
      },
      "geometry": {
        "type": "Point",
        "coordinates": [
          72.8236061,
          19.0543726
        ]
      },
      "id": "way/1311295550"
    },
    {
      "type": "Feature",
      "properties": {
        "@id": "way/1325271004",
        "addr:city": "Mulund (East)",
        "addr:postcode": "400081",
        "leisure": "park",
        "name": "Nana Nani park",
        "@geometry": "center"
      },
      "geometry": {
        "type": "Point",
        "coordinates": [
          72.9660328,
          19.1703094
        ]
      },
      "id": "way/1325271004"
    },
    {
      "type": "Feature",
      "properties": {
        "@id": "way/1330126866",
        "leisure": "park",
        "@geometry": "center"
      },
      "geometry": {
        "type": "Point",
        "coordinates": [
          72.947726,
          19.1792861
        ]
      },
      "id": "way/1330126866"
    },
    {
      "type": "Feature",
      "properties": {
        "@id": "way/1330621916",
        "leisure": "park",
        "name": "Jaswantrai Mehta Udyan",
        "@geometry": "center"
      },
      "geometry": {
        "type": "Point",
        "coordinates": [
          72.9070832,
          19.0832386
        ]
      },
      "id": "way/1330621916"
    },
    {
      "type": "Feature",
      "properties": {
        "@id": "way/1330621918",
        "leisure": "garden",
        "@geometry": "center"
      },
      "geometry": {
        "type": "Point",
        "coordinates": [
          72.9052091,
          19.083634
        ]
      },
      "id": "way/1330621918"
    },
    {
      "type": "Feature",
      "properties": {
        "@id": "way/1330724364",
        "leisure": "park",
        "name": "Matoshree Minatai Thakrey Shilpgram",
        "@geometry": "center"
      },
      "geometry": {
        "type": "Point",
        "coordinates": [
          72.8716333,
          19.1350183
        ]
      },
      "id": "way/1330724364"
    },
    {
      "type": "Feature",
      "properties": {
        "@id": "way/1340730635",
        "leisure": "park",
        "@geometry": "center"
      },
      "geometry": {
        "type": "Point",
        "coordinates": [
          72.8379881,
          19.2277851
        ]
      },
      "id": "way/1340730635"
    },
    {
      "type": "Feature",
      "properties": {
        "@id": "way/1341468166",
        "access": "private",
        "addr:city": "Mumbai",
        "addr:district": "Mumbai",
        "addr:housenumber": "St. Charles Playground",
        "addr:postcode": "400055",
        "addr:street": "Shivaji Nagar",
        "leisure": "park",
        "name": "St.Charles Playground",
        "opening_hours": "Mo-Sa 08:00-20:00",
        "operator": "Government playground",
        "operator:type": "public",
        "@geometry": "center"
      },
      "geometry": {
        "type": "Point",
        "coordinates": [
          72.852754,
          19.080294
        ]
      },
      "id": "way/1341468166"
    },
    {
      "type": "Feature",
      "properties": {
        "@id": "way/1341470187",
        "addr:city": "mumbai",
        "addr:district": "Mumbai",
        "addr:housenumber": "Anand Nagar",
        "addr:postcode": "400055",
        "addr:street": "Kalina-Vakola Flyover",
        "leisure": "park",
        "name": "Anand Nagar Garden",
        "opening_hours": "Mo-Su 06:00-22:00",
        "operator": "BMC",
        "operator:type": "public",
        "@geometry": "center"
      },
      "geometry": {
        "type": "Point",
        "coordinates": [
          72.8486489,
          19.0811033
        ]
      },
      "id": "way/1341470187"
    },
    {
      "type": "Feature",
      "properties": {
        "@id": "way/1341471445",
        "addr:city": "Mumbai",
        "addr:district": "Mumbai",
        "addr:postcode": "400068",
        "addr:street": "ashokvan",
        "leisure": "park",
        "name": "Aaji Ajoba Udyan",
        "opening_hours": "Mo-Fr 08:00-17:00",
        "operator": "BMC",
        "operator:type": "public",
        "@geometry": "center"
      },
      "geometry": {
        "type": "Point",
        "coordinates": [
          72.867309,
          19.2421079
        ]
      },
      "id": "way/1341471445"
    },
    {
      "type": "Feature",
      "properties": {
        "@id": "way/1341472135",
        "dog": "leashed",
        "leisure": "park",
        "mobile": "9878788787",
        "name": "Racecourse Ground",
        "natural": "leashed",
        "opening_hours": "Mo-Su 08:00-22:00",
        "operator": "mahalaxmi",
        "operator:type": "private",
        "@geometry": "center"
      },
      "geometry": {
        "type": "Point",
        "coordinates": [
          72.8197402,
          18.9838743
        ]
      },
      "id": "way/1341472135"
    },
    {
      "type": "Feature",
      "properties": {
        "@id": "way/1341473109",
        "addr:city": "Mumbai",
        "addr:district": "Mumbai",
        "addr:housenumber": "123",
        "addr:postcode": "400102",
        "addr:street": "Veera Desai Road",
        "leisure": "park",
        "name": "Common Ground",
        "opening_hours": "Mo-Fr 09:00-17:00",
        "operator": "BMC",
        "operator:type": "public",
        "@geometry": "center"
      },
      "geometry": {
        "type": "Point",
        "coordinates": [
          72.8363633,
          19.1397457
        ]
      },
      "id": "way/1341473109"
    },
    {
      "type": "Feature",
      "properties": {
        "@id": "way/1341927004",
        "leisure": "park",
        "@geometry": "center"
      },
      "geometry": {
        "type": "Point",
        "coordinates": [
          72.8325471,
          19.2177559
        ]
      },
      "id": "way/1341927004"
    },
    {
      "type": "Feature",
      "properties": {
        "@id": "way/1342073695",
        "addr:city": "Mumbai",
        "addr:district": "Mumbai",
        "addr:postcode": "400065",
        "addr:street": "General A K V Marg",
        "leisure": "park",
        "name": "Raheja Garden",
        "@geometry": "center"
      },
      "geometry": {
        "type": "Point",
        "coordinates": [
          72.8763194,
          19.1794781
        ]
      },
      "id": "way/1342073695"
    },
    {
      "type": "Feature",
      "properties": {
        "@id": "way/1342074215",
        "leisure": "park",
        "@geometry": "center"
      },
      "geometry": {
        "type": "Point",
        "coordinates": [
          73.104487,
          19.2213844
        ]
      },
      "id": "way/1342074215"
    },
    {
      "type": "Feature",
      "properties": {
        "@id": "way/1349066763",
        "leisure": "park",
        "name": "global park",
        "opening_hours": "Mo-Sa 07:00-20:00",
        "operator": "BMC",
        "operator:type": "public",
        "@geometry": "center"
      },
      "geometry": {
        "type": "Point",
        "coordinates": [
          72.8889885,
          19.0311668
        ]
      },
      "id": "way/1349066763"
    },
    {
      "type": "Feature",
      "properties": {
        "@id": "way/1349792273",
        "addr:city": "Mumbai",
        "addr:postcode": "400091",
        "leisure": "park",
        "name": "Gorai Udyan",
        "operator": "Brihanmumbai Mahanagar Palika",
        "operator:type": "government",
        "@geometry": "center"
      },
      "geometry": {
        "type": "Point",
        "coordinates": [
          72.8314534,
          19.2262827
        ]
      },
      "id": "way/1349792273"
    },
    {
      "type": "Feature",
      "properties": {
        "@id": "way/1352853127",
        "leisure": "park",
        "name": "Surya Garden",
        "@geometry": "center"
      },
      "geometry": {
        "type": "Point",
        "coordinates": [
          72.9602058,
          19.2246552
        ]
      },
      "id": "way/1352853127"
    },
    {
      "type": "Feature",
      "properties": {
        "@id": "way/1354879489",
        "leisure": "park",
        "name": "Dnyaneshwar Udhyodhan Park",
        "opening_hours": "Mo-Sa 08:00-20:00",
        "@geometry": "center"
      },
      "geometry": {
        "type": "Point",
        "coordinates": [
          72.8441931,
          19.0283765
        ]
      },
      "id": "way/1354879489"
    },
    {
      "type": "Feature",
      "properties": {
        "@id": "way/1354880129",
        "leisure": "park",
        "name": "Dyaneshwar Udhyodhan Park",
        "opening_hours": "Mo-Su 07:00-22:00",
        "operator": "Brihamumbai Nagarpalika",
        "operator:type": "government",
        "@geometry": "center"
      },
      "geometry": {
        "type": "Point",
        "coordinates": [
          72.8457284,
          19.0294872
        ]
      },
      "id": "way/1354880129"
    },
    {
      "type": "Feature",
      "properties": {
        "@id": "way/1354880442",
        "addr:city": "Mumbai",
        "addr:district": "mumbai",
        "addr:housenumber": "231",
        "addr:postcode": "400063",
        "addr:street": "Service Road",
        "leisure": "park",
        "name": "silver meadows",
        "@geometry": "center"
      },
      "geometry": {
        "type": "Point",
        "coordinates": [
          72.8552553,
          19.1465009
        ]
      },
      "id": "way/1354880442"
    },
    {
      "type": "Feature",
      "properties": {
        "@id": "way/1354903440",
        "leisure": "park",
        "@geometry": "center"
      },
      "geometry": {
        "type": "Point",
        "coordinates": [
          72.8640785,
          19.1083289
        ]
      },
      "id": "way/1354903440"
    },
    {
      "type": "Feature",
      "properties": {
        "@id": "way/1355446083",
        "leisure": "park",
        "name": "Mahatma Gandhi Udyan",
        "opening_hours": "Mo-Sa 08:00-20:00",
        "operator": "MCGC",
        "operator:type": "public",
        "@geometry": "center"
      },
      "geometry": {
        "type": "Point",
        "coordinates": [
          72.8675731,
          19.0470848
        ]
      },
      "id": "way/1355446083"
    },
    {
      "type": "Feature",
      "properties": {
        "@id": "way/1356569478",
        "leisure": "park",
        "@geometry": "center"
      },
      "geometry": {
        "type": "Point",
        "coordinates": [
          72.8440653,
          18.9983584
        ]
      },
      "id": "way/1356569478"
    },
    {
      "type": "Feature",
      "properties": {
        "@id": "way/1356803745",
        "addr:city": "Mumbai",
        "addr:postcode": "400049",
        "addr:street": "Vidyanidhi Marg",
        "leisure": "park",
        "name": "Kaifi Azmi Park",
        "name:etymology:wikidata": "Q82066",
        "operator": "Municipal Corporation of Greater Mumbai",
        "operator:type": "government",
        "@geometry": "center"
      },
      "geometry": {
        "type": "Point",
        "coordinates": [
          72.8309842,
          19.1121043
        ]
      },
      "id": "way/1356803745"
    },
    {
      "type": "Feature",
      "properties": {
        "@id": "way/1360290274",
        "addr:city": "Mumbai",
        "addr:district": "Mumbai",
        "addr:postcode": "400097",
        "addr:street": "Rani Sati Marg",
        "dog": "yes",
        "leisure": "park",
        "name": "building park",
        "opening_hours": "24/7",
        "operator": "ganga yamuna",
        "operator:type": "private_non_profit",
        "@geometry": "center"
      },
      "geometry": {
        "type": "Point",
        "coordinates": [
          72.8497866,
          19.1840797
        ]
      },
      "id": "way/1360290274"
    },
    {
      "type": "Feature",
      "properties": {
        "@id": "way/1360694681",
        "leisure": "park",
        "name": "OPEN GYM",
        "@geometry": "center"
      },
      "geometry": {
        "type": "Point",
        "coordinates": [
          72.9953103,
          19.083642
        ]
      },
      "id": "way/1360694681"
    },
    {
      "type": "Feature",
      "properties": {
        "@id": "way/1366187569",
        "barrier": "fence",
        "leisure": "garden",
        "@geometry": "center"
      },
      "geometry": {
        "type": "Point",
        "coordinates": [
          72.9156874,
          19.134369
        ]
      },
      "id": "way/1366187569"
    },
    {
      "type": "Feature",
      "properties": {
        "@id": "way/1370700238",
        "access": "yes",
        "fee": "no",
        "garden:type": "public",
        "leisure": "park",
        "name": "Madhukar Kulkarni Garden",
        "name:en": "Madhukar Kulkarni Garden",
        "opening_hours": "Mo-Fr 05:00-13:00,15:00-22:00; Sa-Su 05:00-22:00; PH 05:00-22:00",
        "operator": "BMC",
        "operator:type": "government",
        "@geometry": "center"
      },
      "geometry": {
        "type": "Point",
        "coordinates": [
          72.8242508,
          19.0519907
        ]
      },
      "id": "way/1370700238"
    },
    {
      "type": "Feature",
      "properties": {
        "@id": "way/1373612991",
        "access": "permissive",
        "addr:city": "Mumbai",
        "addr:district": "Dharavi Koliwada",
        "leisure": "park",
        "name": "Garden of Festivities",
        "name:en": "Garden of Festivities",
        "name:mr": "पिवळा बंगला",
        "operator": "Dharavi Koli Jamat",
        "operator:type": "government",
        "@geometry": "center"
      },
      "geometry": {
        "type": "Point",
        "coordinates": [
          72.8540627,
          19.0487259
        ]
      },
      "id": "way/1373612991"
    },
    {
      "type": "Feature",
      "properties": {
        "@id": "way/1377449767",
        "garden:type": "residential",
        "leisure": "garden",
        "name": "Laal Otta",
        "@geometry": "center"
      },
      "geometry": {
        "type": "Point",
        "coordinates": [
          72.8540744,
          19.0475717
        ]
      },
      "id": "way/1377449767"
    },
    {
      "type": "Feature",
      "properties": {
        "@id": "way/1381366791",
        "leisure": "garden",
        "@geometry": "center"
      },
      "geometry": {
        "type": "Point",
        "coordinates": [
          72.8401619,
          19.0423384
        ]
      },
      "id": "way/1381366791"
    },
    {
      "type": "Feature",
      "properties": {
        "@id": "way/1382352367",
        "access": "private",
        "garden:type": "private",
        "leisure": "garden",
        "name": "Swapnadeep garden",
        "@geometry": "center"
      },
      "geometry": {
        "type": "Point",
        "coordinates": [
          72.8607515,
          19.2719957
        ]
      },
      "id": "way/1382352367"
    },
    {
      "type": "Feature",
      "properties": {
        "@id": "way/1382488970",
        "leisure": "park",
        "@geometry": "center"
      },
      "geometry": {
        "type": "Point",
        "coordinates": [
          72.859431,
          19.2731982
        ]
      },
      "id": "way/1382488970"
    },
    {
      "type": "Feature",
      "properties": {
        "@id": "way/1382531643",
        "addr:city": "Mira Road(E)",
        "addr:district": "Thane",
        "addr:postcode": "401107",
        "addr:street": "Muhammed Ali Rd",
        "leisure": "park",
        "name": "Rani Laksmibai Udyan",
        "name:etymology:wikidata": "Q181878",
        "@geometry": "center"
      },
      "geometry": {
        "type": "Point",
        "coordinates": [
          72.8640654,
          19.2719526
        ]
      },
      "id": "way/1382531643"
    },
    {
      "type": "Feature",
      "properties": {
        "@id": "way/1382531647",
        "leisure": "garden",
        "@geometry": "center"
      },
      "geometry": {
        "type": "Point",
        "coordinates": [
          72.8632582,
          19.2729221
        ]
      },
      "id": "way/1382531647"
    },
    {
      "type": "Feature",
      "properties": {
        "@id": "way/1382534682",
        "leisure": "garden",
        "name": "Wellington Fountain",
        "@geometry": "center"
      },
      "geometry": {
        "type": "Point",
        "coordinates": [
          72.8323003,
          18.9253707
        ]
      },
      "id": "way/1382534682"
    },
    {
      "type": "Feature",
      "properties": {
        "@id": "way/1382535720",
        "amenity": "park",
        "leisure": "park",
        "name": "Jai Machindranath Mitra Mandal",
        "@geometry": "center"
      },
      "geometry": {
        "type": "Point",
        "coordinates": [
          72.853943,
          19.0479839
        ]
      },
      "id": "way/1382535720"
    },
    {
      "type": "Feature",
      "properties": {
        "@id": "way/1382622425",
        "leisure": "garden",
        "@geometry": "center"
      },
      "geometry": {
        "type": "Point",
        "coordinates": [
          72.8600003,
          19.2736672
        ]
      },
      "id": "way/1382622425"
    },
    {
      "type": "Feature",
      "properties": {
        "@id": "way/1382715841",
        "addr:city": "Mira Road(E)",
        "addr:district": "Thane",
        "addr:housenumber": "Sector-9",
        "addr:postcode": "401107",
        "addr:street": "Sector-9 Internal Rd",
        "leisure": "park",
        "name": "Sector-9 Ground",
        "name:en": "Lokmanya Tilak Maidan",
        "@geometry": "center"
      },
      "geometry": {
        "type": "Point",
        "coordinates": [
          72.8633444,
          19.2747346
        ]
      },
      "id": "way/1382715841"
    },
    {
      "type": "Feature",
      "properties": {
        "@id": "way/1382744504",
        "addr:city": "Mira Road(E)",
        "addr:district": "Thane",
        "addr:housenumber": "Sector-8",
        "addr:postcode": "401107",
        "addr:street": "Sector-8 Internal Rd",
        "leisure": "park",
        "name": "Sector 8 ground",
        "name:en": "Ganesh Maidan",
        "@geometry": "center"
      },
      "geometry": {
        "type": "Point",
        "coordinates": [
          72.8644811,
          19.2765738
        ]
      },
      "id": "way/1382744504"
    },
    {
      "type": "Feature",
      "properties": {
        "@id": "way/1382934734",
        "addr:street": "Sector-8 Internal Rd",
        "leisure": "park",
        "@geometry": "center"
      },
      "geometry": {
        "type": "Point",
        "coordinates": [
          72.8638706,
          19.2762928
        ]
      },
      "id": "way/1382934734"
    },
    {
      "type": "Feature",
      "properties": {
        "@id": "way/1382952644",
        "addr:city": "Mira Road(E)",
        "addr:district": "Thane",
        "addr:housenumber": "Sector-7",
        "addr:postcode": "401107",
        "leisure": "park",
        "name": "Sector-7 ground",
        "name:en": "Shri P. P. A. B Yashovarmsooshverji maharaj saheb udyan",
        "@geometry": "center"
      },
      "geometry": {
        "type": "Point",
        "coordinates": [
          72.8629998,
          19.2775866
        ]
      },
      "id": "way/1382952644"
    },
    {
      "type": "Feature",
      "properties": {
        "@id": "way/1383233059",
        "addr:city": "Mira Road(E)",
        "addr:district": "Thane",
        "addr:housenumber": "Sector-10",
        "addr:postcode": "401107",
        "addr:street": "Sector-10 Internal Rd",
        "leisure": "park",
        "name": "Sector-10 Ground",
        "@geometry": "center"
      },
      "geometry": {
        "type": "Point",
        "coordinates": [
          72.8611873,
          19.2758665
        ]
      },
      "id": "way/1383233059"
    },
    {
      "type": "Feature",
      "properties": {
        "@id": "way/1383776109",
        "addr:city": "Mira Road(E)",
        "addr:district": "Thane",
        "addr:postcode": "401107",
        "addr:street": "Poonam Sagar Road",
        "leisure": "park",
        "name": "Yogiji Maharaj Udyan",
        "@geometry": "center"
      },
      "geometry": {
        "type": "Point",
        "coordinates": [
          72.8588769,
          19.2780213
        ]
      },
      "id": "way/1383776109"
    },
    {
      "type": "Feature",
      "properties": {
        "@id": "way/1383776133",
        "addr:city": "Mira Road(E)",
        "addr:district": "Thane",
        "addr:housenumber": "Sector-2",
        "addr:postcode": "401107",
        "leisure": "park",
        "name": "Sachidanand Maharj Udyan",
        "@geometry": "center"
      },
      "geometry": {
        "type": "Point",
        "coordinates": [
          72.8602187,
          19.2770782
        ]
      },
      "id": "way/1383776133"
    },
    {
      "type": "Feature",
      "properties": {
        "@id": "way/1383776135",
        "addr:city": "Mira Road(E)",
        "addr:district": "Thane",
        "addr:housenumber": "Sector-2",
        "addr:postcode": "401107",
        "leisure": "park",
        "name": "Thagiji Maharaj Udyan",
        "@geometry": "center"
      },
      "geometry": {
        "type": "Point",
        "coordinates": [
          72.8593567,
          19.277097
        ]
      },
      "id": "way/1383776135"
    },
    {
      "type": "Feature",
      "properties": {
        "@id": "way/1384405016",
        "garden:type": "residential",
        "leisure": "garden",
        "@geometry": "center"
      },
      "geometry": {
        "type": "Point",
        "coordinates": [
          72.8637978,
          19.2998318
        ]
      },
      "id": "way/1384405016"
    },
    {
      "type": "Feature",
      "properties": {
        "@id": "way/1384408319",
        "garden:type": "residential",
        "leisure": "garden",
        "@geometry": "center"
      },
      "geometry": {
        "type": "Point",
        "coordinates": [
          72.8641313,
          19.30015
        ]
      },
      "id": "way/1384408319"
    },
    {
      "type": "Feature",
      "properties": {
        "@id": "way/1384662195",
        "leisure": "park",
        "@geometry": "center"
      },
      "geometry": {
        "type": "Point",
        "coordinates": [
          72.8605473,
          19.277312
        ]
      },
      "id": "way/1384662195"
    },
    {
      "type": "Feature",
      "properties": {
        "@id": "way/1384662196",
        "leisure": "park",
        "@geometry": "center"
      },
      "geometry": {
        "type": "Point",
        "coordinates": [
          72.8605998,
          19.2776726
        ]
      },
      "id": "way/1384662196"
    },
    {
      "type": "Feature",
      "properties": {
        "@id": "way/1385110461",
        "leisure": "park",
        "name": "Sec 27 Park",
        "@geometry": "center"
      },
      "geometry": {
        "type": "Point",
        "coordinates": [
          73.0247111,
          19.0220104
        ]
      },
      "id": "way/1385110461"
    },
    {
      "type": "Feature",
      "properties": {
        "@id": "way/1387274682",
        "leisure": "park",
        "name": "Birla Garden",
        "name:en": "Birla Garden",
        "@geometry": "center"
      },
      "geometry": {
        "type": "Point",
        "coordinates": [
          72.8246936,
          19.1049813
        ]
      },
      "id": "way/1387274682"
    },
    {
      "type": "Feature",
      "properties": {
        "@id": "way/1387383765",
        "fee": "no",
        "leisure": "garden",
        "@geometry": "center"
      },
      "geometry": {
        "type": "Point",
        "coordinates": [
          72.8393204,
          19.1015979
        ]
      },
      "id": "way/1387383765"
    },
    {
      "type": "Feature",
      "properties": {
        "@id": "way/1387674199",
        "leisure": "park",
        "@geometry": "center"
      },
      "geometry": {
        "type": "Point",
        "coordinates": [
          72.9632089,
          19.1925432
        ]
      },
      "id": "way/1387674199"
    },
    {
      "type": "Feature",
      "properties": {
        "@id": "way/1387774667",
        "leisure": "park",
        "@geometry": "center"
      },
      "geometry": {
        "type": "Point",
        "coordinates": [
          72.9676168,
          19.1761289
        ]
      },
      "id": "way/1387774667"
    },
    {
      "type": "Feature",
      "properties": {
        "@id": "way/1388040420",
        "leisure": "garden",
        "@geometry": "center"
      },
      "geometry": {
        "type": "Point",
        "coordinates": [
          72.9318191,
          19.1674676
        ]
      },
      "id": "way/1388040420"
    },
    {
      "type": "Feature",
      "properties": {
        "@id": "way/1388424955",
        "leisure": "park",
        "@geometry": "center"
      },
      "geometry": {
        "type": "Point",
        "coordinates": [
          72.9323141,
          19.1710568
        ]
      },
      "id": "way/1388424955"
    },
    {
      "type": "Feature",
      "properties": {
        "@id": "way/1388748291",
        "leisure": "park",
        "@geometry": "center"
      },
      "geometry": {
        "type": "Point",
        "coordinates": [
          72.9666299,
          19.1811404
        ]
      },
      "id": "way/1388748291"
    },
    {
      "type": "Feature",
      "properties": {
        "@id": "way/1388751899",
        "leisure": "park",
        "@geometry": "center"
      },
      "geometry": {
        "type": "Point",
        "coordinates": [
          72.9664184,
          19.1801348
        ]
      },
      "id": "way/1388751899"
    },
    {
      "type": "Feature",
      "properties": {
        "@id": "way/1388813516",
        "access": "yes",
        "dog": "no",
        "leisure": "park",
        "name": "Nilgiri Park",
        "name:en": "Nilgiri Park",
        "name:mr": "निलगिरी उद्यान",
        "opening_hours": "Mo-Sa 05:00-13:00,15:00-22:00; Su 05:00-22:00; PH 05:00-22:00",
        "operator": "BMC",
        "operator:type": "government",
        "@geometry": "center"
      },
      "geometry": {
        "type": "Point",
        "coordinates": [
          72.8354083,
          19.0622876
        ]
      },
      "id": "way/1388813516"
    },
    {
      "type": "Feature",
      "properties": {
        "@id": "way/1391308866",
        "leisure": "park",
        "@geometry": "center"
      },
      "geometry": {
        "type": "Point",
        "coordinates": [
          72.9995412,
          19.1101562
        ]
      },
      "id": "way/1391308866"
    },
    {
      "type": "Feature",
      "properties": {
        "@id": "way/1393743745",
        "addr:city": "Mira Road(E)",
        "addr:district": "Thane",
        "addr:housenumber": "Sector-1",
        "addr:postcode": "401107",
        "addr:street": "Sector-1 Internal Rd",
        "leisure": "park",
        "@geometry": "center"
      },
      "geometry": {
        "type": "Point",
        "coordinates": [
          72.8592562,
          19.2799014
        ]
      },
      "id": "way/1393743745"
    },
    {
      "type": "Feature",
      "properties": {
        "@id": "way/1393743747",
        "addr:city": "Mira Road(E)",
        "addr:district": "Thane",
        "addr:housenumber": "Sector-1",
        "addr:postcode": "401107",
        "addr:street": "Sector-1 Internal Rd",
        "leisure": "park",
        "@geometry": "center"
      },
      "geometry": {
        "type": "Point",
        "coordinates": [
          72.8586909,
          19.279663
        ]
      },
      "id": "way/1393743747"
    },
    {
      "type": "Feature",
      "properties": {
        "@id": "way/1393743750",
        "access": "yes",
        "addr:street": "Sector-1 Internal Rd",
        "fee": "no",
        "leisure": "park",
        "name": "Minatai Balasaheb Thackeray Garden",
        "name:etymology:wikidata": "Q22081679",
        "@geometry": "center"
      },
      "geometry": {
        "type": "Point",
        "coordinates": [
          72.8588464,
          19.2805859
        ]
      },
      "id": "way/1393743750"
    },
    {
      "type": "Feature",
      "properties": {
        "@id": "way/1393743751",
        "addr:city": "Mira Road(E)",
        "addr:district": "Thane",
        "addr:postcode": "401107",
        "addr:street": "Sector-1 Internal Road",
        "addr:suburb": "Sector-1",
        "leisure": "park",
        "name": "Piyush Park",
        "@geometry": "center"
      },
      "geometry": {
        "type": "Point",
        "coordinates": [
          72.8589188,
          19.2801274
        ]
      },
      "id": "way/1393743751"
    },
    {
      "type": "Feature",
      "properties": {
        "@id": "way/1394097473",
        "access": "yes",
        "amenity": "park",
        "leisure": "park",
        "name": "Lejhim Maidan",
        "@geometry": "center"
      },
      "geometry": {
        "type": "Point",
        "coordinates": [
          72.8546372,
          19.0462208
        ]
      },
      "id": "way/1394097473"
    },
    {
      "type": "Feature",
      "properties": {
        "@id": "way/1394136080",
        "leisure": "park",
        "name": "Jai Shree Ganesh Mitra Mandal",
        "@geometry": "center"
      },
      "geometry": {
        "type": "Point",
        "coordinates": [
          72.8538281,
          19.0464243
        ]
      },
      "id": "way/1394136080"
    },
    {
      "type": "Feature",
      "properties": {
        "@id": "way/1394136082",
        "amenity": "park",
        "leisure": "park",
        "name": "Sagar Tarun Mitra Mandal",
        "@geometry": "center"
      },
      "geometry": {
        "type": "Point",
        "coordinates": [
          72.854629,
          19.0478988
        ]
      },
      "id": "way/1394136082"
    },
    {
      "type": "Feature",
      "properties": {
        "@id": "way/1394537333",
        "addr:city": "Mira Road(E)",
        "addr:district": "Thane",
        "addr:postcode": "401107",
        "leisure": "park",
        "name": "Nana Nani Park Udyan",
        "@geometry": "center"
      },
      "geometry": {
        "type": "Point",
        "coordinates": [
          72.8614574,
          19.2811918
        ]
      },
      "id": "way/1394537333"
    },
    {
      "type": "Feature",
      "properties": {
        "@id": "way/1394537357",
        "addr:street": "Sector-4 internal Rd",
        "leisure": "park",
        "name": "Sector-4 Park",
        "name:en": "Jawaharlal Nehru Stadium",
        "name:hi": "जवाहरलाल नेहरू स्टेडियम",
        "@geometry": "center"
      },
      "geometry": {
        "type": "Point",
        "coordinates": [
          72.8608117,
          19.2808341
        ]
      },
      "id": "way/1394537357"
    },
    {
      "type": "Feature",
      "properties": {
        "@id": "way/1394904911",
        "addr:city": "Mira Road(E)",
        "addr:district": "Thane",
        "addr:housenumber": "Sector-3",
        "addr:postcode": "401107",
        "leisure": "park",
        "name": "Pramukh Swami Maharaja Park",
        "@geometry": "center"
      },
      "geometry": {
        "type": "Point",
        "coordinates": [
          72.8615409,
          19.2792648
        ]
      },
      "id": "way/1394904911"
    },
    {
      "type": "Feature",
      "properties": {
        "@id": "way/1394904916",
        "addr:city": "Mira Road(E)",
        "addr:district": "Thane",
        "addr:housenumber": "Sector-3",
        "addr:postcode": "401107",
        "leisure": "park",
        "name": "Sector-3 park",
        "@geometry": "center"
      },
      "geometry": {
        "type": "Point",
        "coordinates": [
          72.8617234,
          19.278974
        ]
      },
      "id": "way/1394904916"
    },
    {
      "type": "Feature",
      "properties": {
        "@id": "way/1395746731",
        "addr:city": "Mira Road(E)",
        "addr:district": "Thane",
        "addr:housenumber": "Sector-5",
        "addr:postcode": "401107",
        "leisure": "park",
        "name": "Sector-5 Park",
        "@geometry": "center"
      },
      "geometry": {
        "type": "Point",
        "coordinates": [
          72.8630208,
          19.2817548
        ]
      },
      "id": "way/1395746731"
    },
    {
      "type": "Feature",
      "properties": {
        "@id": "way/1395747957",
        "addr:city": "Mira Road(E)",
        "addr:district": "Thane",
        "addr:postcode": "401107",
        "addr:street": "Sector-5 internal Rd",
        "leisure": "park",
        "name": "Sardar Vallabhbhai Patel Garden And Maidaan",
        "name:etymology:wikidata": "Q9455",
        "@geometry": "center"
      },
      "geometry": {
        "type": "Point",
        "coordinates": [
          72.8633029,
          19.2819136
        ]
      },
      "id": "way/1395747957"
    },
    {
      "type": "Feature",
      "properties": {
        "@id": "way/1396245691",
        "addr:city": "Mira Road(E)",
        "addr:district": "Thane",
        "addr:postcode": "401107",
        "addr:street": "Sector-6 internal Rd",
        "leisure": "park",
        "name": "United Sports Club Ground",
        "@geometry": "center"
      },
      "geometry": {
        "type": "Point",
        "coordinates": [
          72.8638975,
          19.2802437
        ]
      },
      "id": "way/1396245691"
    },
    {
      "type": "Feature",
      "properties": {
        "@id": "way/1396299796",
        "addr:city": "Mira Road(E)",
        "addr:district": "Thane",
        "addr:postcode": "401107",
        "addr:street": "Sector-6 internal Rd",
        "leisure": "park",
        "name": "Swami Vivekanand Udyan",
        "name:etymology:wikidata": "Q47478",
        "@geometry": "center"
      },
      "geometry": {
        "type": "Point",
        "coordinates": [
          72.8627246,
          19.2804407
        ]
      },
      "id": "way/1396299796"
    },
    {
      "type": "Feature",
      "properties": {
        "@id": "way/1396612956",
        "leisure": "garden",
        "@geometry": "center"
      },
      "geometry": {
        "type": "Point",
        "coordinates": [
          72.8356452,
          19.0620453
        ]
      },
      "id": "way/1396612956"
    },
    {
      "type": "Feature",
      "properties": {
        "@id": "way/1409173646",
        "access": "customers",
        "fee": "no",
        "garden:type": "private",
        "leisure": "garden",
        "mobile": "+919920763763",
        "name": "Silver Oak By Bay Hotels",
        "operator": "Silver Oak By Bay Hotels",
        "operator:type": "private",
        "website": "https://silveroakuran.com/",
        "@geometry": "center"
      },
      "geometry": {
        "type": "Point",
        "coordinates": [
          72.925331,
          18.8735122
        ]
      },
      "id": "way/1409173646"
    },
    {
      "type": "Feature",
      "properties": {
        "@id": "way/1410354480",
        "leisure": "park",
        "name": "Mahatapasvi Acharya Shri Mahashramanji City Park",
        "name:etymology:wikidata": "Q4673547",
        "@geometry": "center"
      },
      "geometry": {
        "type": "Point",
        "coordinates": [
          72.8847119,
          19.11081
        ]
      },
      "id": "way/1410354480"
    },
    {
      "type": "Feature",
      "properties": {
        "@id": "way/1411967076",
        "garden:type": "community",
        "leisure": "garden",
        "@geometry": "center"
      },
      "geometry": {
        "type": "Point",
        "coordinates": [
          72.8216017,
          19.0512513
        ]
      },
      "id": "way/1411967076"
    },
    {
      "type": "Feature",
      "properties": {
        "@id": "way/1411967081",
        "leisure": "park",
        "name": "Arbour Park",
        "name:en": "Arbour Park",
        "name:mr": "आर्बर पार्क",
        "operator": "M. C. G. M",
        "operator:type": "public",
        "@geometry": "center"
      },
      "geometry": {
        "type": "Point",
        "coordinates": [
          72.8218559,
          19.0511347
        ]
      },
      "id": "way/1411967081"
    },
    {
      "type": "Feature",
      "properties": {
        "@id": "way/1415665102",
        "leisure": "garden",
        "@geometry": "center"
      },
      "geometry": {
        "type": "Point",
        "coordinates": [
          72.8222162,
          19.04603
        ]
      },
      "id": "way/1415665102"
    },
    {
      "type": "Feature",
      "properties": {
        "@id": "way/1419133755",
        "fee": "no",
        "garden:type": "botanical",
        "leisure": "garden",
        "name": "Biodiversity Garden",
        "operator": "Somaiya Vidyavihar",
        "operator:type": "private",
        "@geometry": "center"
      },
      "geometry": {
        "type": "Point",
        "coordinates": [
          72.8976292,
          19.0731612
        ]
      },
      "id": "way/1419133755"
    },
    {
      "type": "Feature",
      "properties": {
        "@id": "way/1420125664",
        "fee": "no",
        "leisure": "garden",
        "name": "Indian Flag Garden",
        "operator": "Somaiya Vidyavihar",
        "@geometry": "center"
      },
      "geometry": {
        "type": "Point",
        "coordinates": [
          72.8992294,
          19.0742569
        ]
      },
      "id": "way/1420125664"
    },
    {
      "type": "Feature",
      "properties": {
        "@id": "way/1423959431",
        "leisure": "garden",
        "@geometry": "center"
      },
      "geometry": {
        "type": "Point",
        "coordinates": [
          72.8259135,
          19.0638298
        ]
      },
      "id": "way/1423959431"
    },
    {
      "type": "Feature",
      "properties": {
        "@id": "way/1424411756",
        "addr:city": "Mumbai",
        "addr:district": "Mumbai Suburban",
        "addr:postcode": "400101",
        "addr:street": "Mhada Road Number 1",
        "leisure": "park",
        "name": "Step Up Garden",
        "@geometry": "center"
      },
      "geometry": {
        "type": "Point",
        "coordinates": [
          72.8766739,
          19.1942266
        ]
      },
      "id": "way/1424411756"
    },
    {
      "type": "Feature",
      "properties": {
        "@id": "way/1427114466",
        "addr:city": "KoparKhairane",
        "addr:district": "Navi Mumbai",
        "addr:housenumber": "SS 1/23",
        "addr:postcode": "400709",
        "addr:street": "Nisharg udyan Marg",
        "leisure": "park",
        "name": "Shivaji Rao Annasaheb Patil Udyan",
        "@geometry": "center"
      },
      "geometry": {
        "type": "Point",
        "coordinates": [
          73.0069468,
          19.1028902
        ]
      },
      "id": "way/1427114466"
    },
    {
      "type": "Feature",
      "properties": {
        "@id": "way/1427999789",
        "addr:city": "Dombivali",
        "addr:district": "Thane",
        "addr:postcode": "421204",
        "addr:street": "near Exotica , Casa Rio,Palava",
        "leisure": "park",
        "name": "Exotica Community Park",
        "@geometry": "center"
      },
      "geometry": {
        "type": "Point",
        "coordinates": [
          73.079379,
          19.1472429
        ]
      },
      "id": "way/1427999789"
    },
    {
      "type": "Feature",
      "properties": {
        "@id": "way/1428261585",
        "access": "yes",
        "addr:city": "Mumbai",
        "addr:district": "mumbai suburban",
        "addr:postcode": "400061",
        "addr:street": "Fisheries university road",
        "description": "Food and Drinks are strictly prohibited. There is a children's play area, an adult's exercise area, and numerous covered bench swings and gazebos.",
        "dog": "no",
        "leisure": "park",
        "name": "BMC Park",
        "name:mr": "प्रबोधनकर थाच्केरय उद्यान पार्क",
        "opening_hours": "Mo-Su 06:00-21:00",
        "operator": "Brihanmumbai Municipal Corporation",
        "operator:type": "government",
        "smoking": "no",
        "@geometry": "center"
      },
      "geometry": {
        "type": "Point",
        "coordinates": [
          72.8138935,
          19.1402889
        ]
      },
      "id": "way/1428261585"
    },
    {
      "type": "Feature",
      "properties": {
        "@id": "way/1428975522",
        "leisure": "park",
        "name": "Kalyan Dombivli Mahanagarpalika Ashokji Singhal Park",
        "name:etymology:wikidata": "Q16885699",
        "opening_hours": "Mo-Su 05:00-09:00 18:00-21:00",
        "operator": "Kalyan Dombivli Mahanagarpalika",
        "operator:type": "government",
        "@geometry": "center"
      },
      "geometry": {
        "type": "Point",
        "coordinates": [
          73.116398,
          19.2314804
        ]
      },
      "id": "way/1428975522"
    },
    {
      "type": "Feature",
      "properties": {
        "@id": "way/1430847494",
        "addr:city": "Mumbai",
        "addr:housenumber": "sindhi society",
        "addr:postcode": "400071",
        "addr:street": "Hemu Kalani Marg",
        "leisure": "park",
        "name": "sng park",
        "opening_hours": "Mo-Su 10:00-22:00",
        "@geometry": "center"
      },
      "geometry": {
        "type": "Point",
        "coordinates": [
          72.8915841,
          19.0503358
        ]
      },
      "id": "way/1430847494"
    },
    {
      "type": "Feature",
      "properties": {
        "@id": "way/1436642367",
        "addr:city": "Bandra, Mumbai",
        "addr:district": "Mumbai",
        "addr:postcode": "400050",
        "addr:street": "Nityanand Street",
        "leisure": "park",
        "name": "Long garden",
        "operator": "IES college",
        "operator:type": "university",
        "@geometry": "center"
      },
      "geometry": {
        "type": "Point",
        "coordinates": [
          72.8295989,
          19.0490205
        ]
      },
      "id": "way/1436642367"
    },
    {
      "type": "Feature",
      "properties": {
        "@id": "way/1443641715",
        "leisure": "park",
        "@geometry": "center"
      },
      "geometry": {
        "type": "Point",
        "coordinates": [
          72.8616137,
          19.289371
        ]
      },
      "id": "way/1443641715"
    },
    {
      "type": "Feature",
      "properties": {
        "@id": "way/1446495887",
        "leisure": "park",
        "@geometry": "center"
      },
      "geometry": {
        "type": "Point",
        "coordinates": [
          72.8654369,
          19.3022603
        ]
      },
      "id": "way/1446495887"
    },
    {
      "type": "Feature",
      "properties": {
        "@id": "way/1447316456",
        "addr:city": "Mumbai",
        "addr:postcode": "400054",
        "addr:street": "Pherozeshah Mehta Road",
        "alt_name": "pm park",
        "description": "its apark with kid area, gym area and a walking and a sitting area",
        "leisure": "park",
        "name": "pushpavatika park",
        "opening_hours": "sunrise-sunset",
        "@geometry": "center"
      },
      "geometry": {
        "type": "Point",
        "coordinates": [
          72.8415868,
          19.0839619
        ]
      },
      "id": "way/1447316456"
    },
    {
      "type": "Feature",
      "properties": {
        "@id": "way/1447322320",
        "access": "private",
        "addr:city": "Mumbai",
        "addr:district": "Mumbai",
        "addr:postcode": "400068",
        "addr:street": "Shailendra Vidyalay Marg",
        "description": "School ground",
        "leisure": "park",
        "name": "Ground",
        "@geometry": "center"
      },
      "geometry": {
        "type": "Point",
        "coordinates": [
          72.8638659,
          19.2462971
        ]
      },
      "id": "way/1447322320"
    },
    {
      "type": "Feature",
      "properties": {
        "@id": "way/1447323211",
        "addr:city": "Mumbai",
        "addr:housenumber": "Yogi Hills",
        "addr:postcode": "400080",
        "addr:street": "Inside Road",
        "description": "Park",
        "leisure": "park",
        "name": "Garden",
        "operator": "Yogi Hills Commitee",
        "operator:type": "public",
        "@geometry": "center"
      },
      "geometry": {
        "type": "Point",
        "coordinates": [
          72.9379579,
          19.1845593
        ]
      },
      "id": "way/1447323211"
    },
    {
      "type": "Feature",
      "properties": {
        "@id": "way/1448598510",
        "leisure": "park",
        "@geometry": "center"
      },
      "geometry": {
        "type": "Point",
        "coordinates": [
          72.8662748,
          19.301965
        ]
      },
      "id": "way/1448598510"
    },
    {
      "type": "Feature",
      "properties": {
        "@id": "way/1453880222",
        "leisure": "park",
        "name": "Elephant Enclosure",
        "operator": "Byculla Zoo",
        "operator:type": "government",
        "@geometry": "center"
      },
      "geometry": {
        "type": "Point",
        "coordinates": [
          72.8358074,
          18.9799175
        ]
      },
      "id": "way/1453880222"
    },
    {
      "type": "Feature",
      "properties": {
        "@id": "way/1457229808",
        "addr:city": "Mumbai",
        "addr:district": "Maharashtra",
        "addr:housenumber": "Nirvana Park",
        "addr:postcode": "400076",
        "addr:street": "Central Avenue",
        "leisure": "park",
        "name": "Nirvana Park",
        "opening_hours": "Mo-Su 10:00-21:00",
        "@geometry": "center"
      },
      "geometry": {
        "type": "Point",
        "coordinates": [
          72.9120678,
          19.1224504
        ]
      },
      "id": "way/1457229808"
    },
    {
      "type": "Feature",
      "properties": {
        "@id": "way/1458027974",
        "leisure": "park",
        "@geometry": "center"
      },
      "geometry": {
        "type": "Point",
        "coordinates": [
          72.854999,
          19.103825
        ]
      },
      "id": "way/1458027974"
    },
    {
      "type": "Feature",
      "properties": {
        "@id": "way/1459813947",
        "addr:city": "Mira Road(E)",
        "addr:district": "Thane",
        "addr:housenumber": "Poonam Nagar",
        "addr:postcode": "401107",
        "addr:street": "Poonam Nagar Internal Rd",
        "leisure": "park",
        "name": "Late Harshadbhai Poonamchand Doshi Park",
        "name:hi": "स्व. हर्षदभाई पुनमचंद दोशी उद्यान",
        "@geometry": "center"
      },
      "geometry": {
        "type": "Point",
        "coordinates": [
          72.8643703,
          19.2789821
        ]
      },
      "id": "way/1459813947"
    },
    {
      "type": "Feature",
      "properties": {
        "@id": "way/1462324807",
        "access": "permissive",
        "addr:city": "Mumbai",
        "addr:district": "Mumbai Suburban",
        "addr:postcode": "400088",
        "addr:street": "Dr. R Chidambaram Marg",
        "leisure": "park",
        "name": "Anuban",
        "opening_hours": "Mo-Su 08:00-20:00",
        "operator": "BARC",
        "operator:type": "government",
        "@geometry": "center"
      },
      "geometry": {
        "type": "Point",
        "coordinates": [
          72.9373481,
          19.0390798
        ]
      },
      "id": "way/1462324807"
    },
    {
      "type": "Feature",
      "properties": {
        "@id": "way/1463026801",
        "leisure": "park",
        "name": "Science Park",
        "@geometry": "center"
      },
      "geometry": {
        "type": "Point",
        "coordinates": [
          72.8199941,
          18.9913276
        ]
      },
      "id": "way/1463026801"
    },
    {
      "type": "Feature",
      "properties": {
        "@id": "way/1464362915",
        "addr:district": "kandivali",
        "addr:housenumber": "7",
        "addr:street": "bhadran nagar",
        "dog": "leashed",
        "leisure": "park",
        "name": "bmc garden",
        "opening_hours": "sunrise-sunset",
        "@geometry": "center"
      },
      "geometry": {
        "type": "Point",
        "coordinates": [
          72.847716,
          19.1957286
        ]
      },
      "id": "way/1464362915"
    },
    {
      "type": "Feature",
      "properties": {
        "@id": "way/1464362916",
        "leisure": "park",
        "@geometry": "center"
      },
      "geometry": {
        "type": "Point",
        "coordinates": [
          72.8491913,
          19.1962268
        ]
      },
      "id": "way/1464362916"
    },
    {
      "type": "Feature",
      "properties": {
        "@id": "way/1466779993",
        "leisure": "park",
        "name": "Nana Nani Park",
        "name:hi": "नाना नानी उद्यान",
        "@geometry": "center"
      },
      "geometry": {
        "type": "Point",
        "coordinates": [
          72.8474058,
          19.1423081
        ]
      },
      "id": "way/1466779993"
    },
    {
      "type": "Feature",
      "properties": {
        "@id": "way/1469064983",
        "leisure": "garden",
        "@geometry": "center"
      },
      "geometry": {
        "type": "Point",
        "coordinates": [
          72.8228977,
          18.9706253
        ]
      },
      "id": "way/1469064983"
    },
    {
      "type": "Feature",
      "properties": {
        "@id": "way/1471908159",
        "access": "yes",
        "addr:city": "goregaon",
        "addr:district": "mumbai",
        "addr:postcode": "4000064",
        "addr:street": "film city road",
        "leisure": "park",
        "name": "Film City Ground",
        "opening_hours": "Mo-Su 06:00-18:00",
        "@geometry": "center"
      },
      "geometry": {
        "type": "Point",
        "coordinates": [
          72.8829741,
          19.1651304
        ]
      },
      "id": "way/1471908159"
    },
    {
      "type": "Feature",
      "properties": {
        "@id": "way/1472321752",
        "leisure": "garden",
        "@geometry": "center"
      },
      "geometry": {
        "type": "Point",
        "coordinates": [
          72.8344477,
          18.9399468
        ]
      },
      "id": "way/1472321752"
    },
    {
      "type": "Feature",
      "properties": {
        "@id": "way/1480592896",
        "leisure": "park",
        "@geometry": "center"
      },
      "geometry": {
        "type": "Point",
        "coordinates": [
          72.8249748,
          19.1248761
        ]
      },
      "id": "way/1480592896"
    },
    {
      "type": "Feature",
      "properties": {
        "@id": "way/1480592901",
        "leisure": "park",
        "@geometry": "center"
      },
      "geometry": {
        "type": "Point",
        "coordinates": [
          72.8248105,
          19.1245867
        ]
      },
      "id": "way/1480592901"
    },
    {
      "type": "Feature",
      "properties": {
        "@id": "way/1481316976",
        "addr:city": "Mumbai",
        "addr:district": "Mumbai",
        "addr:postcode": "400064",
        "addr:street": "Pannalal Ghosh Road",
        "leisure": "park",
        "name": "Aai Patladevi Udyan",
        "opening_hours": "Mo-Su 06:00-19:00",
        "operator": "BrihanMumbai Corporation",
        "operator:type": "public",
        "@geometry": "center"
      },
      "geometry": {
        "type": "Point",
        "coordinates": [
          72.8376836,
          19.1818842
        ]
      },
      "id": "way/1481316976"
    },
    {
      "type": "Feature",
      "properties": {
        "@id": "way/1485722100",
        "addr:housenumber": "789",
        "addr:street": "Jungle road",
        "leisure": "park",
        "min_age": "18",
        "@geometry": "center"
      },
      "geometry": {
        "type": "Point",
        "coordinates": [
          72.8437685,
          19.2936536
        ]
      },
      "id": "way/1485722100"
    },
    {
      "type": "Feature",
      "properties": {
        "@id": "way/1489064959",
        "leisure": "garden",
        "@geometry": "center"
      },
      "geometry": {
        "type": "Point",
        "coordinates": [
          72.8202116,
          18.9645706
        ]
      },
      "id": "way/1489064959"
    },
    {
      "type": "Feature",
      "properties": {
        "@id": "way/1490927029",
        "leisure": "garden",
        "@geometry": "center"
      },
      "geometry": {
        "type": "Point",
        "coordinates": [
          73.0090377,
          18.9652137
        ]
      },
      "id": "way/1490927029"
    },
    {
      "type": "Feature",
      "properties": {
        "@id": "way/1493349918",
        "leisure": "garden",
        "@geometry": "center"
      },
      "geometry": {
        "type": "Point",
        "coordinates": [
          72.9210395,
          19.0935593
        ]
      },
      "id": "way/1493349918"
    },
    {
      "type": "Feature",
      "properties": {
        "@id": "way/1494524959",
        "leisure": "garden",
        "@geometry": "center"
      },
      "geometry": {
        "type": "Point",
        "coordinates": [
          72.8341879,
          19.1302218
        ]
      },
      "id": "way/1494524959"
    },
    {
      "type": "Feature",
      "properties": {
        "@id": "way/1497195478",
        "leisure": "garden",
        "@geometry": "center"
      },
      "geometry": {
        "type": "Point",
        "coordinates": [
          72.9228898,
          19.011692
        ]
      },
      "id": "way/1497195478"
    },
    {
      "type": "Feature",
      "properties": {
        "@id": "way/1498595411",
        "leisure": "park",
        "@geometry": "center"
      },
      "geometry": {
        "type": "Point",
        "coordinates": [
          72.8615105,
          19.0596893
        ]
      },
      "id": "way/1498595411"
    },
    {
      "type": "Feature",
      "properties": {
        "@id": "way/1498595412",
        "leisure": "park",
        "@geometry": "center"
      },
      "geometry": {
        "type": "Point",
        "coordinates": [
          72.8634594,
          19.059839
        ]
      },
      "id": "way/1498595412"
    },
    {
      "type": "Feature",
      "properties": {
        "@id": "way/1500741217",
        "leisure": "park",
        "name": "MBMC Park",
        "@geometry": "center"
      },
      "geometry": {
        "type": "Point",
        "coordinates": [
          72.8750028,
          19.2782303
        ]
      },
      "id": "way/1500741217"
    },
    {
      "type": "Feature",
      "properties": {
        "@id": "way/1502747335",
        "leisure": "park",
        "@geometry": "center"
      },
      "geometry": {
        "type": "Point",
        "coordinates": [
          73.0153227,
          19.2104918
        ]
      },
      "id": "way/1502747335"
    },
    {
      "type": "Feature",
      "properties": {
        "@id": "way/1503408174",
        "leisure": "garden",
        "@geometry": "center"
      },
      "geometry": {
        "type": "Point",
        "coordinates": [
          72.9373025,
          19.1695444
        ]
      },
      "id": "way/1503408174"
    },
    {
      "type": "Feature",
      "properties": {
        "@id": "way/1503408175",
        "leisure": "garden",
        "@geometry": "center"
      },
      "geometry": {
        "type": "Point",
        "coordinates": [
          72.9384807,
          19.1687394
        ]
      },
      "id": "way/1503408175"
    },
    {
      "type": "Feature",
      "properties": {
        "@id": "way/1503408176",
        "leisure": "garden",
        "@geometry": "center"
      },
      "geometry": {
        "type": "Point",
        "coordinates": [
          72.9379613,
          19.1690981
        ]
      },
      "id": "way/1503408176"
    },
    {
      "type": "Feature",
      "properties": {
        "@id": "way/1535652101",
        "leisure": "garden",
        "name": "Butterfly Garden",
        "@geometry": "center"
      },
      "geometry": {
        "type": "Point",
        "coordinates": [
          72.9575893,
          19.1395829
        ]
      },
      "id": "way/1535652101"
    },
    {
      "type": "Feature",
      "properties": {
        "@id": "way/1544960678",
        "leisure": "park",
        "@geometry": "center"
      },
      "geometry": {
        "type": "Point",
        "coordinates": [
          72.8788759,
          19.1660196
        ]
      },
      "id": "way/1544960678"
    },
    {
      "type": "Feature",
      "properties": {
        "@id": "way/1545097878",
        "leisure": "park",
        "@geometry": "center"
      },
      "geometry": {
        "type": "Point",
        "coordinates": [
          72.8382517,
          19.1282516
        ]
      },
      "id": "way/1545097878"
    },
    {
      "type": "Feature",
      "properties": {
        "@id": "way/1547016027",
        "leisure": "park",
        "@geometry": "center"
      },
      "geometry": {
        "type": "Point",
        "coordinates": [
          72.9825632,
          19.1818991
        ]
      },
      "id": "way/1547016027"
    },
    {
      "type": "Feature",
      "properties": {
        "@id": "way/1547845476",
        "leisure": "park",
        "@geometry": "center"
      },
      "geometry": {
        "type": "Point",
        "coordinates": [
          72.9806145,
          19.1808889
        ]
      },
      "id": "way/1547845476"
    },
    {
      "type": "Feature",
      "properties": {
        "@id": "node/2206292932",
        "addr:district": "Thane",
        "addr:full": "Shastrinagar General Hospital, Nr Water Tank, Shastrinagar",
        "addr:postcode": "421202",
        "addr:state": "Maharashtra",
        "addr:street": "Shastri Nagar, Dombivli West Dombivli, Maharashtra 421202",
        "addr:subdistrict": "Kalyan",
        "description": "Sub District Hospital",
        "designation": "KDMC",
        "emergency": "yes",
        "leisure": "park",
        "name": "KDMC HOSP 2 Shastrinagar General Hospital Dombivli",
        "operator": "Municipal Hospital",
        "source": "OpenGovernmentData"
      },
      "geometry": {
        "type": "Point",
        "coordinates": [
          73.0828414,
          19.2163997
        ]
      },
      "id": "node/2206292932"
    },
    {
      "type": "Feature",
      "properties": {
        "@id": "node/2787585937",
        "leisure": "park"
      },
      "geometry": {
        "type": "Point",
        "coordinates": [
          73.0657898,
          19.0671908
        ]
      },
      "id": "node/2787585937"
    },
    {
      "type": "Feature",
      "properties": {
        "@id": "node/2930715743",
        "addr:city": "MUMBAI",
        "leisure": "park",
        "name": "NANA-NANI PARK"
      },
      "geometry": {
        "type": "Point",
        "coordinates": [
          72.9120691,
          19.0698753
        ]
      },
      "id": "node/2930715743"
    },
    {
      "type": "Feature",
      "properties": {
        "@id": "node/2930724471",
        "leisure": "park",
        "name": "drd park"
      },
      "geometry": {
        "type": "Point",
        "coordinates": [
          72.9115187,
          19.0430184
        ]
      },
      "id": "node/2930724471"
    },
    {
      "type": "Feature",
      "properties": {
        "@id": "node/2930734687",
        "leisure": "park",
        "name": "green park"
      },
      "geometry": {
        "type": "Point",
        "coordinates": [
          72.8298996,
          18.9512251
        ]
      },
      "id": "node/2930734687"
    },
    {
      "type": "Feature",
      "properties": {
        "@id": "node/3202779969",
        "leisure": "park",
        "name": "SK Nizam Park"
      },
      "geometry": {
        "type": "Point",
        "coordinates": [
          72.8397419,
          18.949838
        ]
      },
      "id": "node/3202779969"
    },
    {
      "type": "Feature",
      "properties": {
        "@id": "node/3202928822",
        "leisure": "park",
        "name": "santi park"
      },
      "geometry": {
        "type": "Point",
        "coordinates": [
          72.8628095,
          19.019633
        ]
      },
      "id": "node/3202928822"
    },
    {
      "type": "Feature",
      "properties": {
        "@id": "node/3204193998",
        "leisure": "park",
        "name": "sam"
      },
      "geometry": {
        "type": "Point",
        "coordinates": [
          72.9466514,
          19.0400958
        ]
      },
      "id": "node/3204193998"
    },
    {
      "type": "Feature",
      "properties": {
        "@id": "node/3204213617",
        "leisure": "park",
        "name": "school ground"
      },
      "geometry": {
        "type": "Point",
        "coordinates": [
          73.0551577,
          19.3098892
        ]
      },
      "id": "node/3204213617"
    },
    {
      "type": "Feature",
      "properties": {
        "@id": "node/3205959678",
        "leisure": "park",
        "name": "children park"
      },
      "geometry": {
        "type": "Point",
        "coordinates": [
          72.9139937,
          19.0786873
        ]
      },
      "id": "node/3205959678"
    },
    {
      "type": "Feature",
      "properties": {
        "@id": "node/3213753014",
        "leisure": "park",
        "name": "unity park"
      },
      "geometry": {
        "type": "Point",
        "coordinates": [
          72.9336572,
          19.0450404
        ]
      },
      "id": "node/3213753014"
    },
    {
      "type": "Feature",
      "properties": {
        "@id": "node/3213866932",
        "leisure": "park",
        "name": "sng paark"
      },
      "geometry": {
        "type": "Point",
        "coordinates": [
          72.8914636,
          19.0503408
        ]
      },
      "id": "node/3213866932"
    },
    {
      "type": "Feature",
      "properties": {
        "@id": "node/3420965905",
        "leisure": "park"
      },
      "geometry": {
        "type": "Point",
        "coordinates": [
          72.8145625,
          18.9671423
        ]
      },
      "id": "node/3420965905"
    },
    {
      "type": "Feature",
      "properties": {
        "@id": "node/3469153682",
        "leisure": "park",
        "name": "Ganesh Maidan"
      },
      "geometry": {
        "type": "Point",
        "coordinates": [
          72.8676047,
          19.1726378
        ]
      },
      "id": "node/3469153682"
    },
    {
      "type": "Feature",
      "properties": {
        "@id": "node/3637158835",
        "addr:city": "Kalyan",
        "addr:postcode": "421306",
        "addr:street": "Kolsewadi",
        "leisure": "park",
        "name": "Lal Maidan Shashank"
      },
      "geometry": {
        "type": "Point",
        "coordinates": [
          73.1350707,
          19.2318831
        ]
      },
      "id": "node/3637158835"
    },
    {
      "type": "Feature",
      "properties": {
        "@id": "node/3670196832",
        "leisure": "park",
        "name": "Joggers Park"
      },
      "geometry": {
        "type": "Point",
        "coordinates": [
          72.8177768,
          19.2162523
        ]
      },
      "id": "node/3670196832"
    },
    {
      "type": "Feature",
      "properties": {
        "@id": "node/4607431886",
        "access": "permissive",
        "leisure": "garden",
        "name": "oberoi exquisite garden"
      },
      "geometry": {
        "type": "Point",
        "coordinates": [
          72.8636339,
          19.1715961
        ]
      },
      "id": "node/4607431886"
    },
    {
      "type": "Feature",
      "properties": {
        "@id": "node/4634267531",
        "leisure": "park"
      },
      "geometry": {
        "type": "Point",
        "coordinates": [
          72.8497079,
          19.2987355
        ]
      },
      "id": "node/4634267531"
    },
    {
      "type": "Feature",
      "properties": {
        "@id": "node/4637508138",
        "addr:city": "Navi Mumbai",
        "addr:housenumber": "Seawoods Estates",
        "addr:postcode": "400706",
        "addr:street": "Lawn Pathway",
        "leisure": "park",
        "name": "Entrance Point to Park"
      },
      "geometry": {
        "type": "Point",
        "coordinates": [
          73.0153629,
          19.0038765
        ]
      },
      "id": "node/4637508138"
    },
    {
      "type": "Feature",
      "properties": {
        "@id": "node/4641402959",
        "leisure": "garden"
      },
      "geometry": {
        "type": "Point",
        "coordinates": [
          73.124447,
          19.261046
        ]
      },
      "id": "node/4641402959"
    },
    {
      "type": "Feature",
      "properties": {
        "@id": "node/4957102447",
        "leisure": "garden",
        "name": "Entrance"
      },
      "geometry": {
        "type": "Point",
        "coordinates": [
          73.0166259,
          19.0060533
        ]
      },
      "id": "node/4957102447"
    },
    {
      "type": "Feature",
      "properties": {
        "@id": "node/4957109572",
        "leisure": "garden",
        "name": "Entrance"
      },
      "geometry": {
        "type": "Point",
        "coordinates": [
          73.0167683,
          19.0057376
        ]
      },
      "id": "node/4957109572"
    },
    {
      "type": "Feature",
      "properties": {
        "@id": "node/5076462729",
        "access": "yes",
        "fee": "no",
        "garden:type": "botanical",
        "leisure": "garden",
        "name": "Butterfly Garden बटरफ्लाय गार्डन",
        "operator": "TMC",
        "operator:type": "government"
      },
      "geometry": {
        "type": "Point",
        "coordinates": [
          72.9651144,
          19.2369412
        ]
      },
      "id": "node/5076462729"
    },
    {
      "type": "Feature",
      "properties": {
        "@id": "node/5076468682",
        "leisure": "garden",
        "name": "Manpada Forest Bird Watching Zone",
        "name:hi": "मानपाडा फॉरेस्ट बर्ड वात्चींग झोन",
        "name:mr": "मानपाडा फॉरेस्ट बर्ड वात्चींग झोन"
      },
      "geometry": {
        "type": "Point",
        "coordinates": [
          72.9638582,
          19.2380708
        ]
      },
      "id": "node/5076468682"
    },
    {
      "type": "Feature",
      "properties": {
        "@id": "node/5260564226",
        "leisure": "park",
        "name": "Meenatai Thakarey Udhyan"
      },
      "geometry": {
        "type": "Point",
        "coordinates": [
          73.0824505,
          19.216162
        ]
      },
      "id": "node/5260564226"
    },
    {
      "type": "Feature",
      "properties": {
        "@id": "node/5330860952",
        "addr:city": "Mumbai",
        "addr:housenumber": "Dr Ambedkar Statue Chowk Area",
        "addr:postcode": "400001",
        "addr:street": "Nathalal M. Parikh Road",
        "addr:unit": "Colaba",
        "leisure": "park",
        "name": "Sabina Chandrashekhar Memorial Municipal Garden and Playground"
      },
      "geometry": {
        "type": "Point",
        "coordinates": [
          72.8304766,
          18.9246548
        ]
      },
      "id": "node/5330860952"
    },
    {
      "type": "Feature",
      "properties": {
        "@id": "node/5394830056",
        "leisure": "garden",
        "name": "Bramhala Lake Garden"
      },
      "geometry": {
        "type": "Point",
        "coordinates": [
          72.9755742,
          19.202469
        ]
      },
      "id": "node/5394830056"
    },
    {
      "type": "Feature",
      "properties": {
        "@id": "node/5571944588",
        "leisure": "park",
        "name": "PV Park"
      },
      "geometry": {
        "type": "Point",
        "coordinates": [
          72.8782307,
          19.2753956
        ]
      },
      "id": "node/5571944588"
    },
    {
      "type": "Feature",
      "properties": {
        "@id": "node/6235485533",
        "leisure": "park",
        "name": "Dargah Rd. Entrance",
        "source": "Dargah Rd. Entrance"
      },
      "geometry": {
        "type": "Point",
        "coordinates": [
          73.0230078,
          19.1748698
        ]
      },
      "id": "node/6235485533"
    },
    {
      "type": "Feature",
      "properties": {
        "@id": "node/6881057802",
        "addr:city": "Mumbai",
        "addr:district": "MUMBAI",
        "addr:full": "CTS NO-167 / 168 / A1, 101-104, Grace Plaza, S. V. Road, Near Railway Phatak, Jogeshwari (W), Mumbai",
        "addr:postcode": "400102",
        "addr:state": "Maharashtra",
        "contact:mobile": "9833832271",
        "contact:phone": "2226784546",
        "leisure": "park",
        "name": "Manas Serological Institute Blood Bank",
        "opening_hours": "24/7",
        "operator:type": "ngo",
        "source": "OpenGovernmentData"
      },
      "geometry": {
        "type": "Point",
        "coordinates": [
          72.8481451,
          19.1352022
        ]
      },
      "id": "node/6881057802"
    },
    {
      "type": "Feature",
      "properties": {
        "@id": "node/7053336613",
        "addr:district": "Mumbai",
        "addr:full": "Arya Samaj Bhavan, 1st Floor Near Galanagar, J N Road",
        "addr:postcode": "400080",
        "addr:state": "Maharashtra",
        "leisure": "park",
        "name": "Suyog Hospital and Iccu",
        "source": "OpenGovernmentData"
      },
      "geometry": {
        "type": "Point",
        "coordinates": [
          72.9503077,
          19.1665006
        ]
      },
      "id": "node/7053336613"
    },
    {
      "type": "Feature",
      "properties": {
        "@id": "node/7072544641",
        "addr:district": "Mumbai",
        "addr:full": "S.No.1,2,3, Sathyam Apartment, Datta Mandhir Road, Village Road, Bhandup West",
        "addr:postcode": "400078",
        "addr:state": "Maharashtra",
        "healthcare:speciality": "multi",
        "leisure": "park",
        "name": "Lotus Multispeciality Hospital",
        "source": "OpenGovernmentData"
      },
      "geometry": {
        "type": "Point",
        "coordinates": [
          72.9411305,
          19.1531186
        ]
      },
      "id": "node/7072544641"
    },
    {
      "type": "Feature",
      "properties": {
        "@id": "node/7429146813",
        "leisure": "park",
        "name": "Main Garden"
      },
      "geometry": {
        "type": "Point",
        "coordinates": [
          72.8696116,
          19.2100321
        ]
      },
      "id": "node/7429146813"
    },
    {
      "type": "Feature",
      "properties": {
        "@id": "node/7577104296",
        "leisure": "park",
        "name": "Vilasrao  Deshmukh Park"
      },
      "geometry": {
        "type": "Point",
        "coordinates": [
          72.8756335,
          19.1983821
        ]
      },
      "id": "node/7577104296"
    },
    {
      "type": "Feature",
      "properties": {
        "@id": "node/7667165182",
        "leisure": "park",
        "name": "BMC Park",
        "opening_hours": "24/7"
      },
      "geometry": {
        "type": "Point",
        "coordinates": [
          72.8432484,
          19.2180094
        ]
      },
      "id": "node/7667165182"
    },
    {
      "type": "Feature",
      "properties": {
        "@id": "node/7883866558",
        "leisure": "park"
      },
      "geometry": {
        "type": "Point",
        "coordinates": [
          72.8422047,
          19.1333878
        ]
      },
      "id": "node/7883866558"
    },
    {
      "type": "Feature",
      "properties": {
        "@id": "node/8036002541",
        "addr:city": "Mumbai",
        "addr:postcode": "400075",
        "addr:street": "Ram Narayan Narkar marg",
        "leisure": "park",
        "name": "Odeon Garden",
        "opening_hours": "Mo-Su 06:30-11:30,16:00-23:00",
        "opening_hours:covid19": "off",
        "start_date": "2007/05/10"
      },
      "geometry": {
        "type": "Point",
        "coordinates": [
          72.9107148,
          19.0807327
        ]
      },
      "id": "node/8036002541"
    },
    {
      "type": "Feature",
      "properties": {
        "@id": "node/8202732141",
        "addr:city": "Mumabi",
        "addr:postcode": "400057",
        "addr:street": "Mumbai University",
        "leisure": "park",
        "name": "Kalina University Campus Park",
        "opening_hours": "Mo-Sa 08:00-18:00",
        "operator": "Mumbai University"
      },
      "geometry": {
        "type": "Point",
        "coordinates": [
          72.8614154,
          19.080562
        ]
      },
      "id": "node/8202732141"
    },
    {
      "type": "Feature",
      "properties": {
        "@id": "node/8374124246",
        "leisure": "park"
      },
      "geometry": {
        "type": "Point",
        "coordinates": [
          73.0953945,
          19.0170401
        ]
      },
      "id": "node/8374124246"
    },
    {
      "type": "Feature",
      "properties": {
        "@id": "node/8448136082",
        "leisure": "park"
      },
      "geometry": {
        "type": "Point",
        "coordinates": [
          73.1232489,
          19.2553673
        ]
      },
      "id": "node/8448136082"
    },
    {
      "type": "Feature",
      "properties": {
        "@id": "node/8451880901",
        "addr:postcode": "400097",
        "leisure": "park",
        "name": "pradhnya ground",
        "opening_hours": "24/7"
      },
      "geometry": {
        "type": "Point",
        "coordinates": [
          72.8570365,
          19.189328
        ]
      },
      "id": "node/8451880901"
    },
    {
      "type": "Feature",
      "properties": {
        "@id": "node/8845749488",
        "description": "Dead tree",
        "leisure": "park"
      },
      "geometry": {
        "type": "Point",
        "coordinates": [
          72.9824314,
          19.1820954
        ]
      },
      "id": "node/8845749488"
    },
    {
      "type": "Feature",
      "properties": {
        "@id": "node/8938995268",
        "leisure": "park",
        "name": "Giri pushpa Park"
      },
      "geometry": {
        "type": "Point",
        "coordinates": [
          72.8534476,
          19.1757507
        ]
      },
      "id": "node/8938995268"
    },
    {
      "type": "Feature",
      "properties": {
        "@id": "node/9027183278",
        "addr:city": "Mumbai",
        "addr:housenumber": "Ruby Isle",
        "addr:postcode": "400065",
        "addr:street": "Royal Palms",
        "leisure": "park",
        "name": "Ruby Isle Garden",
        "opening_hours": "Mo-Su 09:00-21:00",
        "opening_hours:covid19": "restricted",
        "operator": "Ruby Isle CHS"
      },
      "geometry": {
        "type": "Point",
        "coordinates": [
          72.8862794,
          19.1526461
        ]
      },
      "id": "node/9027183278"
    },
    {
      "type": "Feature",
      "properties": {
        "@id": "node/9263972962",
        "addr:city": "Thane",
        "addr:district": "Thane",
        "addr:housenumber": "123",
        "addr:place": "Naupada",
        "addr:postcode": "400601",
        "addr:street": "Gokhale Road",
        "leisure": "park",
        "name": "Green Park",
        "opening_hours": "Mo-Su 09:00-21:00",
        "phone": "+91 7711807070"
      },
      "geometry": {
        "type": "Point",
        "coordinates": [
          72.9715103,
          19.1884202
        ]
      },
      "id": "node/9263972962"
    },
    {
      "type": "Feature",
      "properties": {
        "@id": "node/9308326095",
        "addr:city": "dombivli",
        "addr:housenumber": "12",
        "addr:postcode": "421201",
        "addr:street": "Manpada Road",
        "description": "park",
        "leisure": "park",
        "name": "nana nani park",
        "opening_hours": "Mo-Fr 09:00-17:00",
        "operator": "nana"
      },
      "geometry": {
        "type": "Point",
        "coordinates": [
          73.09096,
          19.2112802
        ]
      },
      "id": "node/9308326095"
    },
    {
      "type": "Feature",
      "properties": {
        "@id": "node/9352651127",
        "leisure": "park"
      },
      "geometry": {
        "type": "Point",
        "coordinates": [
          72.8411092,
          19.2232676
        ]
      },
      "id": "node/9352651127"
    },
    {
      "type": "Feature",
      "properties": {
        "@id": "node/9387704852",
        "addr:city": "mumbai",
        "addr:housenumber": "123",
        "addr:postcode": "400068",
        "addr:street": "Shiv Vallabh Marg",
        "leisure": "park",
        "name": "aditya thakrey",
        "operator": "udhesh patekar"
      },
      "geometry": {
        "type": "Point",
        "coordinates": [
          72.864726,
          19.2440126
        ]
      },
      "id": "node/9387704852"
    },
    {
      "type": "Feature",
      "properties": {
        "@id": "node/9443681097",
        "leisure": "park",
        "name": "pramod mahajan park"
      },
      "geometry": {
        "type": "Point",
        "coordinates": [
          72.8553908,
          19.3135998
        ]
      },
      "id": "node/9443681097"
    },
    {
      "type": "Feature",
      "properties": {
        "@id": "node/9510034192",
        "addr:city": "Mumbai",
        "addr:housenumber": "1245",
        "addr:postcode": "400104",
        "addr:street": "Station Rd.",
        "leisure": "park",
        "name": "B.R. Ambedkar park",
        "opening_hours": "Mo-Su 09:00-21:00",
        "operator": "BMC",
        "smoking": "no"
      },
      "geometry": {
        "type": "Point",
        "coordinates": [
          72.847179,
          19.1651808
        ]
      },
      "id": "node/9510034192"
    },
    {
      "type": "Feature",
      "properties": {
        "@id": "node/9510040851",
        "addr:city": "Vasai",
        "addr:postcode": "401201",
        "addr:street": "Killa Road",
        "leisure": "park",
        "name": "Chimaji Appa Ground"
      },
      "geometry": {
        "type": "Point",
        "coordinates": [
          72.8076209,
          19.3443123
        ]
      },
      "id": "node/9510040851"
    },
    {
      "type": "Feature",
      "properties": {
        "@id": "node/9520849507",
        "addr:city": "Thane",
        "addr:housenumber": "123",
        "addr:postcode": "400602",
        "addr:street": "M Karve Road",
        "leisure": "park",
        "opening_hours": "Mo-Su 09:00-21:00"
      },
      "geometry": {
        "type": "Point",
        "coordinates": [
          72.9740305,
          19.1902304
        ]
      },
      "id": "node/9520849507"
    },
    {
      "type": "Feature",
      "properties": {
        "@id": "node/9543574917",
        "addr:city": "Mumbai",
        "addr:housenumber": "Pride Of Kain",
        "addr:postcode": "400098",
        "addr:street": "Sunder Nagar",
        "description": "Garden",
        "leisure": "park",
        "name": "Sunder Nagar Garden",
        "opening_hours": "2hrs",
        "opening_hours:covid19": "closed"
      },
      "geometry": {
        "type": "Point",
        "coordinates": [
          72.8661478,
          19.0773625
        ]
      },
      "id": "node/9543574917"
    },
    {
      "type": "Feature",
      "properties": {
        "@id": "node/9634917442",
        "leisure": "park"
      },
      "geometry": {
        "type": "Point",
        "coordinates": [
          72.9457132,
          19.2292173
        ]
      },
      "id": "node/9634917442"
    },
    {
      "type": "Feature",
      "properties": {
        "@id": "node/9715925017",
        "internet_access": "no",
        "leisure": "garden",
        "name": "Kings Circle",
        "wikipedia": "en:Maheshwari Udyan, Mumbai"
      },
      "geometry": {
        "type": "Point",
        "coordinates": [
          72.855631,
          19.0268975
        ]
      },
      "id": "node/9715925017"
    },
    {
      "type": "Feature",
      "properties": {
        "@id": "node/9863208551",
        "leisure": "park"
      },
      "geometry": {
        "type": "Point",
        "coordinates": [
          72.8652535,
          19.0227702
        ]
      },
      "id": "node/9863208551"
    },
    {
      "type": "Feature",
      "properties": {
        "@id": "node/9918840782",
        "leisure": "park"
      },
      "geometry": {
        "type": "Point",
        "coordinates": [
          72.8272697,
          18.9555852
        ]
      },
      "id": "node/9918840782"
    },
    {
      "type": "Feature",
      "properties": {
        "@id": "node/10199162870",
        "leisure": "park"
      },
      "geometry": {
        "type": "Point",
        "coordinates": [
          72.8725556,
          19.1492354
        ]
      },
      "id": "node/10199162870"
    },
    {
      "type": "Feature",
      "properties": {
        "@id": "node/10268915662",
        "leisure": "park",
        "name": "rajaram garden"
      },
      "geometry": {
        "type": "Point",
        "coordinates": [
          72.8560273,
          19.1358725
        ]
      },
      "id": "node/10268915662"
    },
    {
      "type": "Feature",
      "properties": {
        "@id": "node/10273652281",
        "leisure": "park"
      },
      "geometry": {
        "type": "Point",
        "coordinates": [
          72.989497,
          19.1268048
        ]
      },
      "id": "node/10273652281"
    },
    {
      "type": "Feature",
      "properties": {
        "@id": "node/10282425056",
        "addr:city": "Mumbai",
        "addr:housenumber": "srinagar",
        "addr:postcode": "400068",
        "addr:street": "Hari Shankar Joshi Road",
        "description": "this park  only  for  child and their  parents. Student  are  not  alloewd  in this  park.",
        "fax": "0001112222",
        "leisure": "park",
        "name": "western park",
        "opening_hours": "10:00-22:00",
        "operator": "shrinarayan pal"
      },
      "geometry": {
        "type": "Point",
        "coordinates": [
          72.8598513,
          19.2602005
        ]
      },
      "id": "node/10282425056"
    },
    {
      "type": "Feature",
      "properties": {
        "@id": "node/10566668320",
        "addr:city": "mumbai",
        "addr:postcode": "401105",
        "addr:street": "talao nroad",
        "leisure": "park",
        "name": "muncipal park"
      },
      "geometry": {
        "type": "Point",
        "coordinates": [
          72.8575022,
          19.3091562
        ]
      },
      "id": "node/10566668320"
    },
    {
      "type": "Feature",
      "properties": {
        "@id": "node/10604226971",
        "leisure": "garden"
      },
      "geometry": {
        "type": "Point",
        "coordinates": [
          72.8404222,
          19.2262458
        ]
      },
      "id": "node/10604226971"
    },
    {
      "type": "Feature",
      "properties": {
        "@id": "node/10613849942",
        "leisure": "garden"
      },
      "geometry": {
        "type": "Point",
        "coordinates": [
          73.120786,
          18.980026
        ]
      },
      "id": "node/10613849942"
    },
    {
      "type": "Feature",
      "properties": {
        "@id": "node/10656736175",
        "addr:city": "mumbai",
        "addr:postcode": "401105",
        "addr:street": "Talao Road",
        "leisure": "park",
        "name": "JP GROUND"
      },
      "geometry": {
        "type": "Point",
        "coordinates": [
          72.8564973,
          19.3074718
        ]
      },
      "id": "node/10656736175"
    },
    {
      "type": "Feature",
      "properties": {
        "@id": "node/10666159793",
        "addr:city": "Thane",
        "addr:housenumber": "23",
        "addr:postcode": "400607",
        "addr:street": "hiranandani street 1",
        "leisure": "park",
        "name": "hiranandani nana nani park",
        "opening_hours": "Mo-Sa 08:00-18:00",
        "operator": "kaushal",
        "operator:type": "government"
      },
      "geometry": {
        "type": "Point",
        "coordinates": [
          72.9834546,
          19.2766339
        ]
      },
      "id": "node/10666159793"
    },
    {
      "type": "Feature",
      "properties": {
        "@id": "node/10951466307",
        "leisure": "park",
        "name:en": "Airoli Sector 19-20 Garden",
        "opening_hours": "24/7"
      },
      "geometry": {
        "type": "Point",
        "coordinates": [
          72.9899127,
          19.1603803
        ]
      },
      "id": "node/10951466307"
    },
    {
      "type": "Feature",
      "properties": {
        "@id": "node/11039995019",
        "addr:city": "Thane",
        "addr:housenumber": "ad",
        "addr:postcode": "400607",
        "addr:street": "Brahmand Drive",
        "leisure": "park",
        "name": "Bramhand Phase 5",
        "opening_hours": "24/7",
        "operator": "TMC"
      },
      "geometry": {
        "type": "Point",
        "coordinates": [
          72.9836332,
          19.24472
        ]
      },
      "id": "node/11039995019"
    },
    {
      "type": "Feature",
      "properties": {
        "@id": "node/11095249383",
        "addr:city": "Thanne",
        "addr:district": "Thane",
        "addr:housenumber": "12313",
        "addr:postcode": "3453453",
        "addr:street": "sdfgsdfg",
        "leisure": "park",
        "name": "Gandhi Park",
        "opening_hours": "Mo-Su 09:00-23:00"
      },
      "geometry": {
        "type": "Point",
        "coordinates": [
          73.004484,
          19.1150976
        ]
      },
      "id": "node/11095249383"
    },
    {
      "type": "Feature",
      "properties": {
        "@id": "node/11145832790",
        "leisure": "park"
      },
      "geometry": {
        "type": "Point",
        "coordinates": [
          72.8173969,
          19.0233521
        ]
      },
      "id": "node/11145832790"
    },
    {
      "type": "Feature",
      "properties": {
        "@id": "node/11176138118",
        "leisure": "park",
        "name": "sbi"
      },
      "geometry": {
        "type": "Point",
        "coordinates": [
          72.8639396,
          19.107091
        ]
      },
      "id": "node/11176138118"
    },
    {
      "type": "Feature",
      "properties": {
        "@id": "node/11182699703",
        "addr:city": "Mumbai",
        "addr:district": "Mumbai",
        "addr:postcode": "400059",
        "addr:street": "j b nagar raod",
        "leisure": "park",
        "name": "nana nani park",
        "operator": "altaf",
        "operator:type": "public"
      },
      "geometry": {
        "type": "Point",
        "coordinates": [
          72.8639564,
          19.1067556
        ]
      },
      "id": "node/11182699703"
    },
    {
      "type": "Feature",
      "properties": {
        "@id": "node/11217402650",
        "access": "yes",
        "addr:city": "Mumabi",
        "addr:district": "maharastara",
        "addr:housenumber": "bialbazzar",
        "addr:postcode": "400072",
        "addr:street": "kurla road",
        "description": "sid",
        "leisure": "park",
        "name": "bialbazzar",
        "opening_hours": "Mo-Fr 09:00-18:00",
        "operator": "bustop",
        "operator:type": "public"
      },
      "geometry": {
        "type": "Point",
        "coordinates": [
          72.8831198,
          19.0924542
        ]
      },
      "id": "node/11217402650"
    },
    {
      "type": "Feature",
      "properties": {
        "@id": "node/11350364145",
        "leisure": "park"
      },
      "geometry": {
        "type": "Point",
        "coordinates": [
          72.8708653,
          19.2745808
        ]
      },
      "id": "node/11350364145"
    },
    {
      "type": "Feature",
      "properties": {
        "@id": "node/11389401162",
        "leisure": "park",
        "name": "chanai park"
      },
      "geometry": {
        "type": "Point",
        "coordinates": [
          72.8509955,
          19.1216305
        ]
      },
      "id": "node/11389401162"
    },
    {
      "type": "Feature",
      "properties": {
        "@id": "node/11389441847",
        "leisure": "park",
        "name": "FR.JUSTIN DSOUZA GROUND"
      },
      "geometry": {
        "type": "Point",
        "coordinates": [
          72.8349183,
          19.1951486
        ]
      },
      "id": "node/11389441847"
    },
    {
      "type": "Feature",
      "properties": {
        "@id": "node/11389455768",
        "leisure": "park",
        "name": "FR.JUSTIN DSOUZA GROUND"
      },
      "geometry": {
        "type": "Point",
        "coordinates": [
          72.8415207,
          19.1942793
        ]
      },
      "id": "node/11389455768"
    },
    {
      "type": "Feature",
      "properties": {
        "@id": "node/11394085300",
        "addr:city": "Mumbai",
        "addr:district": "MUMBAI",
        "addr:housenumber": "Sophia College for Women (Empowered Autonomous)",
        "addr:postcode": "400 026",
        "addr:street": "Bhulabhai Desai Road",
        "leisure": "park",
        "name": "Central Lawn",
        "opening_hours": "Mo-Su 09:00-21:00",
        "operator": "Sophia College",
        "operator:type": "public"
      },
      "geometry": {
        "type": "Point",
        "coordinates": [
          72.8071474,
          18.9696231
        ]
      },
      "id": "node/11394085300"
    },
    {
      "type": "Feature",
      "properties": {
        "@id": "node/11402213905",
        "access": "permissive",
        "addr:city": "Thane",
        "addr:district": "thane",
        "addr:housenumber": "3",
        "addr:postcode": "400610",
        "addr:street": "Swami Vivekananda Street",
        "dog": "no",
        "leisure": "park",
        "opening_hours": "24/7",
        "operator:type": "private"
      },
      "geometry": {
        "type": "Point",
        "coordinates": [
          72.9730519,
          19.2403761
        ]
      },
      "id": "node/11402213905"
    },
    {
      "type": "Feature",
      "properties": {
        "@id": "node/11422181453",
        "leisure": "park"
      },
      "geometry": {
        "type": "Point",
        "coordinates": [
          72.9959893,
          19.0703685
        ]
      },
      "id": "node/11422181453"
    },
    {
      "type": "Feature",
      "properties": {
        "@id": "node/11422181454",
        "addr:city": "mumbai",
        "addr:district": "mata vaishnodevi",
        "addr:housenumber": "3",
        "addr:postcode": "400027",
        "addr:street": "apna bazaar",
        "leisure": "park",
        "name": "jijamata udyan",
        "opening_hours": "Mo-Su 10:00-21:00",
        "operator": "ilsa",
        "operator:type": "government"
      },
      "geometry": {
        "type": "Point",
        "coordinates": [
          72.9960453,
          19.0704347
        ]
      },
      "id": "node/11422181454"
    },
    {
      "type": "Feature",
      "properties": {
        "@id": "node/11430420743",
        "access": "yes",
        "addr:city": "Mumbai",
        "addr:district": "Mumbai",
        "addr:postcode": "400028",
        "addr:street": "old cadel road",
        "leisure": "park",
        "name": "Shivaji Park",
        "name:en": "Shivaji Park",
        "name:etymology:wikidata": "Q239505",
        "official_name:mr": "छत्रपती शिवाजी महाराज उद्यान",
        "opening_hours": "Mo-Sa 08:00-18:00",
        "operator": "BMC",
        "operator:type": "public"
      },
      "geometry": {
        "type": "Point",
        "coordinates": [
          72.8366692,
          19.0267688
        ]
      },
      "id": "node/11430420743"
    },
    {
      "type": "Feature",
      "properties": {
        "@id": "node/11430476639",
        "access": "yes",
        "addr:city": "mumbai",
        "addr:district": "Mumbai",
        "addr:housenumber": "123",
        "addr:postcode": "400047",
        "addr:street": "Achutrao Patwardhan Marg",
        "leisure": "park",
        "name": "svp garden",
        "opening_hours": "Mo-Su 09:00-21:00",
        "operator": "bmc",
        "operator:type": "government"
      },
      "geometry": {
        "type": "Point",
        "coordinates": [
          72.8261182,
          19.1340372
        ]
      },
      "id": "node/11430476639"
    },
    {
      "type": "Feature",
      "properties": {
        "@id": "node/11451948926",
        "leisure": "park",
        "name": "Veer Baji Prabhu Udyan",
        "name:en": "Veer Baji Prabhu Udyan",
        "name:mr": "वीर बाजी प्रबु उद्यान"
      },
      "geometry": {
        "type": "Point",
        "coordinates": [
          72.83538,
          19.0266339
        ]
      },
      "id": "node/11451948926"
    },
    {
      "type": "Feature",
      "properties": {
        "@id": "node/11545738331",
        "addr:district": "mumbai",
        "addr:postcode": "400076",
        "addr:street": "Sai Baba Mandir Road",
        "leisure": "park",
        "name": "sai garden",
        "opening_hours": "Mo-Su 09:00-21:00"
      },
      "geometry": {
        "type": "Point",
        "coordinates": [
          72.8459706,
          19.2185608
        ]
      },
      "id": "node/11545738331"
    },
    {
      "type": "Feature",
      "properties": {
        "@id": "node/11580475271",
        "leisure": "park",
        "name": "gandi park"
      },
      "geometry": {
        "type": "Point",
        "coordinates": [
          72.8874556,
          19.0976969
        ]
      },
      "id": "node/11580475271"
    },
    {
      "type": "Feature",
      "properties": {
        "@id": "node/11593546305",
        "addr:city": "Mira Road East",
        "addr:district": "Thane",
        "addr:housenumber": "1003",
        "addr:postcode": "401107",
        "addr:street": "Naya Nagar Road",
        "leisure": "park",
        "name": "green garedne",
        "opening_hours": "Mo-Su 08:00-22:00",
        "operator": "naya nagar palika",
        "operator:type": "government"
      },
      "geometry": {
        "type": "Point",
        "coordinates": [
          72.860991,
          19.2836267
        ]
      },
      "id": "node/11593546305"
    },
    {
      "type": "Feature",
      "properties": {
        "@id": "node/11617192265",
        "leisure": "park",
        "name": "sharma park"
      },
      "geometry": {
        "type": "Point",
        "coordinates": [
          72.9185448,
          19.1245536
        ]
      },
      "id": "node/11617192265"
    },
    {
      "type": "Feature",
      "properties": {
        "@id": "node/11617862179",
        "access": "private",
        "charge": "none",
        "fee": "no",
        "garden:type": "residential",
        "leisure": "garden",
        "name": "olympia gardern",
        "opening_hours": "Mo-Fr 09:00-17:00",
        "operator": "yerevan heights",
        "operator:type": "private",
        "payment:none": "yes"
      },
      "geometry": {
        "type": "Point",
        "coordinates": [
          72.9132017,
          19.1191483
        ]
      },
      "id": "node/11617862179"
    },
    {
      "type": "Feature",
      "properties": {
        "@id": "node/11697785011",
        "leisure": "garden",
        "name": "Powai Lake Garden"
      },
      "geometry": {
        "type": "Point",
        "coordinates": [
          72.9033493,
          19.1198038
        ]
      },
      "id": "node/11697785011"
    },
    {
      "type": "Feature",
      "properties": {
        "@id": "node/11698035536",
        "leisure": "park",
        "name": "Powai Vihar Park"
      },
      "geometry": {
        "type": "Point",
        "coordinates": [
          72.9029746,
          19.1171079
        ]
      },
      "id": "node/11698035536"
    },
    {
      "type": "Feature",
      "properties": {
        "@id": "node/11698040029",
        "leisure": "garden",
        "name": "Chandivali Mhada MCGM Garden"
      },
      "geometry": {
        "type": "Point",
        "coordinates": [
          72.8961012,
          19.1128797
        ]
      },
      "id": "node/11698040029"
    },
    {
      "type": "Feature",
      "properties": {
        "@id": "node/11698050929",
        "leisure": "park",
        "name": "Elder's Park"
      },
      "geometry": {
        "type": "Point",
        "coordinates": [
          72.8965205,
          19.1136539
        ]
      },
      "id": "node/11698050929"
    },
    {
      "type": "Feature",
      "properties": {
        "@id": "node/11698053163",
        "leisure": "park",
        "name": "Nirvana Park"
      },
      "geometry": {
        "type": "Point",
        "coordinates": [
          72.9118156,
          19.122422
        ]
      },
      "id": "node/11698053163"
    },
    {
      "type": "Feature",
      "properties": {
        "@id": "node/11698053164",
        "leisure": "park",
        "name": "Calisthenics Park"
      },
      "geometry": {
        "type": "Point",
        "coordinates": [
          72.9115582,
          19.1225738
        ]
      },
      "id": "node/11698053164"
    },
    {
      "type": "Feature",
      "properties": {
        "@id": "node/11698060710",
        "leisure": "garden",
        "name": "Hiranandani Gardens"
      },
      "geometry": {
        "type": "Point",
        "coordinates": [
          72.9065475,
          19.1194394
        ]
      },
      "id": "node/11698060710"
    },
    {
      "type": "Feature",
      "properties": {
        "@id": "node/11716428198",
        "leisure": "park"
      },
      "geometry": {
        "type": "Point",
        "coordinates": [
          72.9279806,
          19.0306442
        ]
      },
      "id": "node/11716428198"
    },
    {
      "type": "Feature",
      "properties": {
        "@id": "node/11716428201",
        "leisure": "park"
      },
      "geometry": {
        "type": "Point",
        "coordinates": [
          72.9301345,
          19.0361659
        ]
      },
      "id": "node/11716428201"
    },
    {
      "type": "Feature",
      "properties": {
        "@id": "node/11716428215",
        "leisure": "park",
        "name": "Kailash Park"
      },
      "geometry": {
        "type": "Point",
        "coordinates": [
          72.9192072,
          19.0383568
        ]
      },
      "id": "node/11716428215"
    },
    {
      "type": "Feature",
      "properties": {
        "@id": "node/11716428219",
        "leisure": "park",
        "name": "Mandakini parks"
      },
      "geometry": {
        "type": "Point",
        "coordinates": [
          72.9184068,
          19.0393065
        ]
      },
      "id": "node/11716428219"
    },
    {
      "type": "Feature",
      "properties": {
        "@id": "node/11716428221",
        "leisure": "park"
      },
      "geometry": {
        "type": "Point",
        "coordinates": [
          72.918424,
          19.0399394
        ]
      },
      "id": "node/11716428221"
    },
    {
      "type": "Feature",
      "properties": {
        "@id": "node/11716428229",
        "leisure": "park"
      },
      "geometry": {
        "type": "Point",
        "coordinates": [
          72.9160731,
          19.0394214
        ]
      },
      "id": "node/11716428229"
    },
    {
      "type": "Feature",
      "properties": {
        "@id": "node/11716428231",
        "leisure": "park"
      },
      "geometry": {
        "type": "Point",
        "coordinates": [
          72.9149724,
          19.0403683
        ]
      },
      "id": "node/11716428231"
    },
    {
      "type": "Feature",
      "properties": {
        "@id": "node/11716428232",
        "leisure": "park"
      },
      "geometry": {
        "type": "Point",
        "coordinates": [
          72.9157041,
          19.0406807
        ]
      },
      "id": "node/11716428232"
    },
    {
      "type": "Feature",
      "properties": {
        "@id": "node/11716428234",
        "leisure": "park"
      },
      "geometry": {
        "type": "Point",
        "coordinates": [
          72.9142012,
          19.0401117
        ]
      },
      "id": "node/11716428234"
    },
    {
      "type": "Feature",
      "properties": {
        "@id": "node/11915121006",
        "addr:city": "Malad",
        "addr:district": "Mumbai Subarban",
        "addr:postcode": "400097",
        "leisure": "park",
        "name": "Pathanwadi Muncipal Park"
      },
      "geometry": {
        "type": "Point",
        "coordinates": [
          72.8632299,
          19.1777161
        ]
      },
      "id": "node/11915121006"
    },
    {
      "type": "Feature",
      "properties": {
        "@id": "node/12118365999",
        "addr:city": "Mira-Bhayander",
        "addr:district": "Mumbai",
        "addr:housenumber": "Sasupada",
        "addr:postcode": "401107",
        "addr:street": "NH8, Sasunavghar, Navghar",
        "description": "Below 12yo - 50 INR\nAbove 12yo - 94 INR",
        "leisure": "park",
        "name": "SGNP: Nagla Block",
        "opening_hours": "Mo-Su 05:00-19:00",
        "operator": "Maharashtra Forest Department",
        "operator:type": "government"
      },
      "geometry": {
        "type": "Point",
        "coordinates": [
          72.9074352,
          19.2983918
        ]
      },
      "id": "node/12118365999"
    },
    {
      "type": "Feature",
      "properties": {
        "@id": "node/12129177281",
        "leisure": "park"
      },
      "geometry": {
        "type": "Point",
        "coordinates": [
          72.8271356,
          18.9757797
        ]
      },
      "id": "node/12129177281"
    },
    {
      "type": "Feature",
      "properties": {
        "@id": "node/12129177282",
        "leisure": "park"
      },
      "geometry": {
        "type": "Point",
        "coordinates": [
          72.8228843,
          18.9697816
        ]
      },
      "id": "node/12129177282"
    },
    {
      "type": "Feature",
      "properties": {
        "@id": "node/12185920276",
        "access": "yes",
        "addr:city": "Kalyan-Dombivli",
        "addr:district": "THANE",
        "addr:housenumber": "rotary park",
        "addr:postcode": "421201",
        "addr:street": "nanasaheb dharmadikari marg",
        "description": "park",
        "leisure": "park",
        "name": "rotary park",
        "opening_hours": "24/7",
        "operator": "rotary",
        "operator:type": "public"
      },
      "geometry": {
        "type": "Point",
        "coordinates": [
          73.103121,
          19.2246909
        ]
      },
      "id": "node/12185920276"
    },
    {
      "type": "Feature",
      "properties": {
        "@id": "node/12185920278",
        "leisure": "park",
        "loc_name": "ROTARY PARK",
        "name": "ROTARY PARK",
        "opening_hours": "Mo-Fr 10:00-20:00,Sat-su 12:00-15:00"
      },
      "geometry": {
        "type": "Point",
        "coordinates": [
          73.1037473,
          19.2131075
        ]
      },
      "id": "node/12185920278"
    },
    {
      "type": "Feature",
      "properties": {
        "@id": "node/12222194221",
        "leisure": "park",
        "opening_hours": "Mo-Su 09:00-21:00",
        "operator": "FOREST",
        "operator:type": "government"
      },
      "geometry": {
        "type": "Point",
        "coordinates": [
          72.8864507,
          19.1015804
        ]
      },
      "id": "node/12222194221"
    },
    {
      "type": "Feature",
      "properties": {
        "@id": "node/12238341882",
        "addr:city": "Thane",
        "addr:district": "Thane",
        "addr:postcode": "400607",
        "addr:street": "Central Avenue",
        "dog": "yes",
        "leisure": "park",
        "name": "Children's Garden",
        "opening_hours": "Mo-Su 09:00-18:00"
      },
      "geometry": {
        "type": "Point",
        "coordinates": [
          72.9845963,
          19.2569892
        ]
      },
      "id": "node/12238341882"
    },
    {
      "type": "Feature",
      "properties": {
        "@id": "node/12394169110",
        "addr:city": "Mumbai",
        "addr:district": "Goregaon",
        "addr:housenumber": "NH8",
        "addr:postcode": "400065",
        "addr:street": "Arjuna Camp, SRPF GROUDS, NH8, Goregaon, Mumbai, Maharashtra",
        "description": "Indian School of Calisthenics (ISC) in Goregaon, Mumbai – your gateway to innovative Calisthenics and Fitness training.",
        "leisure": "park",
        "name": "Indian School of Calisthenics Park",
        "opening_hours": "06:00 am- 10:00 am, 05:00 pm -10:00 pm (Monday to Saturday)",
        "operator": "ISC",
        "operator:type": "public",
        "phone": "7710944547",
        "website": "https://indianschoolofcalisthenics.com/"
      },
      "geometry": {
        "type": "Point",
        "coordinates": [
          72.8624328,
          19.1451735
        ]
      },
      "id": "node/12394169110"
    },
    {
      "type": "Feature",
      "properties": {
        "@id": "node/12395567502",
        "addr:city": "Dombivali",
        "addr:district": "THANE",
        "addr:postcode": "421201",
        "addr:street": "NAVPADA RD",
        "alt_name": "CHILDRENS PARK",
        "dog": "yes",
        "leisure": "park",
        "name": "NETAJI SUBHASH CHANDRA BOSE PARK",
        "opening_hours": "Mo-Sa 08:00-12:00,16:00-22:00 PH OFF",
        "smoking": "no",
        "source": "LOCAL KNOWLEDGE"
      },
      "geometry": {
        "type": "Point",
        "coordinates": [
          73.1003631,
          19.2228081
        ]
      },
      "id": "node/12395567502"
    },
    {
      "type": "Feature",
      "properties": {
        "@id": "node/12400166321",
        "access": "yes",
        "addr:city": "Mumbai",
        "addr:housenumber": "1",
        "addr:postcode": "400092",
        "addr:street": "vazira",
        "dog": "yes",
        "leisure": "park",
        "name": "butterfly garden",
        "opening_hours": "Mo-Su 09:00-21:00"
      },
      "geometry": {
        "type": "Point",
        "coordinates": [
          72.8398763,
          19.2252401
        ]
      },
      "id": "node/12400166321"
    },
    {
      "type": "Feature",
      "properties": {
        "@id": "node/12415396507",
        "access": "yes",
        "addr:city": "Kalyan-Dombivli",
        "addr:district": "THANE",
        "addr:postcode": "421201",
        "addr:street": "90ft Road",
        "leisure": "park",
        "loc_name": "JK SPORTS TURF",
        "name": "JK SPORTS PARK",
        "opening_hours": "Mo-Su 07:00-21:00"
      },
      "geometry": {
        "type": "Point",
        "coordinates": [
          73.1044822,
          19.2213972
        ]
      },
      "id": "node/12415396507"
    },
    {
      "type": "Feature",
      "properties": {
        "@id": "node/12415461271",
        "addr:city": "santacruz mumbai",
        "addr:housenumber": "7th",
        "addr:postcode": "400055",
        "addr:street": "Road No 7",
        "leisure": "park",
        "name": "NSm park",
        "opening_hours": "Mo-Sa 08:00-18:00"
      },
      "geometry": {
        "type": "Point",
        "coordinates": [
          72.8429839,
          19.0748427
        ]
      },
      "id": "node/12415461271"
    },
    {
      "type": "Feature",
      "properties": {
        "@id": "node/12483993342",
        "leisure": "park",
        "name": "sadiya"
      },
      "geometry": {
        "type": "Point",
        "coordinates": [
          72.8268608,
          18.9678331
        ]
      },
      "id": "node/12483993342"
    },
    {
      "type": "Feature",
      "properties": {
        "@id": "node/12535576373",
        "leisure": "park"
      },
      "geometry": {
        "type": "Point",
        "coordinates": [
          72.8266737,
          18.9678203
        ]
      },
      "id": "node/12535576373"
    },
    {
      "type": "Feature",
      "properties": {
        "@id": "node/12536558507",
        "addr:city": "Mumbai",
        "addr:district": "MUMBAI",
        "addr:housenumber": "201",
        "addr:postcode": "400102",
        "addr:street": "Station Road",
        "leisure": "park",
        "name": "jogeshwari park"
      },
      "geometry": {
        "type": "Point",
        "coordinates": [
          72.8474338,
          19.1349659
        ]
      },
      "id": "node/12536558507"
    },
    {
      "type": "Feature",
      "properties": {
        "@id": "node/12536558508",
        "addr:city": "Mumbai",
        "addr:district": "MUMBAI",
        "addr:postcode": "400060",
        "addr:street": "Station Road",
        "leisure": "park",
        "name": "jogeshwari park"
      },
      "geometry": {
        "type": "Point",
        "coordinates": [
          72.8480475,
          19.1342706
        ]
      },
      "id": "node/12536558508"
    },
    {
      "type": "Feature",
      "properties": {
        "@id": "node/12545681152",
        "leisure": "park",
        "name": "Park",
        "operator": "local",
        "operator:type": "public"
      },
      "geometry": {
        "type": "Point",
        "coordinates": [
          72.8553827,
          19.3044372
        ]
      },
      "id": "node/12545681152"
    },
    {
      "type": "Feature",
      "properties": {
        "@id": "node/12545700253",
        "leisure": "park",
        "name": "Veer savarker garden",
        "operator": "local",
        "operator:type": "public"
      },
      "geometry": {
        "type": "Point",
        "coordinates": [
          72.8542262,
          19.3081554
        ]
      },
      "id": "node/12545700253"
    },
    {
      "type": "Feature",
      "properties": {
        "@id": "node/12548067913",
        "leisure": "park"
      },
      "geometry": {
        "type": "Point",
        "coordinates": [
          72.9793399,
          19.2585478
        ]
      },
      "id": "node/12548067913"
    },
    {
      "type": "Feature",
      "properties": {
        "@id": "node/12548067914",
        "addr:city": "Thane",
        "addr:district": "Thane",
        "addr:housenumber": "Fortuna, Hiranandani Estate",
        "addr:postcode": "400607",
        "addr:street": "Ghodbunder Road",
        "leisure": "park",
        "name": "Reserved Park next to Fortuna",
        "note": "Restricted Access",
        "opening_hours": "Mo-Fr 08:00-18:00"
      },
      "geometry": {
        "type": "Point",
        "coordinates": [
          72.9840406,
          19.2564988
        ]
      },
      "id": "node/12548067914"
    },
    {
      "type": "Feature",
      "properties": {
        "@id": "node/12549082344",
        "leisure": "park",
        "name": "Garden",
        "operator": "local",
        "operator:type": "public"
      },
      "geometry": {
        "type": "Point",
        "coordinates": [
          72.8539415,
          19.3081888
        ]
      },
      "id": "node/12549082344"
    },
    {
      "type": "Feature",
      "properties": {
        "@id": "node/12551160030",
        "leisure": "park",
        "name": "KGG"
      },
      "geometry": {
        "type": "Point",
        "coordinates": [
          72.8625755,
          19.2111117
        ]
      },
      "id": "node/12551160030"
    },
    {
      "type": "Feature",
      "properties": {
        "@id": "node/12553306857",
        "addr:city": "mumbai",
        "addr:district": "mumbai",
        "addr:housenumber": "123",
        "addr:postcode": "400079",
        "addr:street": "jsw street",
        "leisure": "park",
        "name": "village park",
        "opening_hours": "Mo-Su 09:00-21:00"
      },
      "geometry": {
        "type": "Point",
        "coordinates": [
          72.9335928,
          19.24673
        ]
      },
      "id": "node/12553306857"
    },
    {
      "type": "Feature",
      "properties": {
        "@id": "node/12555154639",
        "leisure": "park"
      },
      "geometry": {
        "type": "Point",
        "coordinates": [
          72.84816,
          18.9984079
        ]
      },
      "id": "node/12555154639"
    },
    {
      "type": "Feature",
      "properties": {
        "@id": "node/12555158943",
        "access": "permissive",
        "addr:city": "Mumbai",
        "addr:district": "mumbai",
        "addr:postcode": "400011",
        "addr:street": "YMCA Road",
        "alt_name": "swaib",
        "dog": "yes",
        "email": "ansariswaiba2008@gamil.com",
        "leisure": "park",
        "mobile": "1234567890",
        "name": "YMCA Ground",
        "opening_hours": "Mo-Su 09:00-21:00",
        "operator": "rakesh",
        "operator:type": "private"
      },
      "geometry": {
        "type": "Point",
        "coordinates": [
          72.8246266,
          18.9721466
        ]
      },
      "id": "node/12555158943"
    },
    {
      "type": "Feature",
      "properties": {
        "@id": "node/12556903121",
        "leisure": "park"
      },
      "geometry": {
        "type": "Point",
        "coordinates": [
          72.8392511,
          19.2026078
        ]
      },
      "id": "node/12556903121"
    },
    {
      "type": "Feature",
      "properties": {
        "@id": "node/12556903122",
        "addr:city": "Kandivali (West)",
        "addr:district": "mumbai",
        "addr:postcode": "400067",
        "addr:street": "Mathurdas Extension Road",
        "dog": "leashed",
        "leisure": "park",
        "name": "Vijay Park",
        "opening_hours": "Mo-Sa 08:00-18:00",
        "smoking": "isolated"
      },
      "geometry": {
        "type": "Point",
        "coordinates": [
          72.8390079,
          19.2029182
        ]
      },
      "id": "node/12556903122"
    },
    {
      "type": "Feature",
      "properties": {
        "@id": "node/12558331702",
        "addr:city": "mumbai",
        "addr:district": "maharashtra",
        "addr:housenumber": "345",
        "addr:postcode": "400008",
        "addr:street": "Swadeshi Mill Road",
        "dog": "yes",
        "leisure": "park",
        "name": "sasuri aden park",
        "note": "do not liter the place , use dust bin",
        "official_name": "sasuri",
        "opening_hours": "Mo-Fr 09:00-17:00",
        "operator": "play ground",
        "operator:type": "public",
        "smoking": "no"
      },
      "geometry": {
        "type": "Point",
        "coordinates": [
          72.8723615,
          19.0607059
        ]
      },
      "id": "node/12558331702"
    },
    {
      "type": "Feature",
      "properties": {
        "@id": "node/12564732270",
        "addr:city": "East Mumbai",
        "addr:district": "maharashtra",
        "addr:housenumber": "82",
        "addr:postcode": "400008",
        "addr:street": "M Sethi Marg",
        "dog": "no",
        "leisure": "park",
        "name": "kalingana park",
        "opening_hours": "Mo-Su 09:00-21:00",
        "operator": "execersice place",
        "operator:type": "public"
      },
      "geometry": {
        "type": "Point",
        "coordinates": [
          72.8205251,
          18.9697183
        ]
      },
      "id": "node/12564732270"
    },
    {
      "type": "Feature",
      "properties": {
        "@id": "node/12593015179",
        "leisure": "park"
      },
      "geometry": {
        "type": "Point",
        "coordinates": [
          72.9148398,
          19.0507655
        ]
      },
      "id": "node/12593015179"
    },
    {
      "type": "Feature",
      "properties": {
        "@id": "node/12593492544",
        "leisure": "garden",
        "name": "Samarth Garden"
      },
      "geometry": {
        "type": "Point",
        "coordinates": [
          72.9746302,
          19.2331944
        ]
      },
      "id": "node/12593492544"
    },
    {
      "type": "Feature",
      "properties": {
        "@id": "node/12593646435",
        "building": "arya 5",
        "leisure": "park"
      },
      "geometry": {
        "type": "Point",
        "coordinates": [
          72.9134881,
          19.0501079
        ]
      },
      "id": "node/12593646435"
    },
    {
      "type": "Feature",
      "properties": {
        "@id": "node/12596275799",
        "leisure": "park",
        "name": "LION STATUE"
      },
      "geometry": {
        "type": "Point",
        "coordinates": [
          72.9955464,
          19.0835162
        ]
      },
      "id": "node/12596275799"
    },
    {
      "type": "Feature",
      "properties": {
        "@id": "node/12596290690",
        "leisure": "park",
        "name": "YULU E BIKE PARKING"
      },
      "geometry": {
        "type": "Point",
        "coordinates": [
          72.9955845,
          19.0835311
        ]
      },
      "id": "node/12596290690"
    },
    {
      "type": "Feature",
      "properties": {
        "@id": "node/12596331941",
        "leisure": "park",
        "name": "ELEPHANT SLIDE"
      },
      "geometry": {
        "type": "Point",
        "coordinates": [
          73.0075713,
          19.0965122
        ]
      },
      "id": "node/12596331941"
    },
    {
      "type": "Feature",
      "properties": {
        "@id": "node/12596333396",
        "leisure": "park",
        "name": "OPEN GYMNASIUM"
      },
      "geometry": {
        "type": "Point",
        "coordinates": [
          73.0075972,
          19.0963352
        ]
      },
      "id": "node/12596333396"
    },
    {
      "type": "Feature",
      "properties": {
        "@id": "node/12596333397",
        "leisure": "park",
        "name": "REST PLACE SHED"
      },
      "geometry": {
        "type": "Point",
        "coordinates": [
          73.0075972,
          19.0963129
        ]
      },
      "id": "node/12596333397"
    },
    {
      "type": "Feature",
      "properties": {
        "@id": "node/12811625891",
        "leisure": "garden",
        "name": "Laal Otta"
      },
      "geometry": {
        "type": "Point",
        "coordinates": [
          72.8540746,
          19.0475742
        ]
      },
      "id": "node/12811625891"
    },
    {
      "type": "Feature",
      "properties": {
        "@id": "node/12811681070",
        "garden:type": "community",
        "leisure": "garden",
        "name": "Jai Machindranath Mitra Mandal"
      },
      "geometry": {
        "type": "Point",
        "coordinates": [
          72.8539648,
          19.0479764
        ]
      },
      "id": "node/12811681070"
    },
    {
      "type": "Feature",
      "properties": {
        "@id": "node/12866540575",
        "fee": "no",
        "leisure": "garden",
        "name": "Nakshatra Garden",
        "operator": "Somaiya Vidyavihar"
      },
      "geometry": {
        "type": "Point",
        "coordinates": [
          72.8980205,
          19.0723159
        ]
      },
      "id": "node/12866540575"
    },
    {
      "type": "Feature",
      "properties": {
        "@id": "node/12878347456",
        "addr:city": "Bhiwandi",
        "addr:district": "Thane",
        "addr:postcode": "421302",
        "addr:street": "Kariwali Village",
        "leisure": "park",
        "name": "Patil's Farm Kariwali"
      },
      "geometry": {
        "type": "Point",
        "coordinates": [
          73.0420895,
          19.3006566
        ]
      },
      "id": "node/12878347456"
    },
    {
      "type": "Feature",
      "properties": {
        "@id": "node/13041186602",
        "leisure": "park",
        "name": "Meenatai Thackrey Garden",
        "name:mr": "मीनाताई ठाकरे उद्यान",
        "opening_hours": "Mo-Su 05:00-13:00, 16:00-21:00"
      },
      "geometry": {
        "type": "Point",
        "coordinates": [
          72.8631178,
          19.242538
        ]
      },
      "id": "node/13041186602"
    },
    {
      "type": "Feature",
      "properties": {
        "@id": "node/13088720351",
        "leisure": "park",
        "name": "park",
        "opening_hours": "Mo-Su 09:00-21:00"
      },
      "geometry": {
        "type": "Point",
        "coordinates": [
          72.8618616,
          19.1099537
        ]
      },
      "id": "node/13088720351"
    },
    {
      "type": "Feature",
      "properties": {
        "@id": "node/13094272850",
        "leisure": "park",
        "name": "Guru Nanak Park"
      },
      "geometry": {
        "type": "Point",
        "coordinates": [
          72.8387942,
          19.1605476
        ]
      },
      "id": "node/13094272850"
    },
    {
      "type": "Feature",
      "properties": {
        "@id": "node/13277208460",
        "addr:city": "Vashi, Navi Mumbai",
        "addr:district": "thane",
        "addr:postcode": "400703",
        "addr:street": "Sector 29 Vashi Road",
        "dog": "yes",
        "leisure": "park",
        "name": "rajiv gandhi udyan"
      },
      "geometry": {
        "type": "Point",
        "coordinates": [
          73.0054328,
          19.0870758
        ]
      },
      "id": "node/13277208460"
    },
    {
      "type": "Feature",
      "properties": {
        "@id": "node/13352965912",
        "access": "yes",
        "addr:city": "Mumbai",
        "addr:district": "Mumbai Suburban",
        "addr:postcode": "400060",
        "addr:street": "Service Road",
        "leisure": "park",
        "name": "Rajaram Garden",
        "opening_hours": "Mo-Su 06:00-10:00AM Mo-Su 06:00-10:00PM"
      },
      "geometry": {
        "type": "Point",
        "coordinates": [
          72.8545331,
          19.1361088
        ]
      },
      "id": "node/13352965912"
    },
    {
      "type": "Feature",
      "properties": {
        "@id": "node/13354934206",
        "access": "private",
        "garden:type": "residential",
        "leisure": "garden",
        "name": "CosnosParadiseGarden"
      },
      "geometry": {
        "type": "Point",
        "coordinates": [
          72.95913,
          19.2166219
        ]
      },
      "id": "node/13354934206"
    },
    {
      "type": "Feature",
      "properties": {
        "@id": "node/13382704050",
        "access": "yes",
        "leisure": "park",
        "name": "Orion Park",
        "operator": "Vijay Orion"
      },
      "geometry": {
        "type": "Point",
        "coordinates": [
          72.9814605,
          19.2605579
        ]
      },
      "id": "node/13382704050"
    },
    {
      "type": "Feature",
      "properties": {
        "@id": "node/13426728737",
        "addr:city": "Mumbai",
        "addr:postcode": "400103",
        "addr:street": "I C Colony Cross Road No 5 near 206 last bus stop",
        "leisure": "park",
        "name": "Fish Park",
        "opening_hours": "Mo-Su 06:00-22:00"
      },
      "geometry": {
        "type": "Point",
        "coordinates": [
          72.8462259,
          19.2487165
        ]
      },
      "id": "node/13426728737"
    },
    {
      "type": "Feature",
      "properties": {
        "@id": "node/13506262075",
        "addr:city": "Mumbai",
        "addr:postcode": "400030",
        "addr:street": "Mumbai Coastal Road",
        "leisure": "park",
        "name": "Worli Dome"
      },
      "geometry": {
        "type": "Point",
        "coordinates": [
          72.8136484,
          19.0072191
        ]
      },
      "id": "node/13506262075"
    },
    {
      "type": "Feature",
      "properties": {
        "@id": "node/13520234345",
        "leisure": "park"
      },
      "geometry": {
        "type": "Point",
        "coordinates": [
          72.8707721,
          19.2302786
        ]
      },
      "id": "node/13520234345"
    },
    {
      "type": "Feature",
      "properties": {
        "@id": "node/13520508080",
        "access": "yes",
        "garden:type": "community",
        "leisure": "garden",
        "name": "nm",
        "opening_hours": "24/7"
      },
      "geometry": {
        "type": "Point",
        "coordinates": [
          72.9015718,
          19.1134018
        ]
      },
      "id": "node/13520508080"
    },
    {
      "type": "Feature",
      "properties": {
        "@id": "node/13664329601",
        "leisure": "park",
        "name": "Garden"
      },
      "geometry": {
        "type": "Point",
        "coordinates": [
          73.0805256,
          19.2237205
        ]
      },
      "id": "node/13664329601"
    },
    {
      "type": "Feature",
      "properties": {
        "@id": "node/13971018327",
        "leisure": "park"
      },
      "geometry": {
        "type": "Point",
        "coordinates": [
          72.9407145,
          19.1562036
        ]
      },
      "id": "node/13971018327"
    },
    {
      "type": "Feature",
      "properties": {
        "@id": "node/13971018329",
        "addr:city": "Mumbai",
        "addr:district": "Maharashtra",
        "addr:housenumber": "Srishti Pride",
        "addr:postcode": "400078",
        "addr:street": "Datta Mandir Rd",
        "leisure": "park",
        "name": "Srishti Walk Track",
        "opening_hours": "24/7",
        "operator": "Srishti Pride",
        "operator:type": "privatep"
      },
      "geometry": {
        "type": "Point",
        "coordinates": [
          72.9407424,
          19.1562239
        ]
      },
      "id": "node/13971018329"
    },
    {
      "type": "Feature",
      "properties": {
        "@id": "node/14078158363",
        "leisure": "park",
        "name": "Annabhau Sathe Udyan"
      },
      "geometry": {
        "type": "Point",
        "coordinates": [
          72.9806216,
          19.1808842
        ]
      },
      "id": "node/14078158363"
    }
  ]
}